{
  "text": "Performance Tests, Standards, and Ratings, in General \n \na) \nPerformance tests and standards.  The Secretary assesses the ILCRA performance \nof a bank in an examination as follows: \n \n1) \nLending, investment, and service tests.  The Secretary applies the \nassessment factors, as provided in Section 345.200, and lending, \ninvestment, and service tests, as provided in",
  "metadata": {
    "site_url": "https://ilga.gov/commission/jcar/admincode/038/03800345sections.html",
    "code_title": "Illinois Administrative Code Title 38",
    "chapter_number": "Section 345.210"
  }
}