{
  "text": "Small Bank Performance Standards \n \na) \nPerformance criteria.  \n \n1) \nSmall banks that are not intermediate small banks.  The Secretary \nevaluates the record of a small bank that is not, or that was not during the \nprior calendar year, an intermediate small bank, of helping to meet the \ncredit needs of its assessment area by considering the assessment factors \nin",
  "metadata": {
    "site_url": "https://ilga.gov/commission/jcar/admincode/038/03800345sections.html",
    "code_title": "Illinois Administrative Code Title 38",
    "chapter_number": "Section 345.260"
  }
}