{
  "text": "and pursuant to the following criteria: \n \n1) \nThe extent to which the bank provides community development services; \nand \n \n2) \nThe innovativeness and responsiveness of community development \nservices. \n \nf) \nService performance rating.  The Secretary rates a bank's service performance as \nprovided in Section 345.APPENDIX A. \nDFPR \n38 ILLINOIS ADMINISTRATIVE CODE 345 \n345.250",
  "metadata": {
    "site_url": "https://ilga.gov/commission/jcar/admincode/038/03800345sections.html",
    "code_title": "Illinois Administrative Code Title 38",
    "chapter_number": "Section \n345.200"
  }
}