{
  "text": "Implementation Period \n \na) \nBanks with total assets of $391,000,000 or more shall comply with this Part by \nFebruary 1, 2025.  \n \nb) \nBanks with total assets of less than $391,000,000 shall comply with this Part by \nAugust 1, 2025. \n \nc) \nThe Secretary may conduct an examination at any time upon finding: \n \n1) \na bank's primary federal financial supervisory agency has rated the bank, \nas of its most recent examination, in \"substantial noncompliance\" with the \nfederal Community Reinvestment Act; \n \n2) \nsubstantial evidence of discriminatory or other illegal credit practices; or  \n \n3) \nthe Secretary otherwise finds sufficient cause. \n \nd) \nFor purposes of Section 345.470, with regard to the timing of the initial \nexamination of a bank under ILCRA, the \"most recent prior exam under the \nILCRA\" shall be read as the most recent examination under the federal \nCommunity Reinvestment Act. \nDFPR \n38 ILLINOIS ADMINISTRATIVE CODE 345 \n345.500",
  "metadata": {
    "site_url": "https://ilga.gov/commission/jcar/admincode/038/03800345sections.html",
    "code_title": "Illinois Administrative Code Title 38",
    "chapter_number": "Section 345.490"
  }
}