{
  "text": "Examination Frequency and Coordination \n \na) \nSubject to the provisions of this Section, the Secretary shall conduct examinations \nunder the ILCRA or this Part in coordination with a bank's primary federal \nfinancial supervisory agency. \n \nb) \nInitial ILCRA examinations of banks shall be conducted according to the \nfollowing schedule. \n \n1) \nInitial ILCRA examinations of banks with total assets of $1 billion or \nmore, as shown by its Year-end Call Report, shall not be conducted until \nat least February 1, 2025 and shall be conducted within three years.  \n \n2) \nInitial ILCRA examinations of banks with total assets of $391,000,000 to \nless than $1 billion, as shown by its Year-end Call Report, shall not be \nconducted until at least February 1, 2025 and shall be conducted within \nfour years. \n \n3) \nInitial ILCRA examinations of banks with total assets of $10,000,000 but \nless than $391,000,000, as shown by its Year-end Call Report, shall not be \nconducted until at least August 1, 2025 and shall be conducted within five \nyears. \n \n4) \nInitial ILCRA examinations of banks with total assets of less than \n$10,000,000, as shown by its Year-end Call Report, shall not be conducted \nuntil at least August 1, 2025 and shall be conducted within six years. \n \nc) \nFor banks with total assets greater than $391 million, and notwithstanding \nsubsection (a), the Secretary shall conduct examinations under the ILCRA with \nthe following frequency: \n \n1) \nFor a bank that is assigned an \"outstanding\" or \"satisfactory\" rating in its \nmost recent prior examination under the ILCRA, the next examination \nshall be initiated within three years of the issuance of the report of \nexamination of its most recent prior examination under the ILCRA.  \n \n2) \nFor a bank that is assigned a \"needs to improve\" rating in its most recent \nprior examination under the ILCRA, the next examination shall be \ninitiated within two years of the issuance of the report of examination of \nits most recent prior examination under the ILCRA. \n \nDFPR \n38 ILLINOIS ADMINISTRATIVE CODE 345 \n345.470 \n \n \n3) \nFor a bank that is assigned a \"substantial noncompliance\" rating in its \nmost recent prior examination under the ILCRA, the next examination \nshall be initiated within one year of the issuance of the report of \nexamination of its most recent prior examination under the ILCRA. \n \nd) \nFor banks with total assets of $391 million or less, and notwithstanding \nsubsection (a), the Secretary shall conduct examinations under the ILCRA with \nthe following frequency: \n \n1) \nFor a bank that is assigned an \"outstanding\" rating in its most recent prior \nexamination under the ILCRA, the next examination shall be initiated \nwithin five years of the issuance of the report of examination of its most \nrecent prior examination under the ILCRA. \n \n2) \nFor a bank that is assigned a \"satisfactory\" rating in its most recent prior \nexamination under the ILCRA, the next examination shall be initiated \nwithin four years of the issuance of the report of examination of its most \nrecent prior examination under the ILCRA. \n \n3) \nFor a bank that is assigned a \"needs to improve\" rating in its most recent \nprior examination under the ILCRA, the next examination shall be \ninitiated within two years of the issuance of the report of examination of \nits most recent prior examination under the ILCRA. \n \n4) \nFor a bank that is assigned \"substantial noncompliance\" rating in its most \nrecent prior examination under the ILCRA, the next examination shall be \ninitiated within one year of the issuance of the report of examination of its \nmost recent prior examination under the ILCRA. \n \ne) \nNotwithstanding the provisions of this Section, the Secretary may: \n \n1) \nconduct an examination at any time upon finding: \n \nA) \na bank's primary federal financial supervisory agency has rated the \nbank, as of its most recent examination, in \"substantial \nnoncompliance\" with the federal Community Reinvestment Act; \n \nB) \nsubstantial evidence of discriminatory or other illegal credit \npractices; or  \n \nC) \nthe Secretary otherwise finds sufficient cause; or \n \nDFPR \n38 ILLINOIS ADMINISTRATIVE CODE 345 \n345.470 \n \n \n2) \nnotwithstanding subsections (b)(1) and (c)(1), extend by one year the time \nbetween examination of any bank or banks with an \"outstanding\" or \n\"satisfactory\" rating if the Secretary finds that an extension is necessitated \nby: \n \nA) \nthe need to examine or investigate a bank or banks with a \"needs to \nimprove\" or \"substantial noncompliance\" rating; or \n \nB) \nthe need to examine or investigate a bank or banks showing \nsubstantial evidence of illegal credit practices. \n \nf) \nNotwithstanding any other provision of this Section, the Secretary may examine a \nbank at any time as authorized by the ILCRA.  In the case of an examination \npursuant to this Section 345.470(d)(1), the procedures in Section 345.450(b)-(j) \nshall not apply. \n \ng) \nFor purposes of this Section, a bank's total assets shall be as reported on the \nbank's Consolidated Report of Condition and Income contemporaneous with the \nbank's most recent prior examination.  \nDFPR \n38 ILLINOIS ADMINISTRATIVE CODE 345 \n345.480",
  "metadata": {
    "site_url": "https://ilga.gov/commission/jcar/admincode/038/03800345sections.html",
    "code_title": "Illinois Administrative Code Title 38",
    "chapter_number": "Section 345.470"
  }
}