{
  "text": "Assigned Ratings \n \na) \nRatings in general.  Subject to subsections (b) and (c), the Secretary assigns to a \nbank a rating of \"outstanding\", \"satisfactory\", \"needs to improve\", or \"substantial \nnoncompliance\" based on the bank's performance under the lending, investment \nand service tests, the community development test, the small bank performance \nstandards, or an approved strategic plan, as applicable. \n \nb) \nLending, investment, and service tests.  The Secretary assigns a rating for a bank \nassessed under the lending, investment, and service tests in accordance with the \nfollowing principles: \n \n1) \nA bank that receives an \"outstanding\" rating on the lending test receives \nan assigned rating of at least \"satisfactory\"; \n \n2) \nA bank that receives an \"outstanding\" rating on both the service test and \nthe investment test and a rating of at least \"high satisfactory\" on the \nlending test receives an assigned rating of \"outstanding\"; and \n \n3) \nNo bank may receive an assigned rating of \"satisfactory\" or higher unless \nit receives a rating of at least \"low satisfactory\" on the lending test. \n \nc) \nEffect of evidence of discriminatory or other illegal credit practices. \n \n1) \nThe Secretary's evaluation of a bank's ILCRA performance is adversely \naffected by evidence of discriminatory or other illegal credit practices in \nany geography by the bank or in any assessment area by any affiliate \nwhose loans have been considered as part of the bank's lending \nperformance. In connection with any type of lending activity described in \nSection 345.220(a), evidence of discriminatory or other credit practices \nthat violate an applicable law, rule, or regulation includes, but is not \nlimited to: \n \nA) \nDiscrimination against applicants on a prohibited basis in \nviolation, for example, of the Equal Credit Opportunity Act (15 \nU.S.C. 1691-1691f) or the Fair Housing Act (42 U.S.C. 3601-19), \nincluding, for example, relying on or giving force or effect to \ndiscriminatory appraisals to deny loan applications where the \ncovered financial institution knew or should have known of the \ndiscrimination; \n \nDFPR \n38 ILLINOIS ADMINISTRATIVE CODE 345 \n345.280 \n \n \nB) \nViolations of the Home Ownership and Equity Protection Act (15 \nU.S.C. 1639 and 1648); \n \nC) \nViolations of section 5 of the Federal Trade Commission Act (15 \nU.S.C. 45); \n \nD) \nViolations of section 8 of the Real Estate Settlement Procedures \nAct (12 U.S.C. 2607);  \n \nE) \nViolations of the Truth in Lending Act provisions regarding a \nconsumer's right of rescission (15 U.S.C. 1635);  \n \nF) \nViolations of Article 4 (Financial Credit) of the Illinois Human \nRights Act [775 ILCS 5/Art. 4]; \n \nG) \nViolations of the Illinois High Risk Home Loan Act [815 ILCS \n137]; and  \n \nH) \nViolations of the Illinois Fairness in Lending Act [815 ILCS 120]. \n \n2) \nIn determining the effect of evidence of practices described in subsection \n(c)(1) on the bank's assigned rating, the Secretary considers the nature, \nextent, and strength of the evidence of the practices; the policies and \nprocedures that the bank (or affiliate, as applicable) has in place to prevent \nthe practices; any corrective action that the bank (or affiliate, as \napplicable) has taken or has committed to take, including voluntary \ncorrective action resulting from self-assessment; and any other relevant \ninformation. \nDFPR \n38 ILLINOIS ADMINISTRATIVE CODE 345 \n345.290",
  "metadata": {
    "site_url": "https://ilga.gov/commission/jcar/admincode/038/03800345sections.html",
    "code_title": "Illinois Administrative Code Title 38",
    "chapter_number": "Section 345.280"
  }
}