{
  "text": "Service Test \n \na) \nScope of test.  The service test evaluates a bank's record of helping to meet the \ncredit needs of its assessment area by analyzing both the availability and \neffectiveness of a bank's systems for delivering retail banking services and the \nextent and innovativeness of its community development services. \n \nb) \nArea benefited.  Community development services must benefit a bank's \nassessment area or a broader Statewide or regional area that includes the bank's \nassessment area. \n \nc) \nAffiliate service.  At a bank's option, the Secretary will consider, in its assessment \nof a bank's service performance, a community development service provided by \nan affiliate of the bank, if the community development service is not claimed by \nany other institution and in this regard the bank shall monitor and keep records of \nwhether such claims exist. \n \nd) \nPerformance criteria \u2212 retail banking services.  The Secretary evaluates the \navailability and effectiveness of a bank's systems for delivering retail banking \nservices, considering the assessment factors in",
  "metadata": {
    "site_url": "https://ilga.gov/commission/jcar/admincode/038/03800345sections.html",
    "code_title": "Illinois Administrative Code Title 38",
    "chapter_number": "Section 345.240"
  }
}