{
  "text": "that provide \nprograms, products and services to meet the credit needs of low-income to \nmoderate-income individuals or families; \n \nd) \nOffering products and services targeted to expand access to safe and affordable \nbanking services; \n \ne) \nProvision or support of community development services that directly and \ntangibly benefit the assessment area; \n \nf) \nOffering products and services and/or provision of investments targeted to \ndirectly and tangibly increase climate resilience in low-income to moderate- \nincome neighborhoods; \n \ng) \nOffering products and services and or provision of investments targeted to \ndirectly and tangibly mitigate environmental harm in low-income to moderate- \nincome neighborhoods;  \n \nh) \nOffering products and services and/or the provision of investments targeted to \ndirectly and tangibly mitigate the digital divide in low-income and moderate-\nincome neighborhoods; \n \ni) \nParticipating in Invest in Illinois or other similar state or federal programs which \nhave the primary purpose of community development; \n \nj) \nParticipating in an activity listed on the Office of the Comptroller of the \nCurrency's CRA Illustrative List of Qualifying Activities found on the Office's \nDFPR \n38 ILLINOIS ADMINISTRATIVE CODE 345 \n345.App.C \n \n \nwebsite. The Secretary shall post a link to the Office of the Comptroller of the \nCurrency's CRA Illustrative List of Qualifying Activities on the Department's \nwebsite.",
  "metadata": {
    "site_url": "https://ilga.gov/commission/jcar/admincode/038/03800345sections.html",
    "code_title": "Illinois Administrative Code Title 38",
    "chapter_number": "Section 345.20"
  }
}