{
  "text": "Authority, Purposes, and Scope \n \na) \nThe Illinois Community Reinvestment Act (ILCRA) [205 ILCS 735] authorizes \nthis Part. \n \nb) \nPurposes.  This Part is intended to carry out the purposes of the Illinois \nCommunity Reinvestment Act (ILCRA) by establishing the framework and \ncriteria by which the Secretary assesses the ILCRA record of a bank, as defined \nby Section 345.10. Without limiting the aforementioned purpose, specific \npurposes of this Part include:  \n \n1) \nEstablishment of rules pursuant to Section 35-10(b) of the ILCRA, which \nrequires that this Part incorporate federal rules promulgated under the \nfederal Community Reinvestment Act [12 U.S.C. 2901; see also 12 CFR \n345]. Specifically, Section 35-10(b) of the ILCRA states, in relevant part:  \nTo assist in carrying out this Act, the Secretary shall adopt rules \nincorporating the regulations applicable to covered financial institutions \nunder federal law, and the Secretary may make such adjustments and \nexceptions thereto as are deemed necessary. [205 ILCS 735/35-10(b)] \n \n2) \nAccordingly, this Part: \n \nA) \nmay include references to federal statutes or administrative rules \nestablished pursuant to the federal Community Reinvestment Act; \nand  \n \nB) \nexcept where this Subpart makes adjustments or exceptions to the \nfederal rules established pursuant to the federal Community \nReinvestment Act or where inconsistent with the ILCRA or this \nSubpart, this Subpart shall be construed and interpreted \nconsistently with the appropriate federal financial supervisory \nagency's construction and interpretation of the federal rules.  \n \n3) \nEstablishment of rules as required by Section 35-10(c) of the ILCRA. \n \n4) \nEstablishment of rules as the Secretary may deem appropriate as \nauthorized by the Act under Section 35-15(a), Section 35-35, or otherwise. \nThese rules shall be liberally construed to effectuate their purpose. \n \nc) \nScope. \nDFPR \n38 ILLINOIS ADMINISTRATIVE CODE 345 \n345.10 \n \n \n \n1) \nGeneral. Except for certain special purpose banks described in subsection \n(c)(3), this Part applies to all State banks and savings banks. \n \n2) \nForeign Bank Corporations. In the case of banking offices of a foreign \nbanking corporation, as defined in Section 2 of the Foreign Banking \nOffice Act [205 ILCS 645/2], references in this Part to \"main office\" mean \nthe principal branch within the State and the term \"branch\" or \"branches\" \nrefers to any branch or branches located within the State. The \"assessment \narea\" of a banking office is the community or communities located within \nthe State served by the branch as described in Section 345.400. \n \n3) \nCertain special purpose banks.  This Part does not apply to special purpose \nbanks that do not perform commercial or retail banking services by \ngranting credit to the public in the ordinary course of business, other than \nas incident to their specialized operations. These banks include banker's \nbanks, as defined in Section 5c of the Illinois Banking Act [205 ILCS \n5/5c], and banks that engage only in one or more of the following \nactivities: providing cash management controlled disbursement services or \nserving as correspondent banks, trust companies, or clearing agents. \nDFPR \n38 ILLINOIS ADMINISTRATIVE CODE 345 \n345.20",
  "metadata": {
    "site_url": "https://ilga.gov/commission/jcar/admincode/038/03800345sections.html",
    "code_title": "Illinois Administrative Code Title 38",
    "chapter_number": "Section 345.10"
  }
}