{
  "text": "Investment Test \n \na) \nScope of test.  The investment test evaluates a bank's record of helping to meet \nthe credit needs of its assessment area through qualified investments that benefit \nits assessment area or a broader statewide or regional area that includes the bank's \nassessment area. \n \nb) \nExclusion.  Activities considered under the lending or service tests may not be \nconsidered under the investment test. \n \nc) \nAffiliate investment.  At a bank's option, the Secretary will consider, in its \nassessment of a bank's investment performance, a qualified investment made by \nan affiliate of the bank, if the qualified investment is not claimed by any other \ninstitution.  If a bank has established a foundation, the Secretary will consider, at \nthe bank's option, qualified investments and donations of the foundation if those \ninvestments or donations have the primary purpose of community development. \n \nd) \nDisposition of branch premises.  Donating, selling on favorable terms, or making \navailable on a rent-free basis a branch of the bank that is located in a \npredominantly minority neighborhood to a minority depository institution or \nwomen's depository institution (as these terms are defined in 12 U.S.C. 2907(b)) \nwill be considered as a qualified investment. \n \ne) \nPerformance criteria.  The Secretary evaluates the investment performance of a \nbank considering the assessment factors in",
  "metadata": {
    "site_url": "https://ilga.gov/commission/jcar/admincode/038/03800345sections.html",
    "code_title": "Illinois Administrative Code Title 38",
    "chapter_number": "Section 345.230"
  }
}