{
  "text": "Community Development Test for Wholesale or Limited Purpose Banks \n \na) \nScope of test.  The FDIC assesses a wholesale or limited purpose bank's record of \nhelping to meet the credit needs of its assessment area under the community \ndevelopment test through its community development lending, qualified \ninvestments, or community development services. \n \nb) \nDesignation as a wholesale or limited purpose bank.  In order to receive a \ndesignation as a wholesale or limited purpose bank, a bank shall file a request, in \nwriting, with the Department, at least three months prior to the proposed effective \ndate of the designation. If the Department approves the designation, it remains in \neffect until the bank requests revocation of the designation or until one year after \nthe Department notifies the bank that the Department has revoked the designation \non its own initiative. \n \nc) \nPerformance criteria.  The Secretary evaluates the community development \nperformance of a wholesale or limited purpose bank considering the assessment \nfactors in",
  "metadata": {
    "site_url": "https://ilga.gov/commission/jcar/admincode/038/03800345sections.html",
    "code_title": "Illinois Administrative Code Title 38",
    "chapter_number": "Section 345.250"
  }
}