{
  "text": "Assessment Area Delineation \n \na) \nIn general.  A bank shall delineate one or more assessment areas within which the \nSecretary evaluates the bank's record of helping to meet the credit needs of its \ncommunity. The Secretary does not evaluate the bank's delineation of its \nassessment area as a separate performance criterion, but the Secretary reviews the \ndelineation for compliance with the requirements of this Section. \n \nb) \nGeographic areas for wholesale or limited purpose banks.  The assessment area \nfor a wholesale or limited purpose bank must consist generally of one or more \nMSAs or metropolitan divisions (using the MSA or metropolitan division \nboundaries that were in effect as of January 1 of the calendar year in which the \ndelineation is made) or one or more contiguous political subdivisions, such as \ncounties, cities, or towns, in which the bank has its main office, branches, and \ndeposit-taking Automated Teller Machines (ATMs). \n \nc) \nGeographic areas for other banks.  The assessment area for a bank other than a \nwholesale or limited purpose bank must: \n \n1) \nConsist generally of one or more MSAs or metropolitan divisions (using \nthe MSA or metropolitan division boundaries that were in effect as of \nJanuary 1 of the calendar year in which the delineation is made) or one or \nmore contiguous political subdivisions, such as counties, cities, or towns; \nand \n \n2) \nInclude the geographies in which the bank has its main office, its \nbranches, and its deposit-taking RSFs, as well as the surrounding \ngeographies in which the bank has originated or purchased a substantial \nportion of its loans (including home mortgage loans, small business and \nsmall farm loans, and any other loans the bank chooses, such as those \nconsumer loans on which the bank elects to have its performance \nassessed). \n \nd) \nAdjustments to geographic areas.  A bank may adjust the boundaries of its \nassessment area to include only the portion of a political subdivision that it \nreasonably can be expected to serve. An adjustment is particularly appropriate in \nthe case of an assessment area that otherwise would be extremely large, of \nunusual configuration, or divided by significant geographic barriers. \n \nDFPR \n38 ILLINOIS ADMINISTRATIVE CODE 345 \n345.400 \n \n \ne) \nLimitations on the delineation of an assessment area. Each bank's assessment \narea: \n \n1) \nMust consist only of whole geographies; \n \n2) \nMay not reflect illegal discrimination; \n \n3) \nMay not arbitrarily exclude low- or moderate-income geographies, taking \ninto account the bank's size and financial condition; and \n \n4) \nMay not extend substantially beyond an MSA boundary or beyond a state \nboundary unless the assessment area is located in a multistate MSA. If a \nbank serves a geographic area that extends substantially beyond a state \nboundary, the bank shall delineate separate assessment areas for the areas \nin each state. If a bank serves a geographic area that extends substantially \nbeyond an MSA boundary, the bank shall delineate separate assessment \nareas for the areas inside and outside the MSA. \n \nf) \nBanks serving military personnel.  Notwithstanding the requirements of this \nSection, a bank whose business predominantly consists of serving the needs of \nmilitary personnel or their dependents who are not located within a defined \ngeographic area may delineate its entire deposit customer base as its assessment \narea. \n \ng) \nUse of assessment areas.  The Secretary uses the assessment area delineated by a \nbank in its evaluation of the bank's ILCRA performance unless the Secretary \ndetermines that the assessment areas do not comply with the requirements of this \nSection. \nDFPR \n38 ILLINOIS ADMINISTRATIVE CODE 345 \n345.410",
  "metadata": {
    "site_url": "https://ilga.gov/commission/jcar/admincode/038/03800345sections.html",
    "code_title": "Illinois Administrative Code Title 38",
    "chapter_number": "Section 345.400"
  }
}