{
  "text": "Assessment Area Delineation \n345.410 \nData Collection, Reporting, and Disclosure \n345.420 \nContent and Availability of Public File \n345.430 \nPublic Notice by Banks \n345.440 \nPublication of Planned Examination Schedule \n345.450 \nAlternative Examination Procedures \n345.460 \nExamination Authority and Cooperation \n345.470 \nExamination Frequency and Coordination \n345.480 \nExamination Fees \n345.490 \nImplementation Period \n345.500 \nEnforcement \n \n345.APPENDIX A \nRatings \nDFPR \n38 ILLINOIS ADMINISTRATIVE CODE 345 \n \n \n \n345.APPENDIX B \nILCRA Notice \n345.APPENDIX C \nExamples of Community Development \n \nAUTHORITY:  Implementing and authorized by the Illinois Community Reinvestment Act [205 \nILCS 735]. \n \nSOURCE:  Adopted at 48 Ill. Reg. _______________, effective __________________. \nDFPR \n38 ILLINOIS ADMINISTRATIVE CODE 345 \n345.10 \n \n \n \nSUBPART A:  GENERAL",
  "metadata": {
    "site_url": "https://ilga.gov/commission/jcar/admincode/038/03800345sections.html",
    "code_title": "Illinois Administrative Code Title 38",
    "chapter_number": "Section \n345.400"
  }
}