{
  "text": "and evaluates a plan's measurable goals using \nthe following criteria, as appropriate: \n \nA) \nThe extent and breadth of lending or lending-related activities, \nincluding, as appropriate, the distribution of loans among different \ngeographies, businesses and farms of different sizes, and \nindividuals of different income levels, the extent of community \ndevelopment lending, and the use of innovative or flexible lending \npractices to address credit needs; \n \nB) \nThe amount and innovativeness, complexity, and responsiveness of \nthe bank's qualified investments; and \n \nC) \nThe availability and effectiveness of the bank's systems for \ndelivering retail banking services and the extent and \ninnovativeness of the bank's community development services. \n \nh) \nPlan amendment.  During the term of a plan, a bank may request the Secretary to \napprove an amendment to the plan on grounds that there has been a material \nchange in circumstances. The bank shall develop an amendment to a previously \nDFPR \n38 ILLINOIS ADMINISTRATIVE CODE 345 \n345.270 \n \n \napproved plan in accordance with the public participation requirements of \nsubsection (d). \n \ni) \nPlan assessment.  The Secretary approves the goals and assesses performance \nunder a plan as provided for in Section 345.APPENDIX A. \nDFPR \n38 ILLINOIS ADMINISTRATIVE CODE 345 \n345.280",
  "metadata": {
    "site_url": "https://ilga.gov/commission/jcar/admincode/038/03800345sections.html",
    "code_title": "Illinois Administrative Code Title 38",
    "chapter_number": "Section 345.200"
  }
}