{
  "text": "Lending Test \n \na) \nScope of test. \n \n1) \nThe lending test evaluates a bank's record of helping to meet the credit \nneeds of its assessment area through its lending activities by considering a \nbank's home mortgage, small business, small farm, and community \ndevelopment lending. If consumer lending constitutes a substantial \nmajority of a bank's business, the Secretary will evaluate the bank's \nconsumer lending in one or more of the following categories: motor \nvehicle, credit card, other secured, and other unsecured loans. In addition, \nat a bank's option, the Secretary will evaluate one or more categories of \nconsumer lending, if the bank has collected and maintained, as required in \nSection 345.410(c)(1), the data for each category that the bank elects to \nhave the Secretary evaluate. \n \n2) \nThe Secretary considers originations and initial purchases of loans.  The \nSecretary will also consider any other loan data the bank may choose to \nprovide, including data on loans outstanding, commitments and letters of \ncredit. \n \n3) \nA bank may ask the Secretary to consider loans originated or purchased by \nconsortia in which the bank participates or by third parties in which the \nbank has invested only if the loans meet the definition of community \ndevelopment loans and only in accordance with subsection (d). The \nSecretary will not consider these loans under any criterion of the lending \ntest except the community development lending criterion. \n \nb) \nPerformance criteria.  The Secretary evaluates a bank's lending performance \nconsidering the assessment factors in",
  "metadata": {
    "site_url": "https://ilga.gov/commission/jcar/admincode/038/03800345sections.html",
    "code_title": "Illinois Administrative Code Title 38",
    "chapter_number": "Section 345.220"
  }
}