{
  "text": "Public Notice by Banks \n \nA bank shall provide in the public lobby of its main office and each of its branches, if any, and \non its website the appropriate public notice set forth in Section 345.APPENDIX B. Only a \nbranch of a bank having more than one assessment area shall include the bracketed material in \nthe notice for branch offices. Only a bank that is an affiliate of a holding company shall include \nthe next to the last sentence of the notices. A bank shall include the last sentence of the notices \nonly if it is an affiliate of a holding company that is not prevented by statute from acquiring \nadditional banks. \nDFPR \n38 ILLINOIS ADMINISTRATIVE CODE 345 \n345.440",
  "metadata": {
    "site_url": "https://ilga.gov/commission/jcar/admincode/038/03800345sections.html",
    "code_title": "Illinois Administrative Code Title 38",
    "chapter_number": "Section 345.430"
  }
}