{
  "text": "Data Collection, Reporting, and Disclosure \n \na) \nLoan information required to be collected and maintained.  A bank, except a small \nbank, shall collect, and maintain in machine readable form (as prescribed by the \nSecretary) until the completion of its next ILCRA examination, the following data \nfor each small business or small farm loan originated or purchased by the bank: \n \n1) \nA unique number or alpha-numeric symbol that can be used to identify the \nrelevant loan file; \n \n2) \nThe loan amount at origination; \n \n3) \nThe loan location; and \n \n4) \nAn indicator whether the loan was to a business or farm with gross annual \nrevenues of $1 million or less. \n \nb) \nLoan information required to be reported.  A bank, except a small bank or a bank \nthat was a small bank during the prior calendar year, shall report annually by \nMarch 1 to the Secretary in machine readable form (as prescribed by the \nSecretary) the following data for the prior calendar year: \n \n1) \nSmall business and small farm loan data.  For each geography in which the \nbank originated or purchased a small business or small farm loan, the \naggregate number and amount of loans: \n \nA) \nWith an amount at origination of $100,000 or less; \n \nB) \nWith an amount at origination of more than $100,000 but less than \nor equal to $250,000; \n \nC) \nWith an amount at origination of more than $250,000; and \n \nD) \nTo businesses and farms with gross annual revenues of $1 million \nor less (using the revenues that the bank considered in making its \ncredit decision); \n \n2) \nCommunity development loan data.  For each geography in which the \nbank originated or purchased a community development loan, the \naggregate number and aggregate amount of loans; and \n \nDFPR \n38 ILLINOIS ADMINISTRATIVE CODE 345 \n345.410 \n \n \n3) \nHome mortgage loans.  If the bank is subject to reporting under 12 CFR \n1003 (Home Data Disclosure), the location of each home mortgage loan \napplication, origination, or purchase outside the MSAs in which the bank \nhas a home or branch office (or outside any MSA) in accordance with the \nrequirements of 12 CFR 1003 (Home Data Disclosure). \n \nc) \nOptional data collection and maintenance. \n \n1) \nConsumer loans.  A bank may collect and maintain in machine readable \nform (as prescribed by the Secretary) data for consumer loans originated \nor purchased by the bank for consideration under the lending test. A bank \nmay maintain data for one or more of the following categories of \nconsumer loans: motor vehicle, credit card, other secured, and other \nunsecured. If the bank maintains data for loans in a certain category, it \nshall maintain data for all loans originated or purchased within that \ncategory. The bank shall maintain data separately for each category, \nincluding for each loan: \n \nA) \nA unique number or alpha-numeric symbol that can be used to \nidentify the relevant loan file; \n \nB) \nThe loan amount at origination or purchase; \n \nC) \nThe loan location; and \n \nD) \nThe gross annual income of the borrower that the bank considered \nin making its credit decision. \n \n2) \nOther loan data.  At its option, a bank may provide other information \nconcerning its lending performance, including additional loan distribution \ndata. \n \nd) \nData on affiliate lending.  A bank that elects to have the Secretary consider loans \nby an affiliate, for purposes of the lending or community development test or an \napproved strategic plan, shall collect, maintain, and report for those loans the data \nthat the bank would have collected, maintained, and reported pursuant to \nsubsections (a), (b), and (c) had the loans been originated or purchased by the \nbank. For home mortgage loans, the bank shall also be prepared to identify the \nhome mortgage loans reported under 12 CFR 1003 (Home Data Disclosure) by \nthe affiliate. \n \ne) \nData on lending by a consortium or a third party.  A bank that elects to have the \nSecretary consider community development loans by a consortium or third party, \nDFPR \n38 ILLINOIS ADMINISTRATIVE CODE 345 \n345.410 \n \n \nfor purposes of the lending or community development tests or an approved \nstrategic plan, shall report for those loans the data that the bank would have \nreported under subsection (b)(2) had the loans been originated or purchased by the \nbank. \n \nf) \nSmall banks electing evaluation under the lending, investment, and service tests.  \nA bank that qualifies for evaluation under the small bank performance standards \nbut elects evaluation under the lending, investment, and service tests shall collect, \nmaintain, and report the data required for other banks pursuant to subsections (a) \nand (b). \n \ng) \nAssessment area data.  A bank, except a small bank or a bank that was a small \nbank during the prior calendar year, shall collect and report to the Secretary by \nMarch 1 of each year a list for each assessment area showing the geographies \nwithin the area. \nDFPR \n38 ILLINOIS ADMINISTRATIVE CODE 345 \n345.420",
  "metadata": {
    "site_url": "https://ilga.gov/commission/jcar/admincode/038/03800345sections.html",
    "code_title": "Illinois Administrative Code Title 38",
    "chapter_number": "Section 345.410"
  }
}