{
  "text": "Examination Authority and Cooperation \n \na) \nPursuant to the Secretary's authority under the ILCRA, including, but not limited \nto, Sections 35-15 and 35-25 of ILCRA, the Secretary or the Secretary's \nappointees may examine the entire books, records, documents, and operations of \neach bank or its affiliates or agents, and may examine any banks' or affiliates' or \nagents' officers, directors, employees, and agents under oath.  \n \nb) \nA bank shall be required to fully cooperate in any examination conducted \npursuant to this Part. Cooperation includes, but is not limited to:  \n \n1) \ntimely and full production of books, records, and documents, in any \nreasonable format requested by the Department; and  \n \n2) \nensuring all officers, directors, employees, and agents of the bank are \navailable for depositions or interviews upon reasonable notice.  \n \nc) \nExcept as otherwise specified in ILCRA or this Part, examination related to this \nPart shall be conducted consistent with Section 48(2.1) of the Illinois Banking Act \n[205 ILCS 5], 38 Ill. Adm. Code 381, and accompanying guidelines. \nDFPR \n38 ILLINOIS ADMINISTRATIVE CODE 345 \n345.470",
  "metadata": {
    "site_url": "https://ilga.gov/commission/jcar/admincode/038/03800345sections.html",
    "code_title": "Illinois Administrative Code Title 38",
    "chapter_number": "Section 345.460"
  }
}