{
  "text": "Subchapter I. Holding Company System. | D.C. Law Library Skip to main content Toggle mobile menu Navigation D.C. Law Library Code of the District of Columbia Title 31. Insurance and Securities. Chapter 7. Holding Companies. Subchapter I. Holding Company System. Code of the District of Columbia Subchapter I. Holding Company System. \u00a7 31\u2013701. Definitions. \u00a7 31\u2013702. Subsidiaries of insurers. \u00a7 31\u2013703. Acquisition of control of or merger with domestic insurer. \u00a7 31\u2013704. Acquisitions involving insurers not otherwise covered. \u00a7 31\u2013705. Registration of insurers. \u00a7 31\u2013706. Standards and management of an insurer within a holding company system. \u00a7 31\u2013706.01. Group-wide supervision of internationally active insurance groups. \u00a7 31\u2013707. Examination. \u00a7 31\u2013707.01. Supervisory Colleges. \u00a7 31\u2013708. Confidential treatment. \u00a7 31\u2013708.01. Rules. \u00a7 31\u2013709. Injunctions, prohibitions against voting securities, sequestration of voting securities. \u00a7 31\u2013710. Sanctions. \u00a7 31\u2013711. Receivership. \u00a7 31\u2013712. Recovery. \u00a7 31\u2013713. Revocation, suspension, or nonrenewal of insurer\u2019s license. \u00a7 31\u2013714. Judicial review; mandamus. Previous Chapter 7. Holding Companies. Next Subchapter II. Mutual Holding Companies. The codes and laws on this website are in the public domain. Please do not scrape. Instead, bulk download the HTML or XML . Powered by the non-profit Open Law Library . Subchapter II. Mutual Holding Companies. | D.C. Law Library Skip to main content Toggle mobile menu Navigation D.C. Law Library Code of the District of Columbia Title 31. Insurance and Securities. Chapter 7. Holding Companies. Subchapter II. Mutual Holding Companies. Code of the District of Columbia Subchapter II. Mutual Holding Companies. \u00a7 31\u2013731. Formation of a mutual holding company. \u00a7 31\u2013732. Merger of policyholder membership interests. \u00a7 31\u2013733. Incorporation of holding company; amendment of articles of incorporation. \u00a7 31\u2013734. Insurers rehabilitation and liquidation. \u00a7 31\u2013735. Applicability; membership interest; powers. \u00a7 31\u2013736. Failure to give notice. \u00a7 31\u2013737. Limitations of actions. \u00a7 31\u2013737.01. Mergers and acquisitions. \u00a7 31\u2013738. Rulemaking. Previous Subchapter I. Holding Company System. Next Subchapter III. Reciprocal Insurance Company Conversion. The codes and laws on this website are in the public domain. Please do not scrape. Instead, bulk download the HTML or XML . Powered by the non-profit Open Law Library . Subchapter III. Reciprocal Insurance Company Conversion. | D.C. Law Library Skip to main content Toggle mobile menu Navigation D.C. Law Library Code of the District of Columbia Title 31. Insurance and Securities. Chapter 7. Holding Companies. Subchapter III. Reciprocal Insurance Company Conversion. Code of the District of Columbia Subchapter III. Reciprocal Insurance Company Conversion. \u00a7 31\u2013751. Definitions. \u00a7 31\u2013752. Formation of a mutual insurance holding company from a reciprocal insurance company. \u00a7 31\u2013753. Merger of policyholder membership interests. \u00a7 31\u2013754. Incorporation of holding company. \u00a7 31\u2013755. Insurers rehabilitation and liquidation. \u00a7 31\u2013756. Applicability; membership interest; powers. \u00a7 31\u2013757. Failure to give notice. \u00a7 31\u2013758. Limitations of actions. \u00a7 31\u2013759. Conversion of mutual insurance holding company. \u00a7 31\u2013760. Rulemaking. Previous Subchapter II. Mutual Holding Companies. Next Chapter 8. Insurance Agents and Brokers Licensing. [Repealed]. The codes and laws on this website are in the public domain. Please do not scrape. Instead, bulk download the HTML or XML . Powered by the non-profit Open Law Library .",
  "metadata": {
    "site_url": "https://code.dccouncil.gov/us/dc/council/code/titles/31/chapters/7",
    "extra_data": {
      "code_title": "Title 31: Insurance and Securities",
      "chapter_number": "7",
      "separated_text": {
        "Subchapter I. Holding Company System.": "\u00a7 31\u2013701. Definitions. \u00a7 31\u2013702. Subsidiaries of insurers. \u00a7 31\u2013703. Acquisition of control of or merger with domestic insurer. \u00a7 31\u2013704. Acquisitions involving insurers not otherwise covered. \u00a7 31\u2013705. Registration of insurers. \u00a7 31\u2013706. Standards and management of an insurer within a holding company system. \u00a7 31\u2013706.01. Group-wide supervision of internationally active insurance groups. \u00a7 31\u2013707. Examination. \u00a7 31\u2013707.01. Supervisory Colleges. \u00a7 31\u2013708. Confidential treatment. \u00a7 31\u2013708.01. Rules. \u00a7 31\u2013709. Injunctions, prohibitions against voting securities, sequestration of voting securities. \u00a7 31\u2013710. Sanctions. \u00a7 31\u2013711. Receivership. \u00a7 31\u2013712. Recovery. \u00a7 31\u2013713. Revocation, suspension, or nonrenewal of insurer\u2019s license. \u00a7 31\u2013714. Judicial review; mandamus.",
        "Subchapter II. Mutual Holding Companies.": "\u00a7 31\u2013731. Formation of a mutual holding company. \u00a7 31\u2013732. Merger of policyholder membership interests. \u00a7 31\u2013733. Incorporation of holding company; amendment of articles of incorporation. \u00a7 31\u2013734. Insurers rehabilitation and liquidation. \u00a7 31\u2013735. Applicability; membership interest; powers. \u00a7 31\u2013736. Failure to give notice. \u00a7 31\u2013737. Limitations of actions. \u00a7 31\u2013737.01. Mergers and acquisitions. \u00a7 31\u2013738. Rulemaking.",
        "Subchapter III. Reciprocal Insurance Company Conversion.": "\u00a7 31\u2013751. Definitions. \u00a7 31\u2013752. Formation of a mutual insurance holding company from a reciprocal insurance company. \u00a7 31\u2013753. Merger of policyholder membership interests. \u00a7 31\u2013754. Incorporation of holding company. \u00a7 31\u2013755. Insurers rehabilitation and liquidation. \u00a7 31\u2013756. Applicability; membership interest; powers. \u00a7 31\u2013757. Failure to give notice. \u00a7 31\u2013758. Limitations of actions. \u00a7 31\u2013759. Conversion of mutual insurance holding company. \u00a7 31\u2013760. Rulemaking."
      }
    }
  }
}