{
  "text": "Subchapter I. Regional Interstate Banking. | D.C. Law Library Skip to main content Toggle mobile menu Navigation D.C. Law Library Code of the District of Columbia Title 26. Banks and Other Financial Institutions. Chapter 7. Interstate Banking and Branching. Subchapter I. Regional Interstate Banking. Code of the District of Columbia Subchapter I. Regional Interstate Banking. \u00a7 26\u2013701. Definitions. [Repealed] \u00a7 26\u2013702. Regional bank holding company acquisitions. \u00a7 26\u2013702.01. Duties; Council review of rules. \u00a7 26\u2013703. Exceptions. \u00a7 26\u2013704. Review of applications. \u00a7 26\u2013705. Prohibited acts. \u00a7 26\u2013706. Applicable laws, rules, and regulations. \u00a7 26\u2013706.01. Alternative entry by acquisition. \u00a7 26\u2013707. Enforcement. \u00a7 26\u2013707.01. Insurance. \u00a7 26\u2013707.02. Penalties. \u00a7 26\u2013708. Nonseverability. [Repealed] \u00a7 26\u2013709. Review of impact. \u00a7 26\u2013710. Applicability. \u00a7 26\u2013711. Use of women-owned banks. \u00a7 26\u2013712. Administrative procedure; cease and desist orders. \u00a7 26\u2013713. Hearings. \u00a7 26\u2013714. Enforcement. Previous Chapter 7. Interstate Banking and Branching. Next Subchapter II. Interstate Banking and Branching. The codes and laws on this website are in the public domain. Please do not scrape. Instead, bulk download the HTML or XML . Powered by the non-profit Open Law Library . Subchapter II. Interstate Banking and Branching. | D.C. Law Library Skip to main content Toggle mobile menu Navigation D.C. Law Library Code of the District of Columbia Title 26. Banks and Other Financial Institutions. Chapter 7. Interstate Banking and Branching. Subchapter II. Interstate Banking and Branching. Code of the District of Columbia Subchapter II. Interstate Banking and Branching. \u00a7 26\u2013731. Findings. \u00a7 26\u2013732. Definitions. \u00a7 26\u2013733. De novo branching or acquisition of a branch into a state other than the District. \u00a7 26\u2013734. Interstate branching by de novo entry or acquisition into the District. \u00a7 26\u2013735. Additional authority of Superintendent [Commissioner] \u00a7 26\u2013736. Interstate merger transactions by a District state bank. \u00a7 26\u2013737. Interstate merger transactions by an out-of-state bank with a District bank; retention of branches by resulting bank. \u00a7 26\u2013738. Additional authority of Superintendent [Commissioner] \u00a7 26\u2013739. Establishment of agency agreements between affiliated depository institutions. \u00a7 26\u2013740. Enforcement. \u00a7 26\u2013741. Rules. Previous Subchapter I. Regional Interstate Banking. Next Chapter 8. Joint Accounts; Adverse Claimants; Trust Accounts. The codes and laws on this website are in the public domain. Please do not scrape. Instead, bulk download the HTML or XML . Powered by the non-profit Open Law Library .",
  "metadata": {
    "site_url": "https://code.dccouncil.gov/us/dc/council/code/titles/26/chapters/7",
    "extra_data": {
      "code_title": "Title 26: Banks and Other Financial Institutions",
      "chapter_number": "7",
      "separated_text": {
        "Subchapter I. Regional Interstate Banking.": "\u00a7 26\u2013701. Definitions. [Repealed] \u00a7 26\u2013702. Regional bank holding company acquisitions. \u00a7 26\u2013702.01. Duties; Council review of rules. \u00a7 26\u2013703. Exceptions. \u00a7 26\u2013704. Review of applications. \u00a7 26\u2013705. Prohibited acts. \u00a7 26\u2013706. Applicable laws, rules, and regulations. \u00a7 26\u2013706.01. Alternative entry by acquisition. \u00a7 26\u2013707. Enforcement. \u00a7 26\u2013707.01. Insurance. \u00a7 26\u2013707.02. Penalties. \u00a7 26\u2013708. Nonseverability. [Repealed] \u00a7 26\u2013709. Review of impact. \u00a7 26\u2013710. Applicability. \u00a7 26\u2013711. Use of women-owned banks. \u00a7 26\u2013712. Administrative procedure; cease and desist orders. \u00a7 26\u2013713. Hearings. \u00a7 26\u2013714. Enforcement.",
        "Subchapter II. Interstate Banking and Branching.": "\u00a7 26\u2013731. Findings. \u00a7 26\u2013732. Definitions. \u00a7 26\u2013733. De novo branching or acquisition of a branch into a state other than the District. \u00a7 26\u2013734. Interstate branching by de novo entry or acquisition into the District. \u00a7 26\u2013735. Additional authority of Superintendent [Commissioner] \u00a7 26\u2013736. Interstate merger transactions by a District state bank. \u00a7 26\u2013737. Interstate merger transactions by an out-of-state bank with a District bank; retention of branches by resulting bank. \u00a7 26\u2013738. Additional authority of Superintendent [Commissioner] \u00a7 26\u2013739. Establishment of agency agreements between affiliated depository institutions. \u00a7 26\u2013740. Enforcement. \u00a7 26\u2013741. Rules."
      }
    }
  }
}