{
  "text": "FINANCE CODE\nTITLE 3. FINANCIAL INSTITUTIONS AND BUSINESSES\nSUBTITLE F. TRUST COMPANIES\nCHAPTER 199. MISCELLANEOUS PROVISIONS\nSec.A199.001.AASLANDER OR LIBEL OF STATE TRUST COMPANY.\n(a)\nA person commits an offense if the person:\n(1)AAknowingly\nmakes,\ncirculates,\nor\ntransmits\nto\nanother\nperson\nan\nuntrue\nstatement\nthat\nis\nderogatory\nto\nthe\nfinancial condition of a state trust company located in this state;\nor\n(2)AAintentionally, to injure the state trust company,\ncounsels, aids, procures, or induces another person to knowingly\nmake, circulate, or transmit to another person an untrue statement\nthat\nis\nderogatory\nto\nthe\nfinancial\ncondition\nof\na\nstate\ntrust\ncompany located in this state.\n(b)AAAn offense under this section is a state jail felony.\nAdded by Acts 1999, 76th Leg., ch. 62, Sec. 7.16(a), eff. Sept. 1,\n1999.\nSec.A199.002.AAAUTHORITY TO ACT AS NOTARY PUBLIC.\nA notary\npublic is not disqualified from taking an acknowledgment or proof\nof a written instrument as provided by Section 406.016, Government\nCode,\nsolely\nbecause\nof\nthe\nperson \u2019s\nownership\nof\nstock\nor\nparticipation interest in or employment by a trust institution that\nis an interested party in the underlying transaction, including a\nstate trust company or a trust institution organized under the laws\nof another state that lawfully maintains an office in this state.\nAdded by Acts 1999, 76th Leg., ch. 62, Sec. 7.16(a), eff. Sept. 1,\n1999.\nAmended by Acts 2001, 77th Leg., ch. 1420, Sec. 6.023(a),\neff. Sept. 1, 2001.\nSec.A199.003.AASUCCESSION OF TRUST POWERS.\n(a)\nIf, at the\ntime of a merger, reorganization, conversion, sale of substantially\nall of its assets under Chapter 182 or 187 or other applicable law,\nor\nsale\nof\nsubstantially\nall\nof\nits\ntrust\naccounts\nand\nrelated\nactivities at a separate branch or trust office, a reorganizing or\n1\nselling\nstate\ntrust\ncompany\nis\nacting\nas\ntrustee,\nguardian,\nexecutor,\nor\nadministrator,\nor\nin\nanother\nfiduciary\ncapacity,\na\nsuccessor\nor\npurchasing\ntrust\ninstitution\nwith\nsufficient\nfiduciary authority may continue the office, trust, or fiduciary\nrelationship:\n(1)AAwithout the necessity of judicial action or action\nby the creator of the office, trust, or fiduciary relationship;\nand\n(2)AAwithout\nregard\nto\nwhether\nthe\nsuccessor\nor\npurchasing\ntrust\ninstitution\nmeets\nqualification\nrequirements\nspecified in an instrument creating the office, trust, or fiduciary\nrelationship other than a requirement related to geographic locale\nof\naccount\nadministration,\nincluding\nrequirements\nas\nto\njurisdiction\nof\nincorporation,\nlocation\nof\nprincipal\noffice,\nor\ntype of financial institution.\n(b)AAThe\nsuccessor\nor\npurchasing\ntrust\ninstitution\nmay\nperform all the duties and exercise all the powers connected with or\nincidental to the fiduciary relationship in the same manner as if\nthe successor or purchasing trust institution had been originally\ndesignated as the fiduciary.\nAdded by Acts 1999, 76th Leg., ch. 62, Sec. 7.16(a), eff. Sept. 1,\n1999.\nAmended by Acts 2001, 77th Leg., ch. 1420, Sec. 6.024(a),\neff. Sept. 1, 2001.\nSec.A199.004.AADISCOVERY OF CLIENT RECORDS.\nCivil discovery\nof a client record maintained by a trust institution, including a\nstate trust company or a trust institution organized under the laws\nof another state that lawfully maintains an office in this state, is\ngoverned by Section 59.006.\nAdded by Acts 1999, 76th Leg., ch. 62, Sec. 7.16(a), eff. Sept. 1,\n1999.\nAmended by Acts 2001, 77th Leg., ch. 1420, Sec. 6.025(a),\neff. Sept. 1, 2001.\nSec.A199.005.AACOMPLIANCE REVIEW COMMITTEE.\nA trust company\nmay establish a compliance review committee as provided by Section\n59.009.\nAdded by Acts 1999, 76th Leg., ch. 62, Sec. 7.16(a), eff. Sept. 1,\n1999.\nAmended by Acts 2001, 77th Leg., ch. 1420, Sec. 6.026(a),\n2\neff. Sept. 1, 2001.\n3",
  "metadata": {
    "site_url": "https://statutes.capitol.texas.gov/?Code=FI&Value=199",
    "extra_data": {
      "code_title": "Title FI",
      "chapter_number": "199",
      "separated_text": {
        "\u00a7 199.001": ".AASLANDER OR LIBEL OF STATE TRUST COMPANY.\n(a)\nA person commits an offense if the person:\n(1)AAknowingly\nmakes,\ncirculates,\nor\ntransmits\nto\nanother\nperson\nan\nuntrue\nstatement\nthat\nis\nderogatory\nto\nthe\nfinancial condition of a state trust company located in this state;\nor\n(2)AAintentionally, to injure the state trust company,\ncounsels, aids, procures, or induces another person to knowingly\nmake, circulate, or transmit to another person an untrue statement\nthat\nis\nderogatory\nto\nthe\nfinancial\ncondition\nof\na\nstate\ntrust\ncompany located in this state.\n(b)AAAn offense under this section is a state jail felony.\nAdded by Acts 1999, 76th Leg., ch. 62, Sec. 7.16(a), eff. Sept. 1,\n1999.\nSec.A199.002.AAAUTHORITY TO ACT AS NOTARY PUBLIC.\nA notary\npublic is not disqualified from taking an acknowledgment or proof\nof a written instrument as provided by Section 406.016, Government\nCode,\nsolely\nbecause\nof\nthe\nperson \u2019s\nownership\nof\nstock\nor\nparticipation interest in or employment by a trust institution that\nis an interested party in the underlying transaction, including a\nstate trust company or a trust institution organized under the laws\nof another state that lawfully maintains an office in this state.\nAdded by Acts 1999, 76th Leg., ch. 62, Sec. 7.16(a), eff. Sept. 1,\n1999.\nAmended by Acts 2001, 77th Leg., ch. 1420, Sec. 6.023(a),\neff. Sept. 1, 2001.\nSec.A199.003.AASUCCESSION OF TRUST POWERS.\n(a)\nIf, at the\ntime of a merger, reorganization, conversion, sale of substantially\nall of its assets under Chapter 182 or 187 or other applicable law,\nor\nsale\nof\nsubstantially\nall\nof\nits\ntrust\naccounts\nand\nrelated\nactivities at a separate branch or trust office, a reorganizing or\n1\nselling\nstate\ntrust\ncompany\nis\nacting\nas\ntrustee,\nguardian,\nexecutor,\nor\nadministrator,\nor\nin\nanother\nfiduciary\ncapacity,\na\nsuccessor\nor\npurchasing\ntrust\ninstitution\nwith\nsufficient\nfiduciary authority may continue the office, trust, or fiduciary\nrelationship:\n(1)AAwithout the necessity of judicial action or action\nby the creator of the office, trust, or fiduciary relationship;\nand\n(2)AAwithout\nregard\nto\nwhether\nthe\nsuccessor\nor\npurchasing\ntrust\ninstitution\nmeets\nqualification\nrequirements\nspecified in an instrument creating the office, trust, or fiduciary\nrelationship other than a requirement related to geographic locale\nof\naccount\nadministration,\nincluding\nrequirements\nas\nto\njurisdiction\nof\nincorporation,\nlocation\nof\nprincipal\noffice,\nor\ntype of financial institution.\n(b)AAThe\nsuccessor\nor\npurchasing\ntrust\ninstitution\nmay\nperform all the duties and exercise all the powers connected with or\nincidental to the fiduciary relationship in the same manner as if\nthe successor or purchasing trust institution had been originally\ndesignated as the fiduciary.\nAdded by Acts 1999, 76th Leg., ch. 62, Sec. 7.16(a), eff. Sept. 1,\n1999.\nAmended by Acts 2001, 77th Leg., ch. 1420, Sec. 6.024(a),\neff. Sept. 1, 2001.\nSec.A199.004.AADISCOVERY OF CLIENT RECORDS.\nCivil discovery\nof a client record maintained by a trust institution, including a\nstate trust company or a trust institution organized under the laws\nof another state that lawfully maintains an office in this state, is\ngoverned by Section 59.006.\nAdded by Acts 1999, 76th Leg., ch. 62, Sec. 7.16(a), eff. Sept. 1,\n1999.\nAmended by Acts 2001, 77th Leg., ch. 1420, Sec. 6.025(a),\neff. Sept. 1, 2001.\nSec.A199.005.AACOMPLIANCE REVIEW COMMITTEE.\nA trust company\nmay establish a compliance review committee as provided by Section",
        "\u00a7 \n59.009": ".\nAdded by Acts 1999, 76th Leg., ch. 62, Sec. 7.16(a), eff. Sept. 1,\n1999.\nAmended by Acts 2001, 77th Leg., ch. 1420, Sec. 6.026(a),\n2\neff. Sept. 1, 2001.\n3"
      }
    }
  }
}