{
  "text": "FINANCE CODE\nTITLE 3. FINANCIAL INSTITUTIONS AND BUSINESSES\nSUBTITLE B. SAVINGS AND LOAN ASSOCIATIONS\nCHAPTER 67. FOREIGN FINANCIAL INSTITUTIONS\nSUBCHAPTER A. GENERAL PROVISIONS\nSec.A67.001.AALIMITATION ON RIGHT TO DO BUSINESS AS SAVINGS\nAND LOAN ASSOCIATION.\n(a)\nA person may not do business as a savings\nand loan association in this state or maintain an office in this\nstate for the purpose of doing business unless the person is a:\n(1)AAdomestic association;\n(2)AAfederal association;\nor\n(3)AAforeign\nassociation\nthat\nholds\na\ncertificate\nof\nauthority\nissued\nunder\nSubchapter\nI,\nChapter\n62,\nor\nSection\n61,\nChapter 61, General Laws, Acts of the 41st Legislature, 2nd Called\nSession, 1929 (Article 881a-60, Vernon \u2019s Texas Civil Statutes).\n(b)AASubsection (a) does not prohibit activity that is not\nconsidered to be transacting business in this state under Section\nB, Article 8.01, Texas Business Corporation Act.\nActs 1997, 75th Leg., ch. 1008, Sec. 1, eff. Sept. 1, 1997.\nSec.A67.002.AAAPPLICATION OF LAW AND RULES.\nThis subtitle\nand each rule adopted under this subtitle apply to the operations in\nthis\nstate\nof\na\nforeign\nassociation\nand\nmay\nbe\nenforced\nby\nthe\ncommissioner.\nActs 1997, 75th Leg., ch. 1008, Sec. 1, eff. Sept. 1, 1997.\nSec.A67.003.AACONTRACTS CONSTRUED UNDER LAW OF THIS STATE.\nA\ncontract between a foreign association and a resident of this state\nis governed by the laws of this state.\nActs 1997, 75th Leg., ch. 1008, Sec. 1, eff. Sept. 1, 1997.\nSec.A67.004.AAFEDERAL\nASSOCIATIONS.\nA\nfederal\nassociation\nis not a foreign corporation or foreign association for purposes of\nthis subtitle.\nActs 1997, 75th Leg., ch. 1008, Sec. 1, eff. Sept. 1, 1997.\n1\nSUBCHAPTER B. POWERS OF FOREIGN ASSOCIATION;\nELIGIBILITY OF\nACCOUNTS FOR INVESTMENT\nSec.A67.101.AAPOWERS OF FOREIGN ASSOCIATION;\nELIGIBILITY OF\nACCOUNTS\nFOR\nINVESTMENT.\n(a)\nA\nforeign\nassociation\noperating\nunder a certificate of authority has the rights and privileges of an\nassociation\ncreated\nunder\nthis\nsubtitle.\nThe\nassociation \u2019s\naccounts are eligible for investment to the same extent as those of\na domestic association.\n(b)AAA\nforeign\nassociation\nmay\nnot\nbe\nconsidered\nan\nassociation organized under the laws of this state.\n(c)AAA foreign association operating in this state under this\nchapter may not exercise a power, perform a function, or offer a\nservice that a domestic association may not exercise, perform, or\noffer.\nActs 1997, 75th Leg., ch. 1008, Sec. 1, eff. Sept. 1, 1997.\nSUBCHAPTER C. CERTIFICATE OF AUTHORITY\nSec.A67.201.AARENEWAL OF CERTIFICATE.\nA foreign association\nmay\nrenew\na\ncertificate\nof\nauthority\nby\npaying\na\nrenewal\nfee\nin\nJanuary of each year.\nThe finance commission by resolution shall\nset the fee annually.\nActs 1997, 75th Leg., ch. 1008, Sec. 1, eff. Sept. 1, 1997.\nSec.A67.202.AAREVOCATION\nOF\nCERTIFICATE.\n(a)\nThe\ncommissioner\nmay\nrevoke\na\nforeign\nassociation \u2019s\ncertificate\nof\nauthority on the failure or refusal of the association to comply\nwith a final order of the commissioner.\n(b)AAOn\nrevocation\nunder\nSubsection\n(a),\nan\nagent\nof\nthe\nassociation may not transact business in this state except to:\n(1)AAreceive\na\npayment\nto\napply\nto\nan\nactive\nloan\ncontract;\nor\n(2)AApay a withdrawal request.\nActs 1997, 75th Leg., ch. 1008, Sec. 1, eff. Sept. 1, 1997.\n2\nSUBCHAPTER D. EXAMINATION AND REGULATION\nSec.A67.301.AAFREQUENCY\nOF\nEXAMINATION.\nA\nforeign\nassociation may not be examined more than once each year.\nActs 1997, 75th Leg., ch. 1008, Sec. 1, eff. Sept. 1, 1997.\nSec.A67.302.AAEXAMINATION\nCHARGES.\nA\nforeign\nassociation\nholding a certificate of authority shall pay:\n(1)AAan examination fee in the amount set for a domestic\nassociation under Section 61.007;\n(2)AAall travel expenses of the examination;\nand\n(3)AAthe amount of the examination expense that exceeds\nthe amount of the examination fee, if any.\nActs 1997, 75th Leg., ch. 1008, Sec. 1, eff. Sept. 1, 1997.\nSec.A67.303.AAAGREEMENT\nWITH\nREGULATORY\nAUTHORITY\nOF\nOTHER\nSTATE.\n(a)\nThe commissioner, in exercising the supervisory and\nregulatory\nauthority\ngranted\nunder\nChapter\n66,\nmay\nenter\ninto\na\ncooperative agreement with a regulatory authority of another state\nto facilitate regulation of a foreign association doing business in\nthis state.\n(b)AAThe commissioner may accept a report of examination and\nother\nrecords\nfrom\nthe\nregulatory\nauthority\nof\nthe\nother\nstate\ninstead of conducting an examination outside this state.\nActs 1997, 75th Leg., ch. 1008, Sec. 1, eff. Sept. 1, 1997.\nSec.A67.304.AACOMMISSIONER \u2019S AUTHORITY TO ISSUE ORDERS.\nThe\ncommissioner\nmay\nissue\nan\norder\nagainst\na\nforeign\nassociation\nholding a certificate of authority in the same manner provided by\nChapter 66 for issuance of an order against a domestic association.\nActs 1997, 75th Leg., ch. 1008, Sec. 1, eff. Sept. 1, 1997.\n3",
  "metadata": {
    "site_url": "https://statutes.capitol.texas.gov/?Code=FI&Value=67",
    "extra_data": {
      "code_title": "Title FI",
      "chapter_number": "67",
      "separated_text": {
        "\u00a7 67.001": ".AALIMITATION ON RIGHT TO DO BUSINESS AS SAVINGS\nAND LOAN ASSOCIATION.\n(a)\nA person may not do business as a savings\nand loan association in this state or maintain an office in this\nstate for the purpose of doing business unless the person is a:\n(1)AAdomestic association;\n(2)AAfederal association;\nor\n(3)AAforeign\nassociation\nthat\nholds\na\ncertificate\nof\nauthority\nissued\nunder\nSubchapter\nI,\nChapter\n62,\nor\nSection\n61,\nChapter 61, General Laws, Acts of the 41st Legislature, 2nd Called\nSession, 1929 (Article 881a-60, Vernon \u2019s Texas Civil Statutes).\n(b)AASubsection (a) does not prohibit activity that is not\nconsidered to be transacting business in this state under Section\nB, Article 8.01, Texas Business Corporation Act.\nActs 1997, 75th Leg., ch. 1008, Sec. 1, eff. Sept. 1, 1997.\nSec.A67.002.AAAPPLICATION OF LAW AND RULES.\nThis subtitle\nand each rule adopted under this subtitle apply to the operations in\nthis\nstate\nof\na\nforeign\nassociation\nand\nmay\nbe\nenforced\nby\nthe\ncommissioner.\nActs 1997, 75th Leg., ch. 1008, Sec. 1, eff. Sept. 1, 1997.\nSec.A67.003.AACONTRACTS CONSTRUED UNDER LAW OF THIS STATE.\nA\ncontract between a foreign association and a resident of this state\nis governed by the laws of this state.\nActs 1997, 75th Leg., ch. 1008, Sec. 1, eff. Sept. 1, 1997.\nSec.A67.004.AAFEDERAL\nASSOCIATIONS.\nA\nfederal\nassociation\nis not a foreign corporation or foreign association for purposes of\nthis subtitle.\nActs 1997, 75th Leg., ch. 1008, Sec. 1, eff. Sept. 1, 1997.\n1\nSUBCHAPTER B. POWERS OF FOREIGN ASSOCIATION;\nELIGIBILITY OF\nACCOUNTS FOR INVESTMENT\nSec.A67.101.AAPOWERS OF FOREIGN ASSOCIATION;\nELIGIBILITY OF\nACCOUNTS\nFOR\nINVESTMENT.\n(a)\nA\nforeign\nassociation\noperating\nunder a certificate of authority has the rights and privileges of an\nassociation\ncreated\nunder\nthis\nsubtitle.\nThe\nassociation \u2019s\naccounts are eligible for investment to the same extent as those of\na domestic association.\n(b)AAA\nforeign\nassociation\nmay\nnot\nbe\nconsidered\nan\nassociation organized under the laws of this state.\n(c)AAA foreign association operating in this state under this\nchapter may not exercise a power, perform a function, or offer a\nservice that a domestic association may not exercise, perform, or\noffer.\nActs 1997, 75th Leg., ch. 1008, Sec. 1, eff. Sept. 1, 1997.\nSUBCHAPTER C. CERTIFICATE OF AUTHORITY\nSec.A67.201.AARENEWAL OF CERTIFICATE.\nA foreign association\nmay\nrenew\na\ncertificate\nof\nauthority\nby\npaying\na\nrenewal\nfee\nin\nJanuary of each year.\nThe finance commission by resolution shall\nset the fee annually.\nActs 1997, 75th Leg., ch. 1008, Sec. 1, eff. Sept. 1, 1997.\nSec.A67.202.AAREVOCATION\nOF\nCERTIFICATE.\n(a)\nThe\ncommissioner\nmay\nrevoke\na\nforeign\nassociation \u2019s\ncertificate\nof\nauthority on the failure or refusal of the association to comply\nwith a final order of the commissioner.\n(b)AAOn\nrevocation\nunder\nSubsection\n(a),\nan\nagent\nof\nthe\nassociation may not transact business in this state except to:\n(1)AAreceive\na\npayment\nto\napply\nto\nan\nactive\nloan\ncontract;\nor\n(2)AApay a withdrawal request.\nActs 1997, 75th Leg., ch. 1008, Sec. 1, eff. Sept. 1, 1997.\n2\nSUBCHAPTER D. EXAMINATION AND REGULATION\nSec.A67.301.AAFREQUENCY\nOF\nEXAMINATION.\nA\nforeign\nassociation may not be examined more than once each year.\nActs 1997, 75th Leg., ch. 1008, Sec. 1, eff. Sept. 1, 1997.\nSec.A67.302.AAEXAMINATION\nCHARGES.\nA\nforeign\nassociation\nholding a certificate of authority shall pay:\n(1)AAan examination fee in the amount set for a domestic\nassociation under Section 61.007;\n(2)AAall travel expenses of the examination;\nand\n(3)AAthe amount of the examination expense that exceeds\nthe amount of the examination fee, if any.\nActs 1997, 75th Leg., ch. 1008, Sec. 1, eff. Sept. 1, 1997.\nSec.A67.303.AAAGREEMENT\nWITH\nREGULATORY\nAUTHORITY\nOF\nOTHER\nSTATE.\n(a)\nThe commissioner, in exercising the supervisory and\nregulatory\nauthority\ngranted\nunder\nChapter\n66,\nmay\nenter\ninto\na\ncooperative agreement with a regulatory authority of another state\nto facilitate regulation of a foreign association doing business in\nthis state.\n(b)AAThe commissioner may accept a report of examination and\nother\nrecords\nfrom\nthe\nregulatory\nauthority\nof\nthe\nother\nstate\ninstead of conducting an examination outside this state.\nActs 1997, 75th Leg., ch. 1008, Sec. 1, eff. Sept. 1, 1997.\nSec.A67.304.AACOMMISSIONER \u2019S AUTHORITY TO ISSUE ORDERS.\nThe\ncommissioner\nmay\nissue\nan\norder\nagainst\na\nforeign\nassociation\nholding a certificate of authority in the same manner provided by\nChapter 66 for issuance of an order against a domestic association.\nActs 1997, 75th Leg., ch. 1008, Sec. 1, eff. Sept. 1, 1997.\n3"
      }
    }
  }
}