{
  "text": "FINANCE CODE\nTITLE 4. REGULATION OF INTEREST, LOANS, AND FINANCED TRANSACTIONS\nSUBTITLE A. INTEREST\nCHAPTER 339. MISCELLANEOUS PROVISIONS RELATING TO INTEREST\nSec.A339.002.AABILLING CYCLE INTEREST LIMITATION ON OPEN-END\nACCOUNT WITHOUT MERCHANT DISCOUNT.\n(a)\nThis section applies to an\nopen-end\naccount\nagreement\nthat\nprovides\nfor\ncredit\ncard\ntransactions:\n(1)AAin which the creditor relies on one of the ceilings\nauthorized by Chapter 303 for the rate of interest;\nand\n(2)AAin\nconnection\nwith\nwhich\nthe\ncreditor\ndoes\nnot\nimpose or receive a merchant discount.\n(b)AAInterest or time price differential may not be charged\nfor a billing cycle of an open-end account credit agreement if:\n(1)AAthe total amount of the obligor \u2019s payments during\nthe cycle equal or exceed the balance owed under the agreement at\nthe end of the preceding billing cycle;\nor\n(2)AAan amount is not owed under the agreement at the\nend of the preceding billing cycle.\nAmended by Acts 1999, 76th Leg., ch. 62, Sec. 7.18(a), eff. Sept. 1,\n1999.\nSec.A339.003.AASALE\nOF\nOPEN-END\nACCOUNT\nWITHOUT\nMERCHANT\nDISCOUNT.\nA seller or lessor may sell an open-end account credit\nagreement described by Section 339.002(a) or any balance under that\nagreement to a purchaser who purchases a substantial part of the\nseller \u2019s or lessor \u2019s open-end account credit agreements or balances\nunder\nthose\nagreements\nin\naccordance\nwith\nSubchapter\nG,\nChapter\n345.\nA charge, fee, or discount on that sale:\n(1)AAis not a merchant discount;\n(2)AAdoes\nnot\ndisqualify\nthe\nopen-end\naccount\ncredit\nagreement or a balance under that agreement from being subject to\nChapter 303 or from coverage under this section;\nand\n(3)AAdoes\nnot\nsubject\nthe\naccount\nto\nthe\nlimitations\nprovided by Section 303.006(c).\nAmended by Acts 1999, 76th Leg., ch. 62, Sec. 7.18(a), eff. Sept. 1,\n1\n1999.\nSec.A339.004.AAAPPLICATION\nOF\nLICENSING\nREQUIREMENT\nAND\nSUBTITLE B TO CREDIT UNION OR EMPLOYEE BENEFIT PLAN.\n(a)\nA credit\nunion is not subject to Subtitle B\nand is not required to obtain a\nlicense under this title.\n(b)AAWith\nrespect\nto\na\nloan\nthat\nan\nemployee\nbenefit\nplan\nthat\nis\nsubject\nto\nTitle\nI\nof\nthe\nEmployee\nRetirement\nIncome\nSecurity\nAct\nof\n1974\n(29\nU.S.C.\nSections\n1001-1114)\nmakes\nto\na\nparticipant in the plan or a participant \u2019s beneficiary, the plan is\nnot subject to Subtitle B and is not required to obtain a license\nunder this title.\nAmended by Acts 1999, 76th Leg., ch. 62, Sec. 7.18(a), eff. Sept. 1,\n1999.\nSec.A339.005.AAAPPLICABILITY OF CERTAIN\nFEDERAL LAW.\nThis\ntitle does not override or restrict the applicability of 12 U.S.C.\nSection 1735f-7a.\nAdded by Acts 2001, 77th Leg., ch. 916, Sec. 9, eff. Sept. 1, 2001.\n2",
  "metadata": {
    "site_url": "https://statutes.capitol.texas.gov/?Code=FI&Value=339",
    "extra_data": {
      "code_title": "Title FI",
      "chapter_number": "339",
      "separated_text": {
        "\u00a7 339.002": ".AABILLING CYCLE INTEREST LIMITATION ON OPEN-END\nACCOUNT WITHOUT MERCHANT DISCOUNT.\n(a)\nThis section applies to an\nopen-end\naccount\nagreement\nthat\nprovides\nfor\ncredit\ncard\ntransactions:\n(1)AAin which the creditor relies on one of the ceilings\nauthorized by Chapter 303 for the rate of interest;\nand\n(2)AAin\nconnection\nwith\nwhich\nthe\ncreditor\ndoes\nnot\nimpose or receive a merchant discount.\n(b)AAInterest or time price differential may not be charged\nfor a billing cycle of an open-end account credit agreement if:\n(1)AAthe total amount of the obligor \u2019s payments during\nthe cycle equal or exceed the balance owed under the agreement at\nthe end of the preceding billing cycle;\nor\n(2)AAan amount is not owed under the agreement at the\nend of the preceding billing cycle.\nAmended by Acts 1999, 76th Leg., ch. 62, Sec. 7.18(a), eff. Sept. 1,\n1999.\nSec.A339.003.AASALE\nOF\nOPEN-END\nACCOUNT\nWITHOUT\nMERCHANT\nDISCOUNT.\nA seller or lessor may sell an open-end account credit\nagreement described by Section 339.002(a) or any balance under that\nagreement to a purchaser who purchases a substantial part of the\nseller \u2019s or lessor \u2019s open-end account credit agreements or balances\nunder\nthose\nagreements\nin\naccordance\nwith\nSubchapter\nG,\nChapter\n345.\nA charge, fee, or discount on that sale:\n(1)AAis not a merchant discount;\n(2)AAdoes\nnot\ndisqualify\nthe\nopen-end\naccount\ncredit\nagreement or a balance under that agreement from being subject to\nChapter 303 or from coverage under this section;\nand\n(3)AAdoes\nnot\nsubject\nthe\naccount\nto\nthe\nlimitations\nprovided by Section 303.006(c).\nAmended by Acts 1999, 76th Leg., ch. 62, Sec. 7.18(a), eff. Sept. 1,\n1\n1999.\nSec.A339.004.AAAPPLICATION\nOF\nLICENSING\nREQUIREMENT\nAND\nSUBTITLE B TO CREDIT UNION OR EMPLOYEE BENEFIT PLAN.\n(a)\nA credit\nunion is not subject to Subtitle B\nand is not required to obtain a\nlicense under this title.\n(b)AAWith\nrespect\nto\na\nloan\nthat\nan\nemployee\nbenefit\nplan\nthat\nis\nsubject\nto\nTitle\nI\nof\nthe\nEmployee\nRetirement\nIncome\nSecurity\nAct\nof\n1974\n(29\nU.S.C.\nSections\n1001-1114)\nmakes\nto\na\nparticipant in the plan or a participant \u2019s beneficiary, the plan is\nnot subject to Subtitle B and is not required to obtain a license\nunder this title.\nAmended by Acts 1999, 76th Leg., ch. 62, Sec. 7.18(a), eff. Sept. 1,\n1999.\nSec.A339.005.AAAPPLICABILITY OF CERTAIN\nFEDERAL LAW.\nThis\ntitle does not override or restrict the applicability of 12 U.S.C.\nSection 1735f-7a.\nAdded by Acts 2001, 77th Leg., ch. 916, Sec. 9, eff. Sept. 1, 2001.\n2"
      }
    }
  }
}