{
  "text": "FINANCE CODE\nTITLE 3. FINANCIAL INSTITUTIONS AND BUSINESSES\nSUBTITLE Z. MISCELLANEOUS PROVISIONS RELATING TO FINANCIAL\nINSTITUTIONS AND BUSINESSES\nCHAPTER 277. BUSINESS CHECKING ACCOUNTS\nSec.A277.001.AADEFINITIONS.\nIn this chapter:\n(1)AA\"Business\"\nmeans\na\nlegal\nentity,\nincluding\na\ncorporation, partnership, or sole proprietorship, that is formed\nfor the purpose of making a profit.\n(2)AA\"Business checking account\" means an account at a\nfinancial\ninstitution\nfrom\nwhich\nwithdrawals\nmay\nbe\nmade\nby\na\nbusiness\nby\ncheck\nor\ndraft.\nThe\nterm\nincludes\na\nmoney\nmarket\naccount, a negotiable order of withdrawal account, or other account\nat a financial institution in which the account holder has check\nwriting privileges.\n(3)AA\"Financial institution\" means a state or national\nbank,\nstate\nor\nfederal\nsavings\nand\nloan\nassociation,\nstate\nor\nfederal\nsavings\nbank,\nor\nstate\nor\nfederal\ncredit\nunion\ndoing\nbusiness in this state.\nAdded by Acts 1999, 76th Leg., ch. 998, Sec. 1, eff. Sept. 1, 1999.\nSec.A277.002.AAACCOUNT\nINFORMATION\nREQUIRED.\n(a)\nA\nfinancial institution shall require, as a condition of opening or\nmaintaining\na\nbusiness\nchecking\naccount,\nthat\nthe\napplicant\nor\naccount holder provide:\n(1)AAif the business is a sole proprietorship:\n(A)AAthe name of the business owner;\n(B)AAthe physical address of the business;\n(C)AAthe home address of the business owner;\nand\n(D)AAthe driver \u2019s license number of the business\nowner\nor\nthe\npersonal\nidentification\ncard\nnumber\nissued\nto\nthe\nbusiness owner by the Department of Public Safety;\nor\n(2)AAif\nthe\nbusiness\nis\na\ncorporation\nor\nother\nlegal\nentity, a copy of the business \u2019s certificate of incorporation or a\ncomparable document and an assumed name certificate, if any.\n(b)AAThe\nfinancial\ninstitution\nshall\nrequest\nthat\nthe\n1\naccount\nholder\ninform\nthe\ninstitution\nat\nleast\nannually\nof\nany\nchanges in the information the institution is required to obtain\nunder Subsection (a).\nAdded by Acts 1999, 76th Leg., ch. 998, Sec. 1, eff. Sept. 1, 1999.\nSec.A277.003.AADISCLOSURE OF INFORMATION.\n(a)\nA financial\ninstitution\nmay\nnot\nunreasonably\nwithhold\nthe\ninformation\ndescribed by Section 277.002 in response to a written request for\nthe information that:\n(1)AAis\nmade\nby\na\nperson\nto\nwhom\nthe\nfinancial\ninstitution\nhas\nreturned\na\ndishonored\ncheck\nor\ndraft\nthat\nwas\nissued\nto\nthe\nperson\nby\na\nbusiness\nthat\nmaintains\na\nbusiness\nchecking account;\nand\n(2)AAincludes\na\nphotocopy\nof\nthe\ndishonored\ncheck\nor\ndraft.\n(b)AAA\nfinancial\ninstitution\nthat\nassesses\na\nreasonable\nresearch fee in the regular course of business may assess the fee on\na person who requests information under this section.\n(c)AAA\nfinancial\ninstitution\nis\nnot\nliable\nto\nan\naccount\nholder or other person for the disclosure of information under this\nsection.\nAdded by Acts 1999, 76th Leg., ch. 998, Sec. 1, eff. Sept. 1, 1999.\n2",
  "metadata": {
    "site_url": "https://statutes.capitol.texas.gov/?Code=FI&Value=277",
    "extra_data": {
      "code_title": "Title FI",
      "chapter_number": "277",
      "separated_text": {
        "\u00a7 277.001": ".AADEFINITIONS.\nIn this chapter:\n(1)AA\"Business\"\nmeans\na\nlegal\nentity,\nincluding\na\ncorporation, partnership, or sole proprietorship, that is formed\nfor the purpose of making a profit.\n(2)AA\"Business checking account\" means an account at a\nfinancial\ninstitution\nfrom\nwhich\nwithdrawals\nmay\nbe\nmade\nby\na\nbusiness\nby\ncheck\nor\ndraft.\nThe\nterm\nincludes\na\nmoney\nmarket\naccount, a negotiable order of withdrawal account, or other account\nat a financial institution in which the account holder has check\nwriting privileges.\n(3)AA\"Financial institution\" means a state or national\nbank,\nstate\nor\nfederal\nsavings\nand\nloan\nassociation,\nstate\nor\nfederal\nsavings\nbank,\nor\nstate\nor\nfederal\ncredit\nunion\ndoing\nbusiness in this state.\nAdded by Acts 1999, 76th Leg., ch. 998, Sec. 1, eff. Sept. 1, 1999.\nSec.A277.002.AAACCOUNT\nINFORMATION\nREQUIRED.\n(a)\nA\nfinancial institution shall require, as a condition of opening or\nmaintaining\na\nbusiness\nchecking\naccount,\nthat\nthe\napplicant\nor\naccount holder provide:\n(1)AAif the business is a sole proprietorship:\n(A)AAthe name of the business owner;\n(B)AAthe physical address of the business;\n(C)AAthe home address of the business owner;\nand\n(D)AAthe driver \u2019s license number of the business\nowner\nor\nthe\npersonal\nidentification\ncard\nnumber\nissued\nto\nthe\nbusiness owner by the Department of Public Safety;\nor\n(2)AAif\nthe\nbusiness\nis\na\ncorporation\nor\nother\nlegal\nentity, a copy of the business \u2019s certificate of incorporation or a\ncomparable document and an assumed name certificate, if any.\n(b)AAThe\nfinancial\ninstitution\nshall\nrequest\nthat\nthe\n1\naccount\nholder\ninform\nthe\ninstitution\nat\nleast\nannually\nof\nany\nchanges in the information the institution is required to obtain\nunder Subsection (a).\nAdded by Acts 1999, 76th Leg., ch. 998, Sec. 1, eff. Sept. 1, 1999.\nSec.A277.003.AADISCLOSURE OF INFORMATION.\n(a)\nA financial\ninstitution\nmay\nnot\nunreasonably\nwithhold\nthe\ninformation\ndescribed by Section 277.002 in response to a written request for\nthe information that:\n(1)AAis\nmade\nby\na\nperson\nto\nwhom\nthe\nfinancial\ninstitution\nhas\nreturned\na\ndishonored\ncheck\nor\ndraft\nthat\nwas\nissued\nto\nthe\nperson\nby\na\nbusiness\nthat\nmaintains\na\nbusiness\nchecking account;\nand\n(2)AAincludes\na\nphotocopy\nof\nthe\ndishonored\ncheck\nor\ndraft.\n(b)AAA\nfinancial\ninstitution\nthat\nassesses\na\nreasonable\nresearch fee in the regular course of business may assess the fee on\na person who requests information under this section.\n(c)AAA\nfinancial\ninstitution\nis\nnot\nliable\nto\nan\naccount\nholder or other person for the disclosure of information under this\nsection.\nAdded by Acts 1999, 76th Leg., ch. 998, Sec. 1, eff. Sept. 1, 1999.\n2"
      }
    }
  }
}