{
  "text": "FINANCE CODE\nTITLE 5. PROTECTION OF CONSUMERS OF FINANCIAL SERVICES\nCHAPTER 395. COMMUNITY REINVESTMENT WORK GROUP\nSUBCHAPTER A. COMPOSITION AND OPERATION\nSec.A395.001.AACOMPOSITION.\nThe community reinvestment work\ngroup is composed of:\n(1)AAa\nrepresentative\nof\nthe\ncomptroller \u2019s\noffice,\nappointed by the comptroller;\n(2)AAa\nrepresentative\nof\nthe\nTexas\nDepartment\nof\nHousing and Community Affairs, appointed by the executive director\nof that department;\n(3)AAa\nrepresentative\nof\nthe\nTexas\nDepartment\nof\nEconomic Development, appointed by the executive director of that\ndepartment;\n(4)AAa\nrepresentative\nof\nthe\nTexas\nDepartment\nof\nBanking, appointed by the banking commissioner of Texas;\nand\n(5)AAa\nrepresentative\nof\nthe\nTexas\nDepartment\nof\nInsurance, appointed by the commissioner of insurance.\nAdded by Acts 1999, 76th Leg., ch. 62, Sec. 7.28(a), eff. Sept. 1,\n1999.\nSec.A395.002.AAOFFICERS.\nThe\nrepresentative\nof\nthe\ncomptroller \u2019s office serves as presiding officer of the work group.\nThe members of the work group may elect other necessary officers.\nAdded by Acts 1999, 76th Leg., ch. 62, Sec. 7.28(a), eff. Sept. 1,\n1999.\nSec.A395.003.AAMEETINGS.\nThe\nwork\ngroup\nshall\nmeet\nquarterly\nand\nmay\nmeet\nmore\noften\nat\nthe\ncall\nof\nthe\npresiding\nofficer.\nAdded by Acts 1999, 76th Leg., ch. 62, Sec. 7.28(a), eff. Sept. 1,\n1999.\nSec.A395.004.AATERM\nOF\nOFFICE;\nREMOVAL.\nA\nmember\nof\nthe\nwork group serves a two-year term and may be removed for any reason\n1\nby the appointing authority.\nAdded by Acts 1999, 76th Leg., ch. 62, Sec. 7.28(a), eff. Sept. 1,\n1999.\nSec.A395.005.AAEXPENSES;\nCOMPENSATION.\nThe\nappointing\nauthority is responsible for the expenses of a member \u2019s service on\nthe work group.\nA member of the work group receives no additional\ncompensation for serving on the work group.\nAdded by Acts 1999, 76th Leg., ch. 62, Sec. 7.28(a), eff. Sept. 1,\n1999.\nSUBCHAPTER B. DUTIES\nSec.A395.101.AAGENERAL DUTIES.\nThe work group shall work in\nconjunction with the banking community in this state to:\n(1)AAdevelop\nstatewide\ncommunity\nreinvestment\nstrategies\nusing\nexisting\ninvestment\npools\nand\nother\ninvestment\nvehicles\nto\nleverage\nprivate\ncapital\nfrom\nbanks,\ninsurance\ncompanies,\nand\nother\nentities\nfor\ncommunity\ndevelopment\nin\nthe\nstate;\n(2)AAconsult and coordinate with representatives from\nappropriate federal regulatory agencies, including the Office of\nthe\nComptroller\nof\nthe\nCurrency,\nthe\nFederal\nReserve\nBoard\nof\nGovernors,\nthe\nFederal\nDeposit\nInsurance\nCorporation,\nand\nthe\nOffice of Thrift Supervision;\nand\n(3)AAmonitor\nand\nevaluate\nthe\nstrategies\ndeveloped\nunder this section.\nAdded by Acts 1999, 76th Leg., ch. 62, Sec. 7.28(a), eff. Sept. 1,\n1999.\nSec.A395.102.AADEVELOPING\nSTRATEGIES.\nIn\ndeveloping\nthe\nstrategies required by Section 395.101, the work group shall:\n(1)AAexplore\ninnovative\nqualified\ninvestment\nstrategies;\n(2)AAensure to the extent possible that the strategies\nencourage\nfinancial\ninstitutions\nin\nthis\nstate\nto\nlend\nmoney\nto\nlow-income\nand\nmoderate-income\nfamilies\nand\nindividuals\nin\nthe\n2\nstate;\n(3)AAcoordinate its efforts to attract private capital\nthrough\ninvestments\nthat\nmeet\nthe\nrequirements\nof\nthe\nCommunity\nReinvestment Act of 1977 (12 U.S.C. Section 2901 et seq.);\nand\n(4)AAensure to the extent possible that the strategies\naugment existing Community Reinvestment Act of 1977 programs in the\nstate,\nincluding\nthe\noperation\nof\nlocal\ncommunity\ndevelopment\ncorporations.\nAdded by Acts 1999, 76th Leg., ch. 62, Sec. 7.28(a), eff. Sept. 1,\n1999.\n3",
  "metadata": {
    "site_url": "https://statutes.capitol.texas.gov/?Code=FI&Value=395",
    "extra_data": {
      "code_title": "Title FI",
      "chapter_number": "395",
      "separated_text": {}
    }
  }
}