{
  "text": "FINANCE CODE\nTITLE 4. REGULATION OF INTEREST, LOANS, AND FINANCED TRANSACTIONS\nSUBTITLE A. INTEREST\nCHAPTER 308.\nCONSUMER CREDIT PROTECTIONS\nSec.\n308.001.AAAPPLICABILITY.\nThis\nchapter\napplies\nto\na\nperson regularly engaged in the business of extending credit under\nthis subtitle primarily for personal, family, or household use and\nnot\nfor\na\nbusiness,\ncommercial,\ninvestment,\nor\nagricultural\npurpose.AAThis chapter does not apply to a transaction primarily\nfor a business, commercial, investment, or agricultural purpose.\nAdded by Acts 2005, 79th Leg., Ch. 1018 (H.B. 955), Sec. 1.01, eff.\nSeptember 1, 2005.\nSec. 308.002.AAFALSE, MISLEADING, OR DECEPTIVE ADVERTISING.\n(a)\nA creditor may not, in any manner, advertise or cause to be\nadvertised\na\nfalse,\nmisleading,\nor\ndeceptive\nstatement\nor\nrepresentation relating to a rate, term, or condition of a credit\ntransaction\nor\nadvertise\ncredit\nterms\nthat\nthe\nperson\ndoes\nnot\nintend to offer to consumers who qualify for those terms.\n(b)AAThis section does not create a private right of action.\n(c)AAIn interpreting this section, an administrative agency\nor a court shall be guided by the applicable advertising provisions\nof:\n(1)AAPart\nC\nof\nthe\nTruth\nin\nLending\nAct\n(15\nU.S.C.\nSection 1661 et seq.);\n(2)AARegulation\nZ\n(12\nC.F.R.\nParts\n226\nand\n1026)\nadopted by the Board of Governors of the Federal Reserve System and\nthe Consumer Financial Protection Bureau; and\n(3)AAthe\nOfficial\nStaff\nCommentary\nand\nother\ninterpretations\nof\nthat\nstatute\nand\nregulation\nby\nthe\nBoard\nof\nGovernors\nof\nthe\nFederal\nReserve\nSystem,\nthe\nConsumer\nFinancial\nProtection Bureau, and the staff of those agencies.\n(d)AAIf a requirement of this section and a requirement of a\nfederal law, including a regulation or an interpretation of federal\nlaw, are inconsistent or in conflict, federal law controls and the\ninconsistent\nor\nconflicting\nrequirements\nof\nthis\nchapter\ndo\nnot\n1\napply.\n(e)AAA creditor who complies with the Truth in Lending Act\n(15 U.S.C. Section 1601 et seq.) and Regulation Z (12 C.F.R. Parts\n226 and 1026) in advertising a credit transaction is considered to\nhave fully complied with this section.\nAdded by Acts 2005, 79th Leg., Ch. 1018 (H.B. 955), Sec. 1.01, eff.\nSeptember 1, 2005.\nAmended by:\nActs 2023, 88th Leg., R.S., Ch. 159 (S.B. 1371), Sec. 7, eff.\nSeptember 1, 2023.\nSec. 308.003.AANO DOUBLE LIABILITY OR ENFORCEMENT FOR SAME\nACT\nOR\nPRACTICE.\nA\njudgment,\nconsent\ndecree,\nassurance\nof\ncompliance, or other resolution of a claimed violation asserted by\na\nfederal\nagency\nunder\nthe\nConsumer\nCredit\nProtection\nAct\n(15\nU.S.C.\nSection\n1601\net\nseq.)\nbars\na\nsubsequent\naction\nor\nother\nenforcement\nunder\nthis\nchapter\nwith\nrespect\nto\nthe\nsame\nact\nor\npractice.\nAdded by Acts 2005, 79th Leg., Ch. 1018 (H.B. 955), Sec. 1.01, eff.\nSeptember 1, 2005.\n2",
  "metadata": {
    "site_url": "https://statutes.capitol.texas.gov/?Code=FI&Value=308",
    "extra_data": {
      "code_title": "Title FI",
      "chapter_number": "308",
      "separated_text": {
        "\u00a7 \n308.001": ".AAAPPLICABILITY.\nThis\nchapter\napplies\nto\na\nperson regularly engaged in the business of extending credit under\nthis subtitle primarily for personal, family, or household use and\nnot\nfor\na\nbusiness,\ncommercial,\ninvestment,\nor\nagricultural\npurpose.AAThis chapter does not apply to a transaction primarily\nfor a business, commercial, investment, or agricultural purpose.\nAdded by Acts 2005, 79th Leg., Ch. 1018 (H.B. 955), Sec. 1.01, eff.\nSeptember 1, 2005.\nSec. 308.002.AAFALSE, MISLEADING, OR DECEPTIVE ADVERTISING.\n(a)\nA creditor may not, in any manner, advertise or cause to be\nadvertised\na\nfalse,\nmisleading,\nor\ndeceptive\nstatement\nor\nrepresentation relating to a rate, term, or condition of a credit\ntransaction\nor\nadvertise\ncredit\nterms\nthat\nthe\nperson\ndoes\nnot\nintend to offer to consumers who qualify for those terms.\n(b)AAThis section does not create a private right of action.\n(c)AAIn interpreting this section, an administrative agency\nor a court shall be guided by the applicable advertising provisions\nof:\n(1)AAPart\nC\nof\nthe\nTruth\nin\nLending\nAct\n(15\nU.S.C.\nSection 1661 et seq.);\n(2)AARegulation\nZ\n(12\nC.F.R.\nParts\n226\nand\n1026)\nadopted by the Board of Governors of the Federal Reserve System and\nthe Consumer Financial Protection Bureau; and\n(3)AAthe\nOfficial\nStaff\nCommentary\nand\nother\ninterpretations\nof\nthat\nstatute\nand\nregulation\nby\nthe\nBoard\nof\nGovernors\nof\nthe\nFederal\nReserve\nSystem,\nthe\nConsumer\nFinancial\nProtection Bureau, and the staff of those agencies.\n(d)AAIf a requirement of this section and a requirement of a\nfederal law, including a regulation or an interpretation of federal\nlaw, are inconsistent or in conflict, federal law controls and the\ninconsistent\nor\nconflicting\nrequirements\nof\nthis\nchapter\ndo\nnot\n1\napply.\n(e)AAA creditor who complies with the Truth in Lending Act\n(15 U.S.C. Section 1601 et seq.) and Regulation Z (12 C.F.R. Parts\n226 and 1026) in advertising a credit transaction is considered to\nhave fully complied with this section.\nAdded by Acts 2005, 79th Leg., Ch. 1018 (H.B. 955), Sec. 1.01, eff.\nSeptember 1, 2005.\nAmended by:\nActs 2023, 88th Leg., R.S., Ch. 159 (S.B. 1371), Sec. 7, eff.\nSeptember 1, 2023.\nSec. 308.003.AANO DOUBLE LIABILITY OR ENFORCEMENT FOR SAME\nACT\nOR\nPRACTICE.\nA\njudgment,\nconsent\ndecree,\nassurance\nof\ncompliance, or other resolution of a claimed violation asserted by\na\nfederal\nagency\nunder\nthe\nConsumer\nCredit\nProtection\nAct\n(15\nU.S.C.\nSection\n1601\net\nseq.)\nbars\na\nsubsequent\naction\nor\nother\nenforcement\nunder\nthis\nchapter\nwith\nrespect\nto\nthe\nsame\nact\nor\npractice.\nAdded by Acts 2005, 79th Leg., Ch. 1018 (H.B. 955), Sec. 1.01, eff.\nSeptember 1, 2005.\n2"
      }
    }
  }
}