{
  "text": "FINANCE CODE\nTITLE 5. PROTECTION OF CONSUMERS OF FINANCIAL SERVICES\nCHAPTER 391. FURNISHING FALSE CREDIT INFORMATION\nSec.A391.001.AADEFINITION.\nIn\nthis\nchapter,\n\"credit\nreporting\nbureau\"\nmeans\na\nperson\nwho\nengages\nin\nthe\npractice\nof\nassembling or reporting credit information about individuals for\nthe purpose of furnishing the information to a third party.\nActs 1997, 75th Leg., ch. 1008, Sec. 1, eff. Sept. 1, 1997.\nSec.A391.002.AAFURNISHING FALSE INFORMATION;\nPENALTY.\n(a)\nA person commits an offense if the person knowingly furnishes false\ninformation\nabout\nanother\nperson \u2019s\ncreditworthiness,\ncredit\nstanding, or credit capacity to a credit reporting bureau.\n(b)AAA\ncredit\nreporting\nbureau\ncommits\nan\noffense\nif\nthe\ncredit\nreporting\nbureau\nknowingly\nfurnishes\nfalse\ninformation\nabout\na\nperson \u2019s\ncreditworthiness,\ncredit\nstanding,\nor\ncredit\ncapacity to a third party.\n(c)AAAn\noffense\nunder\nthis\nsection\nis\na\nmisdemeanor\npunishable by a fine of not more than $200.\nActs 1997, 75th Leg., ch. 1008, Sec. 1, eff. Sept. 1, 1997.\n1",
  "metadata": {
    "site_url": "https://statutes.capitol.texas.gov/?Code=FI&Value=391",
    "extra_data": {
      "code_title": "Title FI",
      "chapter_number": "391",
      "separated_text": {}
    }
  }
}