{
  "text": "FINANCE CODE\nTITLE 3. FINANCIAL INSTITUTIONS AND BUSINESSES\nSUBTITLE Z. MISCELLANEOUS PROVISIONS RELATING TO FINANCIAL\nINSTITUTIONS AND BUSINESSES\nCHAPTER 276. FINANCIAL INSTITUTION ACCOUNTS\nSec.A276.001.AAACCOUNTS\nFOR\nCANDIDATES\nFOR\nPUBLIC\nOFFICE.\n(a)\nA financial institution may not open an account in the name of a\ncandidate\nwithout\nobtaining\nthat\ncandidate \u2019s\nconsent\nand\nsignature.\nThis subsection does not require that the candidate be a\nsignatory to the account.\n(b)AAIn this section:\n(1)AA\"Candidate\"\nhas\nthe\nmeaning\nassigned\nby\nSection\n251.001, Election Code.\n(2)AA\"Financial institution\" means a bank, savings and\nloan association, savings bank, or credit union.\nAdded by Acts 1999, 76th Leg., ch. 62, Sec. 7.27(a), eff. Sept. 1,\n1999.\nSec. 276.002.AAGARNISHMENT OF FINANCIAL INSTITUTION ACCOUNT.\n(a)\nNotwithstanding\nthe\nTexas\nRules\nof\nCivil\nProcedure,\nif\na\nfinancial institution fails to timely file an answer to a writ of\ngarnishment issued before or after a judgment is rendered in the\ncase, a court may enter a default judgment against the financial\ninstitution solely as to the existence of liability and not as to\nthe amount of damages.\n(b)AAA\nfinancial\ninstitution\nagainst\nwhich\na\ndefault\njudgment is entered under Subsection (a) is not deemed to have in\nthe\nfinancial\ninstitution \u2019s\npossession\nor\nto\nhave\nknowledge\nof\nsufficient\ndebts,\nassets,\nor\npersonal\neffects\nof\nthe\ndebtor\nto\nsatisfy the debtor \u2019s obligations to the garnishor.\n(c)AAAfter a default judgment is entered against a financial\ninstitution\nas\nto\nthe\nexistence\nof\nliability\nas\nprovided\nby\nSubsection\n(a),\nthe\ngarnishor\nhas\nthe\nburden\nto\nestablish\nthe\namount of actual damages proximately caused to the garnishor by the\nfinancial institution \u2019s default.\n(d)AAThe court may award to the garnishor:\n1\n(1)AAdamages in the amount determined under Subsection\n(c); and\n(2)AAfor good\ncause shown,\nreasonable attorney \u2019s fees\nincurred by the garnishor in establishing damages under Subsection\n(c).\n(e)AANotwithstanding\nSection\n22.004,\nGovernment\nCode,\nthe\nsupreme court may not amend or adopt rules in conflict with this\nsection.\nAdded by Acts 2005, 79th Leg., Ch. 1319 (H.B. 3428), Sec. 1, eff.\nSeptember 1, 2005.\nSec.\n276.003.AAUSE\nOF\nPROCEEDS\nOF\nEXTENSION\nOF\nCREDIT\nFOR\nFINANCIAL INSTITUTION ACCOUNT.\n(a)\nAn obligor may use proceeds of\nan\nextension\nof\ncredit\nmade\nby\na\nfinancial\ninstitution\nfor\nbusiness, commercial, investment, or similar purposes to establish\ncollateral for the extension of credit by:\n(1)AAmaking deposits;\n(2)AApurchasing certificates of deposit; or\n(3)AAestablishing\nother\naccounts\nat\nthe\nfinancial\ninstitution.\n(b)AAThe\namount\nof\nthe\nproceeds\nused\nas\nprovided\nby\nSubsection (a) is not considered a reduction in the amount of the\nproceeds of the extension of credit for purposes of Title 4 or for\nany other purpose.\n(c)AAA determination by the obligor that it is beneficial to\nuse proceeds of an extension of credit in the manner described by\nSubsection (a) is conclusive.\n(d)AAThis section may not be construed to imply a contrary\nrule for transactions not covered by this section.\nAdded by Acts 2005, 79th Leg., Ch. 1319 (H.B. 3428), Sec. 1, eff.\nSeptember 1, 2005.\n2",
  "metadata": {
    "site_url": "https://statutes.capitol.texas.gov/?Code=FI&Value=276",
    "extra_data": {
      "code_title": "Title FI",
      "chapter_number": "276",
      "separated_text": {
        "\u00a7 276.001": ".AAACCOUNTS\nFOR\nCANDIDATES\nFOR\nPUBLIC\nOFFICE.\n(a)\nA financial institution may not open an account in the name of a\ncandidate\nwithout\nobtaining\nthat\ncandidate \u2019s\nconsent\nand\nsignature.\nThis subsection does not require that the candidate be a\nsignatory to the account.\n(b)AAIn this section:\n(1)AA\"Candidate\"\nhas\nthe\nmeaning\nassigned\nby\nSection",
        "\u00a7 \n251.001": ", Election Code.\n(2)AA\"Financial institution\" means a bank, savings and\nloan association, savings bank, or credit union.\nAdded by Acts 1999, 76th Leg., ch. 62, Sec. 7.27(a), eff. Sept. 1,\n1999.\nSec. 276.002.AAGARNISHMENT OF FINANCIAL INSTITUTION ACCOUNT.\n(a)\nNotwithstanding\nthe\nTexas\nRules\nof\nCivil\nProcedure,\nif\na\nfinancial institution fails to timely file an answer to a writ of\ngarnishment issued before or after a judgment is rendered in the\ncase, a court may enter a default judgment against the financial\ninstitution solely as to the existence of liability and not as to\nthe amount of damages.\n(b)AAA\nfinancial\ninstitution\nagainst\nwhich\na\ndefault\njudgment is entered under Subsection (a) is not deemed to have in\nthe\nfinancial\ninstitution \u2019s\npossession\nor\nto\nhave\nknowledge\nof\nsufficient\ndebts,\nassets,\nor\npersonal\neffects\nof\nthe\ndebtor\nto\nsatisfy the debtor \u2019s obligations to the garnishor.\n(c)AAAfter a default judgment is entered against a financial\ninstitution\nas\nto\nthe\nexistence\nof\nliability\nas\nprovided\nby\nSubsection\n(a),\nthe\ngarnishor\nhas\nthe\nburden\nto\nestablish\nthe\namount of actual damages proximately caused to the garnishor by the\nfinancial institution \u2019s default.\n(d)AAThe court may award to the garnishor:\n1\n(1)AAdamages in the amount determined under Subsection\n(c); and\n(2)AAfor good\ncause shown,\nreasonable attorney \u2019s fees\nincurred by the garnishor in establishing damages under Subsection\n(c).\n(e)AANotwithstanding\nSection",
        "\u00a7 \n22.004": ",\nGovernment\nCode,\nthe\nsupreme court may not amend or adopt rules in conflict with this\nsection.\nAdded by Acts 2005, 79th Leg., Ch. 1319 (H.B. 3428), Sec. 1, eff.\nSeptember 1, 2005.\nSec.",
        "\u00a7 \n276.003": ".AAUSE\nOF\nPROCEEDS\nOF\nEXTENSION\nOF\nCREDIT\nFOR\nFINANCIAL INSTITUTION ACCOUNT.\n(a)\nAn obligor may use proceeds of\nan\nextension\nof\ncredit\nmade\nby\na\nfinancial\ninstitution\nfor\nbusiness, commercial, investment, or similar purposes to establish\ncollateral for the extension of credit by:\n(1)AAmaking deposits;\n(2)AApurchasing certificates of deposit; or\n(3)AAestablishing\nother\naccounts\nat\nthe\nfinancial\ninstitution.\n(b)AAThe\namount\nof\nthe\nproceeds\nused\nas\nprovided\nby\nSubsection (a) is not considered a reduction in the amount of the\nproceeds of the extension of credit for purposes of Title 4 or for\nany other purpose.\n(c)AAA determination by the obligor that it is beneficial to\nuse proceeds of an extension of credit in the manner described by\nSubsection (a) is conclusive.\n(d)AAThis section may not be construed to imply a contrary\nrule for transactions not covered by this section.\nAdded by Acts 2005, 79th Leg., Ch. 1319 (H.B. 3428), Sec. 1, eff.\nSeptember 1, 2005.\n2"
      }
    }
  }
}