{
  "text": "FINANCE CODE\nTITLE 3. FINANCIAL INSTITUTIONS AND BUSINESSES\nSUBTITLE Z. MISCELLANEOUS PROVISIONS RELATING TO FINANCIAL\nINSTITUTIONS AND BUSINESSES\nCHAPTER 278. REGULATION OF CURRENCY TRANSMISSIONS\nSUBCHAPTER A. GENERAL PROVISIONS\nSec.A278.001.AADEFINITIONS.\nIn this chapter:\n(1)AA\"Currency\"\nhas\nthe\nmeaning\nassigned\nby\nSection\n152.003.\n(2)AA\"Currency\ntransmission\nbusiness\"\nmeans\nengaging\nin\nor\noffering\ncurrency\ntransmission\nas\na\nservice\nor\nfor\nprofit.AAThe term does not include:\n(A)AAa\nfederally\ninsured\nfinancial\ninstitution,\nas defined by Section 201.101, that is organized under the laws of\nthis state, another state, or the United States; or\n(B)AAa title insurance company or title insurance\nagent, as defined by Section 2501.003, Insurance Code.\n(3)AA\"Currency transmission\" means receiving currency\nor\nan\ninstrument\npayable\nin\ncurrency\nin\norder\nto\ntransmit\nthe\ncurrency\nor\nits\nequivalent\nby\nwire,\ncomputer\nmodem,\nfacsimile,\nphysical\ntransport,\nor\nany\nother\nmeans\nor\nthrough\nthe\nuse\nof\na\nfinancial\nintermediary,\nthe\nFederal\nReserve\nSystem,\nor\nanother\nfunds transfer network.\n(4)AA\"Fee\"\ndoes\nnot\ninclude\nrevenue\nthat\na\ncurrency\ntransmission\nbusiness\ngenerates\nin\nconnection\nwith\na\ncurrency\ntransmission in the conversion of a currency of one government into\nthe currency of another government.\nAdded by Acts 2003, 78th Leg., ch. 1001, Sec. 7, eff. Sept. 1, 2003.\nAmended by:\nActs 2005, 79th Leg., Ch. 728 (H.B. 2018), Sec. 11.112, eff.\nSeptember 1, 2005.\nActs 2013, 83rd Leg., R.S., Ch. 988 (H.B. 2134), Sec. 17, eff.\nSeptember 1, 2013.\nActs 2023, 88th Leg., R.S., Ch. 277 (S.B. 895), Sec. 2.04,\neff. September 1, 2023.\n1\nSUBCHAPTER B. CURRENCY TRANSMISSION DISCLOSURES\nSec.A278.051.AADISCLOSURES\nWITH\nTRANSACTION.\n(a)\nOther\nthan in a telephonic transaction conducted on a telephone that is\nnot designated for use in currency transmission transactions by a\ncurrency\ntransmission\nbusiness,\nat\nthe\ntime\nof\na\ncurrency\ntransmission\ntransaction\nto\nanother\ncountry\nthe\ncurrency\ntransmission business shall provide a receipt to the customer.\nThe\nreceipt must:\n(1)AAclearly state the amount of currency presented for\ntransmission\nand\nany\nfees\ncharged\nby\nthe\ncurrency\ntransmission\nbusiness;\nand\n(2)AAprovide\na\ntoll-free\ntelephone\nnumber\nor\na\nlocal\nnumber\nthat\na\ncustomer\ncan\naccess\nat\nno\ncharge\nto\nreceive\ninformation about a currency transmission.\n(b)AAIf the rate of exchange for a currency transmission to\nbe paid in the currency of another country is fixed by the currency\ntransmission business for a transaction at the time the currency\ntransmission is initiated, the receipt must also disclose:\n(1)AAthe rate of exchange for that transaction;\n(2)AAthe amount to be paid in the foreign currency;\nand\n(3)AAthe period, if any, in which the payment must be\nmade in order to qualify for the fixed rate of exchange.\n(c)AAIf the rate of exchange for a currency transmission to\nbe paid in the currency of another country is not fixed at the time\nthe\ncurrency\ntransmission\nis\ninitiated,\nthe\nreceipt\nmust\nalso\ndisclose that the rate of exchange for the transaction will be set\nat the time the recipient of the currency transmission receives the\nfunds in the foreign country.\n(d)AAIf\nthe\ncustomer\nrequests,\nthe\ncurrency\ntransmission\nbusiness must provide the required disclosures before completing\nthe transaction.\nAdded by Acts 2003, 78th Leg., ch. 1001, Sec. 7, eff. Sept. 1, 2003.\nSec.A278.052.AACANCELLATION AND REFUND OF TRANSACTION.\n(a)\nExcept as provided by Subsection (c), on receiving the transaction\n2\nreceipt required under Section 278.051, a customer may cancel the\ncurrency transaction:\n(1)AAbefore\nleaving\nthe\npremises\nof\nthe\ncurrency\ntransmission business;\nand\n(2)AAnot later than 30 minutes after the time at which\nthe currency transmission was initiated.\n(b)AAIf the customer cancels the transaction, the currency\ntransmission business shall immediately refund to the customer the\nfees paid and currency to be transmitted.\n(c)AAA\ncustomer\nmay\nnot\ncancel\na\ntransaction\nafter\nthe\nrecipient of the currency transmission has received the currency or\nits equivalent.\nAdded by Acts 2003, 78th Leg., ch. 1001, Sec. 7, eff. Sept. 1, 2003.\nSUBCHAPTER C. ENFORCEMENT\nSec.A278.101.AACIVIL PENALTY.\n(a)\nA person who knowingly\nviolates this chapter is liable to the state for a civil penalty in\nan amount not to exceed $1,000 for each violation.\nThe attorney\ngeneral\nor\nthe\nprosecuting\nattorney\nin\nthe\ncounty\nin\nwhich\nthe\nviolation occurs may bring:\n(1)AAa suit to recover the civil penalty imposed under\nthis section;\nand\n(2)AAan action in the name of the state to restrain or\nenjoin a person from violating this chapter.\n(b)AAThe attorney general or the prosecuting attorney in the\ncounty in which the violation occurs, as appropriate, is entitled\nto\nrecover\nreasonable\nexpenses\nincurred\nin\nobtaining\ninjunctive\nrelief,\ncivil\npenalties,\nor\nboth,\nunder\nthis\nsection,\nincluding\nreasonable attorney \u2019s fees, court costs, and investigatory costs.\nAdded by Acts 2003, 78th Leg., ch. 1001, Sec. 7, eff. Sept. 1, 2003.\n3",
  "metadata": {
    "site_url": "https://statutes.capitol.texas.gov/?Code=FI&Value=278",
    "extra_data": {
      "code_title": "Title FI",
      "chapter_number": "278",
      "separated_text": {
        "\u00a7 278.001": ".AADEFINITIONS.\nIn this chapter:\n(1)AA\"Currency\"\nhas\nthe\nmeaning\nassigned\nby\nSection",
        "\u00a7 \n152.003": ".\n(2)AA\"Currency\ntransmission\nbusiness\"\nmeans\nengaging\nin\nor\noffering\ncurrency\ntransmission\nas\na\nservice\nor\nfor\nprofit.AAThe term does not include:\n(A)AAa\nfederally\ninsured\nfinancial\ninstitution,\nas defined by Section 201.101, that is organized under the laws of\nthis state, another state, or the United States; or\n(B)AAa title insurance company or title insurance\nagent, as defined by Section 2501.003, Insurance Code.\n(3)AA\"Currency transmission\" means receiving currency\nor\nan\ninstrument\npayable\nin\ncurrency\nin\norder\nto\ntransmit\nthe\ncurrency\nor\nits\nequivalent\nby\nwire,\ncomputer\nmodem,\nfacsimile,\nphysical\ntransport,\nor\nany\nother\nmeans\nor\nthrough\nthe\nuse\nof\na\nfinancial\nintermediary,\nthe\nFederal\nReserve\nSystem,\nor\nanother\nfunds transfer network.\n(4)AA\"Fee\"\ndoes\nnot\ninclude\nrevenue\nthat\na\ncurrency\ntransmission\nbusiness\ngenerates\nin\nconnection\nwith\na\ncurrency\ntransmission in the conversion of a currency of one government into\nthe currency of another government.\nAdded by Acts 2003, 78th Leg., ch. 1001, Sec. 7, eff. Sept. 1, 2003.\nAmended by:\nActs 2005, 79th Leg., Ch. 728 (H.B. 2018), Sec. 11.112, eff.\nSeptember 1, 2005.\nActs 2013, 83rd Leg., R.S., Ch. 988 (H.B. 2134), Sec. 17, eff.\nSeptember 1, 2013.\nActs 2023, 88th Leg., R.S., Ch. 277 (S.B. 895), Sec. 2.04,\neff. September 1, 2023.\n1\nSUBCHAPTER B. CURRENCY TRANSMISSION DISCLOSURES\nSec.A278.051.AADISCLOSURES\nWITH\nTRANSACTION.\n(a)\nOther\nthan in a telephonic transaction conducted on a telephone that is\nnot designated for use in currency transmission transactions by a\ncurrency\ntransmission\nbusiness,\nat\nthe\ntime\nof\na\ncurrency\ntransmission\ntransaction\nto\nanother\ncountry\nthe\ncurrency\ntransmission business shall provide a receipt to the customer.\nThe\nreceipt must:\n(1)AAclearly state the amount of currency presented for\ntransmission\nand\nany\nfees\ncharged\nby\nthe\ncurrency\ntransmission\nbusiness;\nand\n(2)AAprovide\na\ntoll-free\ntelephone\nnumber\nor\na\nlocal\nnumber\nthat\na\ncustomer\ncan\naccess\nat\nno\ncharge\nto\nreceive\ninformation about a currency transmission.\n(b)AAIf the rate of exchange for a currency transmission to\nbe paid in the currency of another country is fixed by the currency\ntransmission business for a transaction at the time the currency\ntransmission is initiated, the receipt must also disclose:\n(1)AAthe rate of exchange for that transaction;\n(2)AAthe amount to be paid in the foreign currency;\nand\n(3)AAthe period, if any, in which the payment must be\nmade in order to qualify for the fixed rate of exchange.\n(c)AAIf the rate of exchange for a currency transmission to\nbe paid in the currency of another country is not fixed at the time\nthe\ncurrency\ntransmission\nis\ninitiated,\nthe\nreceipt\nmust\nalso\ndisclose that the rate of exchange for the transaction will be set\nat the time the recipient of the currency transmission receives the\nfunds in the foreign country.\n(d)AAIf\nthe\ncustomer\nrequests,\nthe\ncurrency\ntransmission\nbusiness must provide the required disclosures before completing\nthe transaction.\nAdded by Acts 2003, 78th Leg., ch. 1001, Sec. 7, eff. Sept. 1, 2003.\nSec.A278.052.AACANCELLATION AND REFUND OF TRANSACTION.\n(a)\nExcept as provided by Subsection (c), on receiving the transaction\n2\nreceipt required under Section 278.051, a customer may cancel the\ncurrency transaction:\n(1)AAbefore\nleaving\nthe\npremises\nof\nthe\ncurrency\ntransmission business;\nand\n(2)AAnot later than 30 minutes after the time at which\nthe currency transmission was initiated.\n(b)AAIf the customer cancels the transaction, the currency\ntransmission business shall immediately refund to the customer the\nfees paid and currency to be transmitted.\n(c)AAA\ncustomer\nmay\nnot\ncancel\na\ntransaction\nafter\nthe\nrecipient of the currency transmission has received the currency or\nits equivalent.\nAdded by Acts 2003, 78th Leg., ch. 1001, Sec. 7, eff. Sept. 1, 2003.\nSUBCHAPTER C. ENFORCEMENT\nSec.A278.101.AACIVIL PENALTY.\n(a)\nA person who knowingly\nviolates this chapter is liable to the state for a civil penalty in\nan amount not to exceed $1,000 for each violation.\nThe attorney\ngeneral\nor\nthe\nprosecuting\nattorney\nin\nthe\ncounty\nin\nwhich\nthe\nviolation occurs may bring:\n(1)AAa suit to recover the civil penalty imposed under\nthis section;\nand\n(2)AAan action in the name of the state to restrain or\nenjoin a person from violating this chapter.\n(b)AAThe attorney general or the prosecuting attorney in the\ncounty in which the violation occurs, as appropriate, is entitled\nto\nrecover\nreasonable\nexpenses\nincurred\nin\nobtaining\ninjunctive\nrelief,\ncivil\npenalties,\nor\nboth,\nunder\nthis\nsection,\nincluding\nreasonable attorney \u2019s fees, court costs, and investigatory costs.\nAdded by Acts 2003, 78th Leg., ch. 1001, Sec. 7, eff. Sept. 1, 2003.\n3"
      }
    }
  }
}