{
  "text": "FINANCE CODE\nTITLE 3. FINANCIAL INSTITUTIONS AND BUSINESSES\nSUBTITLE Z. MISCELLANEOUS PROVISIONS RELATING TO FINANCIAL\nINSTITUTIONS AND BUSINESSES\nCHAPTER 271. FINANCIAL TRANSACTION REPORTING REQUIREMENTS\nSec.A271.001.AAREPORTING\nREQUIREMENT\nFOR\nCRIMES\nAND\nSUSPECTED\nCRIMES\nAND\nCURRENCY\nAND\nFOREIGN\nTRANSACTIONS.\n(a)\nA\nfinancial\ninstitution\nthat\nis\nrequired\nto\nfile\na\nreport\nwith\nrespect\nto\na\ntransaction\nin\nthis\nstate\nunder\nthe\nCurrency\nand\nForeign\nTransactions\nReporting\nAct\n(31\nU.S.C.\nSection\n5311\net\nseq.), 31 C.F.R. Part 103, or 12 C.F.R. Section 21.11, and their\nsubsequent\namendments,\nshall\nfile\na\ncopy\nof\nthe\nreport\nwith\nthe\nattorney general.\n(b)AAA\nfinancial\ninstitution\nthat\ntimely\nfiles\nthe\nreport\ndescribed by Subsection (a) with the appropriate federal agency as\nrequired by federal law complies with that subsection unless the\nattorney general:\n(1)AAnotifies the financial institution that the report\nis not of a type that is regularly and comprehensively transmitted\nby\nthe\nfederal\nagency\nto\nthe\nattorney\ngeneral\nfollowing\nthe\nattorney general \u2019s request to that agency;\n(2)AArequests\nthat\nthe\nfinancial\ninstitution\nprovide\nthe attorney general with a copy of the report;\nand\n(3)AAreimburses\nthe\nfinancial\ninstitution\nfor\nthe\nactual cost of duplicating and delivering the report or 25 cents for\neach page, whichever is less.\n(c)AAIn\nthis\nsection,\n\"financial\ninstitution\"\nhas\nthe\nmeaning\nassigned\nby\n31\nU.S.C.\nSection\n5312\nand\nits\nsubsequent\namendments.\nActs 1997, 75th Leg., ch. 1008, Sec. 1, eff. Sept. 1, 1997.\nAmended\nby Acts 1999, 76th Leg., ch. 344, Sec. 2.028, eff. Sept. 1, 1999.\nSec.A271.002.AAREPORTING\nREQUIREMENT\nFOR\nCASH\nRECEIPTS\nOF\nMORE THAN $10,000.\n(a)\nA person engaged in a trade or business who,\nin the course of the trade or business, receives more than $10,000\nin one transaction or in two or more related transactions in this\n1\nstate\nand\nwho\nis\nrequired\nto\nfile\na\nreturn\nunder\nSection\n6050I,\nInternal\nRevenue\nCode\nof\n1986\n(26\nU.S.C.\nSection\n6050I),\nor\n26\nC.F.R. Section 1.6050I-1, and their subsequent amendments, shall\nfile a copy of the return with the attorney general.\n(b)AAA\nperson\nwho\ntimely\nfiles\nthe\nreturn\ndescribed\nby\nSubsection (a) with the appropriate federal agency as required by\nfederal\nlaw\ncomplies\nwith\nthat\nsubsection\nunless\nthe\nattorney\ngeneral:\n(1)AAnotifies\nthe\nperson\nthat\nthe\nreturn\nis\nnot\nof\na\ntype\nthat\nis\nregularly\nand\ncomprehensively\ntransmitted\nby\nthe\nfederal agency to the attorney general;\nand\n(2)AArequests\nthat\nthe\nperson\nprovide\nthe\nattorney\ngeneral with a copy of the return.\nActs 1997, 75th Leg., ch. 1008, Sec. 1, eff. Sept. 1, 1997.\nAmended\nby Acts 1999, 76th Leg., ch. 344, Sec. 2.029, eff. Sept. 1, 1999.\nSec.A271.003.AAUSE\nOF\nREPORTED\nINFORMATION.\nThe\nattorney\ngeneral may report a possible violation indicated by analysis of a\nreport or return described by this chapter or information obtained\nunder this chapter to an appropriate law enforcement agency for use\nin the proper discharge of the agency \u2019s official duties.\nActs 1997, 75th Leg., ch. 1008, Sec. 1, eff. Sept. 1, 1997.\nSec.A271.004.AAFAILURE\nTO\nCOMPLY\nWITH\nREPORTING\nREQUIREMENTS;\nCRIMINAL PENALTY.\n(a)\nA person commits an offense\nif the person:\n(1)AAis\nrequested\nby\nthe\nattorney\ngeneral\nto\nsubmit\ninformation required by Section 271.001 or 271.002 to the attorney\ngeneral;\nand\n(2)AAknowingly\nfails\nto\nprovide\nthe\nrequested\ninformation to the attorney general before the 30th day after the\ndate of the request.\n(b)AAAn offense under this section is a Class A misdemeanor.\nActs 1997, 75th Leg., ch. 1008, Sec. 1, eff. Sept. 1, 1997.\nSec.A271.005.AASUPPRESSION\nOF\nPHYSICAL\nEVIDENCE;\nCRIMINAL\nPENALTY.\n(a)\nA person commits an offense if the person knowingly\n2\nsuppresses physical evidence connected with information contained\nin a report or return required by this chapter through concealment,\nalteration, or destruction.\n(b)AAAn offense under this section is a Class A misdemeanor.\nActs 1997, 75th Leg., ch. 1008, Sec. 1, eff. Sept. 1, 1997.\nSec.A271.006.AANOTIFICATION\nTO\nTARGET\nOF\nCRIMINAL\nINVESTIGATION;\nCRIMINAL PENALTY.\n(a)\nA person commits an offense\nif the person:\n(1)AAis required to submit a report or return under this\nchapter;\nand\n(2)AAknowingly notifies an individual who is the target\nof a criminal investigation involving an offense under Chapter 34,\nPenal Code, that:\n(A)AAthe attorney general has requested the person\nto\nprovide\ninformation\nrequired\nby\nthis\nchapter\nrelated\nto\nthe\ntargeted individual;\nor\n(B)AAthe\nindividual\nmay\nbe\nsubject\nto\nimpending\ncriminal prosecution.\n(b)AAAn offense under this section is a Class A misdemeanor.\nActs 1997, 75th Leg., ch. 1008, Sec. 1, eff. Sept. 1, 1997.\n3",
  "metadata": {
    "site_url": "https://statutes.capitol.texas.gov/?Code=FI&Value=271",
    "extra_data": {
      "code_title": "Title FI",
      "chapter_number": "271",
      "separated_text": {
        "\u00a7 271.001": ".AAREPORTING\nREQUIREMENT\nFOR\nCRIMES\nAND\nSUSPECTED\nCRIMES\nAND\nCURRENCY\nAND\nFOREIGN\nTRANSACTIONS.\n(a)\nA\nfinancial\ninstitution\nthat\nis\nrequired\nto\nfile\na\nreport\nwith\nrespect\nto\na\ntransaction\nin\nthis\nstate\nunder\nthe\nCurrency\nand\nForeign\nTransactions\nReporting\nAct\n(31\nU.S.C.\nSection\n5311\net\nseq.), 31 C.F.R. Part 103, or 12 C.F.R. Section 21.11, and their\nsubsequent\namendments,\nshall\nfile\na\ncopy\nof\nthe\nreport\nwith\nthe\nattorney general.\n(b)AAA\nfinancial\ninstitution\nthat\ntimely\nfiles\nthe\nreport\ndescribed by Subsection (a) with the appropriate federal agency as\nrequired by federal law complies with that subsection unless the\nattorney general:\n(1)AAnotifies the financial institution that the report\nis not of a type that is regularly and comprehensively transmitted\nby\nthe\nfederal\nagency\nto\nthe\nattorney\ngeneral\nfollowing\nthe\nattorney general \u2019s request to that agency;\n(2)AArequests\nthat\nthe\nfinancial\ninstitution\nprovide\nthe attorney general with a copy of the report;\nand\n(3)AAreimburses\nthe\nfinancial\ninstitution\nfor\nthe\nactual cost of duplicating and delivering the report or 25 cents for\neach page, whichever is less.\n(c)AAIn\nthis\nsection,\n\"financial\ninstitution\"\nhas\nthe\nmeaning\nassigned\nby\n31\nU.S.C.\nSection\n5312\nand\nits\nsubsequent\namendments.\nActs 1997, 75th Leg., ch. 1008, Sec. 1, eff. Sept. 1, 1997.\nAmended\nby Acts 1999, 76th Leg., ch. 344, Sec. 2.028, eff. Sept. 1, 1999.\nSec.A271.002.AAREPORTING\nREQUIREMENT\nFOR\nCASH\nRECEIPTS\nOF\nMORE THAN $10,000.\n(a)\nA person engaged in a trade or business who,\nin the course of the trade or business, receives more than $10,000\nin one transaction or in two or more related transactions in this\n1\nstate\nand\nwho\nis\nrequired\nto\nfile\na\nreturn\nunder\nSection\n6050I,\nInternal\nRevenue\nCode\nof\n1986\n(26\nU.S.C.\nSection\n6050I),\nor\n26\nC.F.R. Section 1.6050I-1, and their subsequent amendments, shall\nfile a copy of the return with the attorney general.\n(b)AAA\nperson\nwho\ntimely\nfiles\nthe\nreturn\ndescribed\nby\nSubsection (a) with the appropriate federal agency as required by\nfederal\nlaw\ncomplies\nwith\nthat\nsubsection\nunless\nthe\nattorney\ngeneral:\n(1)AAnotifies\nthe\nperson\nthat\nthe\nreturn\nis\nnot\nof\na\ntype\nthat\nis\nregularly\nand\ncomprehensively\ntransmitted\nby\nthe\nfederal agency to the attorney general;\nand\n(2)AArequests\nthat\nthe\nperson\nprovide\nthe\nattorney\ngeneral with a copy of the return.\nActs 1997, 75th Leg., ch. 1008, Sec. 1, eff. Sept. 1, 1997.\nAmended\nby Acts 1999, 76th Leg., ch. 344, Sec. 2.029, eff. Sept. 1, 1999.\nSec.A271.003.AAUSE\nOF\nREPORTED\nINFORMATION.\nThe\nattorney\ngeneral may report a possible violation indicated by analysis of a\nreport or return described by this chapter or information obtained\nunder this chapter to an appropriate law enforcement agency for use\nin the proper discharge of the agency \u2019s official duties.\nActs 1997, 75th Leg., ch. 1008, Sec. 1, eff. Sept. 1, 1997.\nSec.A271.004.AAFAILURE\nTO\nCOMPLY\nWITH\nREPORTING\nREQUIREMENTS;\nCRIMINAL PENALTY.\n(a)\nA person commits an offense\nif the person:\n(1)AAis\nrequested\nby\nthe\nattorney\ngeneral\nto\nsubmit\ninformation required by Section 271.001 or 271.002 to the attorney\ngeneral;\nand\n(2)AAknowingly\nfails\nto\nprovide\nthe\nrequested\ninformation to the attorney general before the 30th day after the\ndate of the request.\n(b)AAAn offense under this section is a Class A misdemeanor.\nActs 1997, 75th Leg., ch. 1008, Sec. 1, eff. Sept. 1, 1997.\nSec.A271.005.AASUPPRESSION\nOF\nPHYSICAL\nEVIDENCE;\nCRIMINAL\nPENALTY.\n(a)\nA person commits an offense if the person knowingly\n2\nsuppresses physical evidence connected with information contained\nin a report or return required by this chapter through concealment,\nalteration, or destruction.\n(b)AAAn offense under this section is a Class A misdemeanor.\nActs 1997, 75th Leg., ch. 1008, Sec. 1, eff. Sept. 1, 1997.\nSec.A271.006.AANOTIFICATION\nTO\nTARGET\nOF\nCRIMINAL\nINVESTIGATION;\nCRIMINAL PENALTY.\n(a)\nA person commits an offense\nif the person:\n(1)AAis required to submit a report or return under this\nchapter;\nand\n(2)AAknowingly notifies an individual who is the target\nof a criminal investigation involving an offense under Chapter 34,\nPenal Code, that:\n(A)AAthe attorney general has requested the person\nto\nprovide\ninformation\nrequired\nby\nthis\nchapter\nrelated\nto\nthe\ntargeted individual;\nor\n(B)AAthe\nindividual\nmay\nbe\nsubject\nto\nimpending\ncriminal prosecution.\n(b)AAAn offense under this section is a Class A misdemeanor.\nActs 1997, 75th Leg., ch. 1008, Sec. 1, eff. Sept. 1, 1997.\n3"
      }
    }
  }
}