{
  "text": "FINANCE CODE\nTITLE 3. FINANCIAL INSTITUTIONS AND BUSINESSES\nSUBTITLE C. SAVINGS BANKS\nCHAPTER 98. FOREIGN FINANCIAL INSTITUTIONS\nSUBCHAPTER A. GENERAL PROVISIONS\nSec.A98.001.AALIMITATION ON RIGHT TO DO BUSINESS AS SAVINGS\nBANK.\n(a)\nA person may not do business as a savings bank in this\nstate or maintain an office in this state for the purpose of doing\nbusiness in this state unless the person is a:\n(1)AAdomestic savings bank;\n(2)AAfederal savings bank;\nor\n(3)AAforeign savings bank that holds a certificate of\nauthority\nissued\nunder\nSubchapter\nI,\nChapter\n92,\nor\nSection\n61,\nChapter 61, General Laws, Acts of the 41st Legislature, 2nd Called\nSession, 1929 (Article 881a-60, Vernon \u2019s Texas Civil Statutes).\n(b)AASubsection (a) does not prohibit activity that is not\nconsidered to be transacting business in this state under Section\nB, Article 8.01, Texas Business Corporation Act.\nActs 1997, 75th Leg., ch. 1008, Sec. 1, eff. Sept. 1, 1997.\nSec.A98.002.AAAPPLICATION OF LAW AND RULES.\nThis subtitle\nand each rule adopted under this subtitle apply to the operations in\nthis\nstate\nof\na\nforeign\nsavings\nbank\nand\nmay\nbe\nenforced\nby\nthe\ncommissioner.\nActs 1997, 75th Leg., ch. 1008, Sec. 1, eff. Sept. 1, 1997.\nSec.A98.003.AACONTRACTS CONSTRUED UNDER LAW OF THIS STATE.\nA\ncontract between a foreign savings bank and a resident of this state\nis governed by the laws of this state.\nActs 1997, 75th Leg., ch. 1008, Sec. 1, eff. Sept. 1, 1997.\nSec.A98.004.AAFEDERAL SAVINGS BANK.\nA federal savings bank\nis not a foreign corporation or foreign savings bank for purposes of\nthis subtitle.\nActs 1997, 75th Leg., ch. 1008, Sec. 1, eff. Sept. 1, 1997.\n1\nSec.A98.005.AAAUTHORIZATION\nTO\nRETAIN\nOFFICES.\nA\nfederal\nsavings bank that has been merged, consolidated, or converted into\na domestic or foreign savings bank or association is entitled to\nretain any authorized office under the terms provided for a foreign\nsavings bank under Subchapter I, Chapter 92.\nAdded by Acts 1999, 76th Leg., ch. 62, Sec. 7.35(a), eff. Sept. 1,\n1999.\nSUBCHAPTER B. POWERS OF FOREIGN SAVINGS BANK;\nELIGIBILITY OF\nACCOUNTS FOR INVESTMENT\nSec.A98.101.AAPOWERS OF FOREIGN SAVINGS\nBANK;\nELIGIBILITY\nOF ACCOUNTS FOR INVESTMENT.\n(a)\nA foreign savings bank operating\nunder a certificate of authority issued under Subchapter I, Chapter\n92, has the rights and privileges of a savings bank created under\nthis\nsubtitle.\nThe savings\nbank \u2019s deposit\naccounts\nare eligible\nfor investment to the same extent as those of a domestic savings\nbank.\n(b)AAA foreign savings bank may not be considered a savings\nbank organized under the laws of this state.\n(c)AAA\nforeign\nsavings\nbank\noperating\nin\nthis\nstate\nunder\nthis chapter may not exercise a power, perform a function, or offer\na service that a domestic savings bank may not exercise, perform, or\noffer.\nActs 1997, 75th Leg., ch. 1008, Sec. 1, eff. Sept. 1, 1997.\nSUBCHAPTER C. CERTIFICATE OF AUTHORITY\nSec.A98.201.AARENEWAL\nOF\nCERTIFICATE.\nA\nforeign\nsavings\nbank may renew a certificate of authority issued under Subchapter\nI, Chapter 92, by paying a renewal fee in January of each year.\nThe\nfinance commission by resolution shall set the fee annually.\nActs 1997, 75th Leg., ch. 1008, Sec. 1, eff. Sept. 1, 1997.\nSec.A98.202.AAREVOCATION\nOF\nCERTIFICATE.\n(a)\nThe\ncommissioner\nmay\nrevoke\na\nforeign\nsavings\nbank \u2019s\ncertificate\nof\n2\nauthority on the failure or refusal of the savings bank to comply\nwith a final order of the commissioner.\n(b)AAOn\nrevocation\nunder\nSubsection\n(a),\nan\nagent\nof\nthe\nsavings bank may not transact business in this state except to:\n(1)AAreceive\na\npayment\nto\napply\nto\nan\nactive\nloan\ncontract;\nor\n(2)AApay a withdrawal request.\nActs 1997, 75th Leg., ch. 1008, Sec. 1, eff. Sept. 1, 1997.\nSUBCHAPTER D. EXAMINATION AND REGULATION\nSec.A98.301.AAFREQUENCY OF EXAMINATION.\nA foreign savings\nbank holding a certificate of authority issued under Subchapter I,\nChapter 92, may be examined not more than once each year.\nActs 1997, 75th Leg., ch. 1008, Sec. 1, eff. Sept. 1, 1997.\nSec.A98.302.AAEXAMINATION CHARGES.\nA foreign savings\nbank\nholding\na\ncertificate\nof\nauthority\nissued\nunder\nSubchapter\nI,\nChapter 92, shall pay:\n(1)AAan examination fee in the amount set for a domestic\nsavings bank under Section 91.007;\n(2)AAall travel expenses of the examination;\nand\n(3)AAthe amount of the examination expense that exceeds\nthe amount of the examination fee, if any.\nActs 1997, 75th Leg., ch. 1008, Sec. 1, eff. Sept. 1, 1997.\nSec.A98.303.AAAGREEMENT\nWITH\nREGULATORY\nAUTHORITY\nOF\nOTHER\nSTATE.\n(a)\nThe commissioner, in exercising the supervisory and\nregulatory\nauthority\ngranted\nunder\nChapter\n96,\nmay\nenter\ninto\na\ncooperative agreement with a regulatory authority of another state\nto\nfacilitate\nthe\nregulation\nof\nforeign\nsavings\nbanks\ndoing\nbusiness in this state.\n(b)AAThe commissioner may accept a report of an examination\nand other records from the regulatory authority of the other state\ninstead of conducting an examination outside this state.\nActs 1997, 75th Leg., ch. 1008, Sec. 1, eff. Sept. 1, 1997.\n3\nSec.A98.304.AACOMMISSIONER \u2019S AUTHORITY TO ISSUE ORDERS.\nThe\ncommissioner\nmay\nissue\nan\norder\nagainst\na\nforeign\nsavings\nbank\nholding a certificate of authority in the same manner provided by\nChapter 96 for issuance of an order against a domestic savings bank.\nActs 1997, 75th Leg., ch. 1008, Sec. 1, eff. Sept. 1, 1997.\n4",
  "metadata": {
    "site_url": "https://statutes.capitol.texas.gov/?Code=FI&Value=98",
    "extra_data": {
      "code_title": "Title FI",
      "chapter_number": "98",
      "separated_text": {
        "\u00a7 98.001": ".AALIMITATION ON RIGHT TO DO BUSINESS AS SAVINGS\nBANK.\n(a)\nA person may not do business as a savings bank in this\nstate or maintain an office in this state for the purpose of doing\nbusiness in this state unless the person is a:\n(1)AAdomestic savings bank;\n(2)AAfederal savings bank;\nor\n(3)AAforeign savings bank that holds a certificate of\nauthority\nissued\nunder\nSubchapter\nI,\nChapter\n92,\nor\nSection\n61,\nChapter 61, General Laws, Acts of the 41st Legislature, 2nd Called\nSession, 1929 (Article 881a-60, Vernon \u2019s Texas Civil Statutes).\n(b)AASubsection (a) does not prohibit activity that is not\nconsidered to be transacting business in this state under Section\nB, Article 8.01, Texas Business Corporation Act.\nActs 1997, 75th Leg., ch. 1008, Sec. 1, eff. Sept. 1, 1997.\nSec.A98.002.AAAPPLICATION OF LAW AND RULES.\nThis subtitle\nand each rule adopted under this subtitle apply to the operations in\nthis\nstate\nof\na\nforeign\nsavings\nbank\nand\nmay\nbe\nenforced\nby\nthe\ncommissioner.\nActs 1997, 75th Leg., ch. 1008, Sec. 1, eff. Sept. 1, 1997.\nSec.A98.003.AACONTRACTS CONSTRUED UNDER LAW OF THIS STATE.\nA\ncontract between a foreign savings bank and a resident of this state\nis governed by the laws of this state.\nActs 1997, 75th Leg., ch. 1008, Sec. 1, eff. Sept. 1, 1997.\nSec.A98.004.AAFEDERAL SAVINGS BANK.\nA federal savings bank\nis not a foreign corporation or foreign savings bank for purposes of\nthis subtitle.\nActs 1997, 75th Leg., ch. 1008, Sec. 1, eff. Sept. 1, 1997.\n1\nSec.A98.005.AAAUTHORIZATION\nTO\nRETAIN\nOFFICES.\nA\nfederal\nsavings bank that has been merged, consolidated, or converted into\na domestic or foreign savings bank or association is entitled to\nretain any authorized office under the terms provided for a foreign\nsavings bank under Subchapter I, Chapter 92.\nAdded by Acts 1999, 76th Leg., ch. 62, Sec. 7.35(a), eff. Sept. 1,\n1999.\nSUBCHAPTER B. POWERS OF FOREIGN SAVINGS BANK;\nELIGIBILITY OF\nACCOUNTS FOR INVESTMENT\nSec.A98.101.AAPOWERS OF FOREIGN SAVINGS\nBANK;\nELIGIBILITY\nOF ACCOUNTS FOR INVESTMENT.\n(a)\nA foreign savings bank operating\nunder a certificate of authority issued under Subchapter I, Chapter\n92, has the rights and privileges of a savings bank created under\nthis\nsubtitle.\nThe savings\nbank \u2019s deposit\naccounts\nare eligible\nfor investment to the same extent as those of a domestic savings\nbank.\n(b)AAA foreign savings bank may not be considered a savings\nbank organized under the laws of this state.\n(c)AAA\nforeign\nsavings\nbank\noperating\nin\nthis\nstate\nunder\nthis chapter may not exercise a power, perform a function, or offer\na service that a domestic savings bank may not exercise, perform, or\noffer.\nActs 1997, 75th Leg., ch. 1008, Sec. 1, eff. Sept. 1, 1997.\nSUBCHAPTER C. CERTIFICATE OF AUTHORITY\nSec.A98.201.AARENEWAL\nOF\nCERTIFICATE.\nA\nforeign\nsavings\nbank may renew a certificate of authority issued under Subchapter\nI, Chapter 92, by paying a renewal fee in January of each year.\nThe\nfinance commission by resolution shall set the fee annually.\nActs 1997, 75th Leg., ch. 1008, Sec. 1, eff. Sept. 1, 1997.\nSec.A98.202.AAREVOCATION\nOF\nCERTIFICATE.\n(a)\nThe\ncommissioner\nmay\nrevoke\na\nforeign\nsavings\nbank \u2019s\ncertificate\nof\n2\nauthority on the failure or refusal of the savings bank to comply\nwith a final order of the commissioner.\n(b)AAOn\nrevocation\nunder\nSubsection\n(a),\nan\nagent\nof\nthe\nsavings bank may not transact business in this state except to:\n(1)AAreceive\na\npayment\nto\napply\nto\nan\nactive\nloan\ncontract;\nor\n(2)AApay a withdrawal request.\nActs 1997, 75th Leg., ch. 1008, Sec. 1, eff. Sept. 1, 1997.\nSUBCHAPTER D. EXAMINATION AND REGULATION\nSec.A98.301.AAFREQUENCY OF EXAMINATION.\nA foreign savings\nbank holding a certificate of authority issued under Subchapter I,\nChapter 92, may be examined not more than once each year.\nActs 1997, 75th Leg., ch. 1008, Sec. 1, eff. Sept. 1, 1997.\nSec.A98.302.AAEXAMINATION CHARGES.\nA foreign savings\nbank\nholding\na\ncertificate\nof\nauthority\nissued\nunder\nSubchapter\nI,\nChapter 92, shall pay:\n(1)AAan examination fee in the amount set for a domestic\nsavings bank under Section 91.007;\n(2)AAall travel expenses of the examination;\nand\n(3)AAthe amount of the examination expense that exceeds\nthe amount of the examination fee, if any.\nActs 1997, 75th Leg., ch. 1008, Sec. 1, eff. Sept. 1, 1997.\nSec.A98.303.AAAGREEMENT\nWITH\nREGULATORY\nAUTHORITY\nOF\nOTHER\nSTATE.\n(a)\nThe commissioner, in exercising the supervisory and\nregulatory\nauthority\ngranted\nunder\nChapter\n96,\nmay\nenter\ninto\na\ncooperative agreement with a regulatory authority of another state\nto\nfacilitate\nthe\nregulation\nof\nforeign\nsavings\nbanks\ndoing\nbusiness in this state.\n(b)AAThe commissioner may accept a report of an examination\nand other records from the regulatory authority of the other state\ninstead of conducting an examination outside this state.\nActs 1997, 75th Leg., ch. 1008, Sec. 1, eff. Sept. 1, 1997.\n3\nSec.A98.304.AACOMMISSIONER \u2019S AUTHORITY TO ISSUE ORDERS.\nThe\ncommissioner\nmay\nissue\nan\norder\nagainst\na\nforeign\nsavings\nbank\nholding a certificate of authority in the same manner provided by\nChapter 96 for issuance of an order against a domestic savings bank.\nActs 1997, 75th Leg., ch. 1008, Sec. 1, eff. Sept. 1, 1997.\n4"
      }
    }
  }
}