{
  "text": "FINANCE CODE\nTITLE 1. GENERAL PROVISIONS\nCHAPTER 1. GENERAL PROVISIONS\nSec.A1.001.AAPURPOSE OF CODE.\n(a)\nThis code is enacted as a\npart of the state \u2019s continuing statutory revision program, begun by\nthe\nTexas\nLegislative\nCouncil\nin\n1963\nas\ndirected\nby\nthe\nlegislature\nin\nthe\nlaw\ncodified\nas\nSection\n323.007,\nGovernment\nCode.\nThe program contemplates a topic-by-topic revision of the\nstate \u2019s\ngeneral\nand\npermanent\nstatute\nlaw\nwithout\nsubstantive\nchange.\n(b)AAConsistent\nwith\nthe\nobjectives\nof\nthe\nstatutory\nrevision\nprogram,\nthe\npurpose\nof\nthis\ncode\nis\nto\nmake\nthe\nlaw\nencompassed by this code more accessible and understandable by:\n(1)AArearranging\nthe\nstatutes\ninto\na\nmore\nlogical\norder;\n(2)AAemploying a format and numbering system designed\nto\nfacilitate\ncitation\nof\nthe\nlaw\nand\nto\naccommodate\nfuture\nexpansion of the law;\n(3)AAeliminating\nrepealed,\nduplicative,\nunconstitutional,\nexpired,\nexecuted,\nand\nother\nineffective\nprovisions;\nand\n(4)AArestating\nthe\nlaw\nin\nmodern\nAmerican\nEnglish\nto\nthe greatest extent possible.\nActs 1997, 75th Leg., ch. 1008, Sec. 1, eff. Sept. 1, 1997.\nSec.A1.002.AACONSTRUCTION OF CODE.\nChapter 311, Government\nCode (Code Construction Act), applies to the construction of each\nprovision in this code except as otherwise expressly provided by\nthis code.\nActs 1997, 75th Leg., ch. 1008, Sec. 1, eff. Sept. 1, 1997.\nSec.A1.003.AAREFERENCE IN LAW TO STATUTE REVISED BY CODE.\nA\nreference in a law to a statute or a part of a statute revised by\nthis code is considered to be a reference to the part of this code\nthat revises that statute or part of that statute.\nActs 1997, 75th Leg., ch. 1008, Sec. 1, eff. Sept. 1, 1997.\n1\nSec.\n1.004.AAPREEMPTION.\n(a)AAUnless\nexpressly\nauthorized\nby\nanother\nstatute\nand\nexcept\nas\nprovided\nby\nSubsection\n(b),\na\nmunicipality\nor\ncounty\nmay\nnot\nadopt,\nenforce,\nor\nmaintain\nan\nordinance,\norder,\nor\nrule\nregulating\nconduct\nin\na\nfield\nof\nregulation\nthat\nis\noccupied\nby\na\nprovision\nof\nthis\ncode.AAAn\nordinance,\norder,\nor\nrule\nthat\nviolates\nthis\nsection\nis\nvoid,\nunenforceable, and inconsistent with this code.\n(b)AAA\nmunicipality\nor\ncounty\nmay\nenforce\nor\nmaintain\nan\nordinance, order, or rule regulating any conduct under Chapter 393\nand\nany\nconduct\nrelated\nto\na\ncredit\nservices\norganization,\nas\ndefined by Section 393.001 or by any other provision of this code,\nor a credit access business, as defined by Section 393.601 or by any\nother provision of this code, if:\n(1)AAthe municipality or county adopted the ordinance,\norder, or rule before January 1, 2023; and\n(2)AAthe\nordinance,\norder,\nor\nrule\nwould\nhave\nbeen\nvalid under the law as it existed before the date this section was\nenacted.\nAdded by Acts 2023, 88th Leg., R.S., Ch. 899 (H.B. 2127), Sec. 8,\neff. September 1, 2023.\n2",
  "metadata": {
    "site_url": "https://statutes.capitol.texas.gov/?Code=FI&Value=1",
    "extra_data": {
      "code_title": "Title FI",
      "chapter_number": "1",
      "separated_text": {
        "\u00a7 1.001": ".AAPURPOSE OF CODE.\n(a)\nThis code is enacted as a\npart of the state \u2019s continuing statutory revision program, begun by\nthe\nTexas\nLegislative\nCouncil\nin\n1963\nas\ndirected\nby\nthe\nlegislature\nin\nthe\nlaw\ncodified\nas\nSection",
        "\u00a7 \n323.007": ",\nGovernment\nCode.\nThe program contemplates a topic-by-topic revision of the\nstate \u2019s\ngeneral\nand\npermanent\nstatute\nlaw\nwithout\nsubstantive\nchange.\n(b)AAConsistent\nwith\nthe\nobjectives\nof\nthe\nstatutory\nrevision\nprogram,\nthe\npurpose\nof\nthis\ncode\nis\nto\nmake\nthe\nlaw\nencompassed by this code more accessible and understandable by:\n(1)AArearranging\nthe\nstatutes\ninto\na\nmore\nlogical\norder;\n(2)AAemploying a format and numbering system designed\nto\nfacilitate\ncitation\nof\nthe\nlaw\nand\nto\naccommodate\nfuture\nexpansion of the law;\n(3)AAeliminating\nrepealed,\nduplicative,\nunconstitutional,\nexpired,\nexecuted,\nand\nother\nineffective\nprovisions;\nand\n(4)AArestating\nthe\nlaw\nin\nmodern\nAmerican\nEnglish\nto\nthe greatest extent possible.\nActs 1997, 75th Leg., ch. 1008, Sec. 1, eff. Sept. 1, 1997.\nSec.A1.002.AACONSTRUCTION OF CODE.\nChapter 311, Government\nCode (Code Construction Act), applies to the construction of each\nprovision in this code except as otherwise expressly provided by\nthis code.\nActs 1997, 75th Leg., ch. 1008, Sec. 1, eff. Sept. 1, 1997.\nSec.A1.003.AAREFERENCE IN LAW TO STATUTE REVISED BY CODE.\nA\nreference in a law to a statute or a part of a statute revised by\nthis code is considered to be a reference to the part of this code\nthat revises that statute or part of that statute.\nActs 1997, 75th Leg., ch. 1008, Sec. 1, eff. Sept. 1, 1997.\n1\nSec.",
        "\u00a7 \n1.004": ".AAPREEMPTION.\n(a)AAUnless\nexpressly\nauthorized\nby\nanother\nstatute\nand\nexcept\nas\nprovided\nby\nSubsection\n(b),\na\nmunicipality\nor\ncounty\nmay\nnot\nadopt,\nenforce,\nor\nmaintain\nan\nordinance,\norder,\nor\nrule\nregulating\nconduct\nin\na\nfield\nof\nregulation\nthat\nis\noccupied\nby\na\nprovision\nof\nthis\ncode.AAAn\nordinance,\norder,\nor\nrule\nthat\nviolates\nthis\nsection\nis\nvoid,\nunenforceable, and inconsistent with this code.\n(b)AAA\nmunicipality\nor\ncounty\nmay\nenforce\nor\nmaintain\nan\nordinance, order, or rule regulating any conduct under Chapter 393\nand\nany\nconduct\nrelated\nto\na\ncredit\nservices\norganization,\nas\ndefined by Section 393.001 or by any other provision of this code,\nor a credit access business, as defined by Section 393.601 or by any\nother provision of this code, if:\n(1)AAthe municipality or county adopted the ordinance,\norder, or rule before January 1, 2023; and\n(2)AAthe\nordinance,\norder,\nor\nrule\nwould\nhave\nbeen\nvalid under the law as it existed before the date this section was\nenacted.\nAdded by Acts 2023, 88th Leg., R.S., Ch. 899 (H.B. 2127), Sec. 8,\neff. September 1, 2023.\n2"
      }
    }
  }
}