{
  "text": "FINANCE CODE\nTITLE 3. FINANCIAL INSTITUTIONS AND BUSINESSES\nSUBTITLE E. OTHER FINANCIAL BUSINESSES\nCHAPTER 155. BOND INVESTMENT COMPANIES\nSec.A155.001.AADEFINITION.\nIn\nthis\nchapter,\n\"bond\ninvestment company\" includes a person that places or sells bonds,\ncertificates, or debentures on the partial payment or installment\nplan.\nActs 1997, 75th Leg., ch. 1008, Sec. 1, eff. Sept. 1, 1997.\nSec.A155.002.AADEPOSIT\nREQUIRED.\n(a)\nEach\nperson\ndoing\nbusiness in this state as a bond investment company shall deposit\nwith\nthe\ncomptroller,\nin\ncash\nor\nsecurities\napproved\nby\nthe\ncomptroller, an amount equal to $5,000.\n(b)AAIn addition to the deposit required by Subsection (a), a\nperson doing business in this state as a bond investment company\nshall\ndeposit\nsemiannually\nwith\nthe\ncomptroller,\nin\ncash\nor\nsecurities\napproved\nby\nthe\ncomptroller,\nan\namount\nequal\nto\n10\npercent of all net premiums received by the company until the amount\ndeposited equals $100,000.\nActs 1997, 75th Leg., ch. 1008, Sec. 1, eff. Sept. 1, 1997.\nSec.A155.003.AAFAILURE\nTO\nMAKE\nDEPOSIT.\n(a)\nA\ndomestic\ncorporation that fails to make the deposit required by this chapter\nbefore the 61st day after the date of its organization is considered\nto have forfeited its charter or certificate of incorporation.\n(b)AAThe attorney general shall bring suit in the name of the\nstate\nto\nhave\nthe\ncharter\nor\ncertificate\nof\nincorporation\nof\na\ndomestic corporation that fails to make a deposit as required by\nSubsection (a) declared forfeited.\n(c)AAOn a finding that a domestic corporation failed to make\na\ndeposit\nas\nrequired\nby\nSubsection\n(a),\na\ncourt\nin\nwhich\na\nproceeding is brought under Subsection (b) shall:\n(1)AAdeclare\nthe\ncharter\nor\ncertificate\nof\nincorporation of the corporation forfeited;\n(2)AAappoint a receiver for the corporation;\nand\n1\n(3)AAmake equitable compensation for the receiver out\nof the assets of the corporation.\n(d)AAA\nreceiver\nappointed\nunder\nSubsection\n(c)(2)\nshall,\nunder the order of the court, distribute to the shareholders the\nassets of the corporation.\nActs 1997, 75th Leg., ch. 1008, Sec. 1, eff. Sept. 1, 1997.\nSec.A155.004.AARECEIVER ON FAILURE OF CORPORATION.\n(a)\nIf a\ncorporation that does business in this state as a bond investment\ncompany fails, a district court of the county in which the principal\noffice of the corporation is located shall appoint, on application\nof a shareholder of the corporation, a receiver.\n(b)AAA receiver appointed under Subsection (a) shall:\n(1)AAwind up the affairs of the corporation;\n(2)AAliquidate the debts of the corporation;\nand\n(3)AAdistribute\nany\nremaining\nassets\nof\nthe\ncorporation, including, if ordered by the court, the deposit made\nunder this chapter to secure the shareholders.\n(c)AAThe\ncomptroller\nmay\nrefund\na\ndeposit\nmade\nunder\nthis\nchapter on application of the receiver approved by the court.\nActs 1997, 75th Leg., ch. 1008, Sec. 1, eff. Sept. 1, 1997.\nSec.A155.005.AAEXCHANGE\nOF\nDEPOSIT.\n(a)\nOn\nrequest,\nthe\ncomptroller\nmay\nallow\na\nbond\ninvestment\ncompany\nthat\nhas\nmade\na\ndeposit under this chapter to alter the composition of the deposit\nby exchanging cash for securities or securities for cash.\n(b)AASecurities\ndeposited\nunder\nthis\nsection\nmust\nbe\napproved by the comptroller on the written advice of the attorney\ngeneral.\nActs 1997, 75th Leg., ch. 1008, Sec. 1, eff. Sept. 1, 1997.\nSec.A155.006.AARETURN\nOF\nDEPOSIT.\nThe\ncomptroller\nshall\nreturn a deposit of cash or securities made under this chapter to a\nbond investment company if:\n(1)AAthe company ceases to do business in this state;\nand\n(2)AAthe comptroller and the attorney general find that\n2\nthe company does not have any liabilities in this state.\nActs 1997, 75th Leg., ch. 1008, Sec. 1, eff. Sept. 1, 1997.\nSec.A155.007.AACRIMINAL PENALTY.\n(a)\nAn officer or agent of\na domestic or foreign corporation or company doing business in this\nstate as a bond investment company commits an offense if:\n(1)AAthe officer or agent attempts to:\n(A)AAplace or sell shares;\nor\n(B)AAtransact\nany\nbusiness\non\nbehalf\nof\nthe\ncompany;\nand\n(2)AAthe bond investment company has not complied with\nthe deposit requirements of this chapter.\n(b)AAAn offense under this section is punishable by:\n(1)AAconfinement in jail for a term of not more than six\nmonths or less than 30 days;\n(2)AAa fine of not more than $1,000 or less than $100;\nor\n(3)AAboth the fine and confinement.\nActs 1997, 75th Leg., ch. 1008, Sec. 1, eff. Sept. 1, 1997.\n3",
  "metadata": {
    "site_url": "https://statutes.capitol.texas.gov/?Code=FI&Value=155",
    "extra_data": {
      "code_title": "Title FI",
      "chapter_number": "155",
      "separated_text": {
        "\u00a7 155.001": ".AADEFINITION.\nIn\nthis\nchapter,\n\"bond\ninvestment company\" includes a person that places or sells bonds,\ncertificates, or debentures on the partial payment or installment\nplan.\nActs 1997, 75th Leg., ch. 1008, Sec. 1, eff. Sept. 1, 1997.\nSec.A155.002.AADEPOSIT\nREQUIRED.\n(a)\nEach\nperson\ndoing\nbusiness in this state as a bond investment company shall deposit\nwith\nthe\ncomptroller,\nin\ncash\nor\nsecurities\napproved\nby\nthe\ncomptroller, an amount equal to $5,000.\n(b)AAIn addition to the deposit required by Subsection (a), a\nperson doing business in this state as a bond investment company\nshall\ndeposit\nsemiannually\nwith\nthe\ncomptroller,\nin\ncash\nor\nsecurities\napproved\nby\nthe\ncomptroller,\nan\namount\nequal\nto\n10\npercent of all net premiums received by the company until the amount\ndeposited equals $100,000.\nActs 1997, 75th Leg., ch. 1008, Sec. 1, eff. Sept. 1, 1997.\nSec.A155.003.AAFAILURE\nTO\nMAKE\nDEPOSIT.\n(a)\nA\ndomestic\ncorporation that fails to make the deposit required by this chapter\nbefore the 61st day after the date of its organization is considered\nto have forfeited its charter or certificate of incorporation.\n(b)AAThe attorney general shall bring suit in the name of the\nstate\nto\nhave\nthe\ncharter\nor\ncertificate\nof\nincorporation\nof\na\ndomestic corporation that fails to make a deposit as required by\nSubsection (a) declared forfeited.\n(c)AAOn a finding that a domestic corporation failed to make\na\ndeposit\nas\nrequired\nby\nSubsection\n(a),\na\ncourt\nin\nwhich\na\nproceeding is brought under Subsection (b) shall:\n(1)AAdeclare\nthe\ncharter\nor\ncertificate\nof\nincorporation of the corporation forfeited;\n(2)AAappoint a receiver for the corporation;\nand\n1\n(3)AAmake equitable compensation for the receiver out\nof the assets of the corporation.\n(d)AAA\nreceiver\nappointed\nunder\nSubsection\n(c)(2)\nshall,\nunder the order of the court, distribute to the shareholders the\nassets of the corporation.\nActs 1997, 75th Leg., ch. 1008, Sec. 1, eff. Sept. 1, 1997.\nSec.A155.004.AARECEIVER ON FAILURE OF CORPORATION.\n(a)\nIf a\ncorporation that does business in this state as a bond investment\ncompany fails, a district court of the county in which the principal\noffice of the corporation is located shall appoint, on application\nof a shareholder of the corporation, a receiver.\n(b)AAA receiver appointed under Subsection (a) shall:\n(1)AAwind up the affairs of the corporation;\n(2)AAliquidate the debts of the corporation;\nand\n(3)AAdistribute\nany\nremaining\nassets\nof\nthe\ncorporation, including, if ordered by the court, the deposit made\nunder this chapter to secure the shareholders.\n(c)AAThe\ncomptroller\nmay\nrefund\na\ndeposit\nmade\nunder\nthis\nchapter on application of the receiver approved by the court.\nActs 1997, 75th Leg., ch. 1008, Sec. 1, eff. Sept. 1, 1997.\nSec.A155.005.AAEXCHANGE\nOF\nDEPOSIT.\n(a)\nOn\nrequest,\nthe\ncomptroller\nmay\nallow\na\nbond\ninvestment\ncompany\nthat\nhas\nmade\na\ndeposit under this chapter to alter the composition of the deposit\nby exchanging cash for securities or securities for cash.\n(b)AASecurities\ndeposited\nunder\nthis\nsection\nmust\nbe\napproved by the comptroller on the written advice of the attorney\ngeneral.\nActs 1997, 75th Leg., ch. 1008, Sec. 1, eff. Sept. 1, 1997.\nSec.A155.006.AARETURN\nOF\nDEPOSIT.\nThe\ncomptroller\nshall\nreturn a deposit of cash or securities made under this chapter to a\nbond investment company if:\n(1)AAthe company ceases to do business in this state;\nand\n(2)AAthe comptroller and the attorney general find that\n2\nthe company does not have any liabilities in this state.\nActs 1997, 75th Leg., ch. 1008, Sec. 1, eff. Sept. 1, 1997.\nSec.A155.007.AACRIMINAL PENALTY.\n(a)\nAn officer or agent of\na domestic or foreign corporation or company doing business in this\nstate as a bond investment company commits an offense if:\n(1)AAthe officer or agent attempts to:\n(A)AAplace or sell shares;\nor\n(B)AAtransact\nany\nbusiness\non\nbehalf\nof\nthe\ncompany;\nand\n(2)AAthe bond investment company has not complied with\nthe deposit requirements of this chapter.\n(b)AAAn offense under this section is punishable by:\n(1)AAconfinement in jail for a term of not more than six\nmonths or less than 30 days;\n(2)AAa fine of not more than $1,000 or less than $100;\nor\n(3)AAboth the fine and confinement.\nActs 1997, 75th Leg., ch. 1008, Sec. 1, eff. Sept. 1, 1997.\n3"
      }
    }
  }
}