{
  "text": "FINANCE CODE\nTITLE 3. FINANCIAL INSTITUTIONS AND BUSINESSES\nSUBTITLE D. CREDIT UNIONS\nCHAPTER 149. MISCELLANEOUS PROVISIONS RELATING TO CREDIT UNIONS\nSec.A149.001.AAAPPLICABILITY OF CHAPTERS 3 AND 4, BUSINESS &\nCOMMERCE CODE.\n(a)\nChapters 3 and 4, Business & Commerce Code,\ndetermine the rights, responsibilities, and liabilities of a person\nregarding an item drawn on, transferred to, or presented, remitted,\ncollected, settled, negotiated, or otherwise handled by a credit\nunion as if the credit union were a bank, unless otherwise provided\nby written agreement of the parties.\n(b)AAIn this section:\n(1)AA\"Credit union\" means a credit union authorized to\ndo business in this state under this subtitle or the Federal Credit\nUnion Act (12 U.S.C. Section 1751 et seq.).\n(2)AA\"Item\":\n(A)AAmeans\nan\ninstrument,\nwhether\nor\nnot\nnegotiable, for the payment of money;\nand\n(B)AAdoes not include money.\nActs 1997, 75th Leg., ch. 1008, Sec. 1, eff. Sept. 1, 1997.\nSec.A149.002.AAEXEMPTION FROM SECURITIES LAWS.\n(a)\nExcept\nas\nrequired\nby\nthis\nsubtitle,\na\ncredit\nunion\nauthorized\nto\ndo\nbusiness under this subtitle or the Federal Credit Union Act (12\nU.S.C. Section 1751 et seq.) and an officer, employee, or agent of\nthe\ncredit\nunion\nengaged\nin\nselling,\nissuing,\nor\noffering\na\nsecurity issued by a state or federal credit union are exempt from a\nlaw of this state to the extent the law provides for supervision,\nregistration, or regulation in connection with selling, issuing, or\noffering a security.\n(b)AAThe sale, issuance, or offering of a security issued by\na\nstate\nor\nfederal\ncredit\nunion\nis\nlegal\nwithout\nany\naction\nor\napproval by any official, other than the credit union commissioner,\nwho\nis\nauthorized\nto\nlicense,\nregulate,\nor\nsupervise\nthe\nsale,\nissuance, or offering of securities.\n(c)AAIn this section, \"security\" has the meaning assigned by\n1\nSection 4001.068, Government Code.\nActs 1997, 75th Leg., ch. 1008, Sec. 1, eff. Sept. 1, 1997.\nAmended by:\nActs 2019, 86th Leg., R.S., Ch. 491 (H.B. 4171), Sec. 2.14,\neff. January 1, 2022.\n2",
  "metadata": {
    "site_url": "https://statutes.capitol.texas.gov/?Code=FI&Value=149",
    "extra_data": {
      "code_title": "Title FI",
      "chapter_number": "149",
      "separated_text": {
        "\u00a7 149.001": ".AAAPPLICABILITY OF CHAPTERS 3 AND 4, BUSINESS &\nCOMMERCE CODE.\n(a)\nChapters 3 and 4, Business & Commerce Code,\ndetermine the rights, responsibilities, and liabilities of a person\nregarding an item drawn on, transferred to, or presented, remitted,\ncollected, settled, negotiated, or otherwise handled by a credit\nunion as if the credit union were a bank, unless otherwise provided\nby written agreement of the parties.\n(b)AAIn this section:\n(1)AA\"Credit union\" means a credit union authorized to\ndo business in this state under this subtitle or the Federal Credit\nUnion Act (12 U.S.C. Section 1751 et seq.).\n(2)AA\"Item\":\n(A)AAmeans\nan\ninstrument,\nwhether\nor\nnot\nnegotiable, for the payment of money;\nand\n(B)AAdoes not include money.\nActs 1997, 75th Leg., ch. 1008, Sec. 1, eff. Sept. 1, 1997.\nSec.A149.002.AAEXEMPTION FROM SECURITIES LAWS.\n(a)\nExcept\nas\nrequired\nby\nthis\nsubtitle,\na\ncredit\nunion\nauthorized\nto\ndo\nbusiness under this subtitle or the Federal Credit Union Act (12\nU.S.C. Section 1751 et seq.) and an officer, employee, or agent of\nthe\ncredit\nunion\nengaged\nin\nselling,\nissuing,\nor\noffering\na\nsecurity issued by a state or federal credit union are exempt from a\nlaw of this state to the extent the law provides for supervision,\nregistration, or regulation in connection with selling, issuing, or\noffering a security.\n(b)AAThe sale, issuance, or offering of a security issued by\na\nstate\nor\nfederal\ncredit\nunion\nis\nlegal\nwithout\nany\naction\nor\napproval by any official, other than the credit union commissioner,\nwho\nis\nauthorized\nto\nlicense,\nregulate,\nor\nsupervise\nthe\nsale,\nissuance, or offering of securities.\n(c)AAIn this section, \"security\" has the meaning assigned by\n1\nSection 4001.068, Government Code.\nActs 1997, 75th Leg., ch. 1008, Sec. 1, eff. Sept. 1, 1997.\nAmended by:\nActs 2019, 86th Leg., R.S., Ch. 491 (H.B. 4171), Sec. 2.14,\neff. January 1, 2022.\n2"
      }
    }
  }
}