{
  "text": "FINANCE CODE\nTITLE 4. REGULATION OF INTEREST, LOANS, AND FINANCED TRANSACTIONS\nSUBTITLE A. INTEREST\nCHAPTER 302. INTEREST RATES\nSUBCHAPTER A. USURIOUS INTEREST\nSec.A302.001.AACONTRACTING\nFOR,\nCHARGING,\nOR\nRECEIVING\nINTEREST OR TIME PRICE DIFFERENTIAL;\nUSURIOUS INTEREST.\n(a)\nA\ncreditor\nmay\ncontract\nfor,\ncharge,\nand\nreceive\nfrom\nan\nobligor\ninterest or time price differential.\n(b)AAThe maximum rate or amount of interest is 10 percent a\nyear\nexcept\nas\notherwise\nprovided\nby\nlaw.\nA\ngreater\nrate\nof\ninterest\nthan\n10\npercent\na\nyear\nis\nusurious\nunless\notherwise\nprovided by law.\nAll contracts for usurious interest are contrary\nto public policy and subject to the appropriate penalty prescribed\nby Chapter 305.\n(c)AATo\ndetermine\nthe\ninterest\nrate\nof\na\nloan\nunder\nthis\nsubtitle,\nall\ninterest\nat\nany\ntime\ncontracted\nfor\nshall\nbe\naggregated\nand\namortized\nusing\nthe\nactuarial\nmethod\nduring\nthe\nstated term of the loan.\n(d)AAIn addition to interest authorized by Subsection (b), a\nloan providing for a rate of interest that is 10 percent a year or\nless\nmay\nprovide\nfor\na\ndelinquency\ncharge\non\nthe\namount\nof\nany\npayment in default for a period of not less than 10 days in an amount\nnot\nto\nexceed\nthe\ngreater\nof\nfive\npercent\nof\nthe\namount\nof\nthe\npayment or $7.50.\nThe charging of the delinquency charge does not\nmake\nthe\nloan\nsubject\nto\nChapter\n342\nor\nany\nother\nprovision\nof\nSubtitle B.\nAmended by Acts 1999, 76th Leg., ch. 62, Sec. 7.18(a), eff. Sept. 1,\n1999;\nActs 2001, 77th Leg., ch. 916, Sec. 8, eff. Sept. 1, 2001.\nSec.A302.002.AAACCRUAL OF INTEREST\nWHEN NO RATE SPECIFIED.\nIf a creditor has not agreed with an obligor to charge the obligor\nany interest, the creditor may charge and receive from the obligor\nlegal interest at the rate of six percent a year on the principal\namount of the credit extended beginning on the 30th day after the\n1\ndate on which the amount is due.\nIf an obligor has agreed to pay to\na creditor any compensation that constitutes interest, the obligor\nis considered to have agreed on the rate produced by the amount of\nthat\ninterest,\nregardless\nof\nwhether\nthat\nrate\nis\nstated\nin\nthe\nagreement.\nAmended by Acts 1999, 76th Leg., ch. 62, Sec. 7.18(a), eff. Sept. 1,\n1999.\nSUBCHAPTER B. OTHER RATES AND PROVISIONS ON LOANS SECURED BY REAL\nPROPERTY\nSec.A302.101.AADETERMINING\nRATES\nOF\nINTEREST\nBY\nSPREADING.\n(a)\nTo determine whether a loan secured in any part by an interest\nin real property, including a lien, mortgage, or security interest,\nis\nusurious,\nthe\ninterest\nrate\nis\ncomputed\nby\namortizing\nor\nspreading, using the actuarial method during the stated term of the\nloan, all interest at any time contracted for, charged, or received\nin connection with the loan.\n(b)AAIf a loan described by Subsection (a) is paid in full\nbefore\nthe\nend\nof\nthe\nstated\nterm\nof\nthe\nloan\nand\nthe\namount\nof\ninterest received for the period that the loan exists exceeds the\namount that produces the maximum rate authorized by law for that\nperiod, the lender shall:\n(1)AArefund the amount of the excess to the borrower;\nor\n(2)AAcredit\nthe\namount\nof\nthe\nexcess\nagainst\namounts\nowing under the loan.\n(c)AAA lender who complies with Subsection (b) is not subject\nto\nany\nof\nthe\npenalties\nprovided\nby\nlaw\nfor\ncontracting\nfor,\ncharging,\nor\nreceiving\ninterest\nin\nexcess\nof\nthe\nmaximum\nrate\nauthorized.\nAmended by Acts 1999, 76th Leg., ch. 62, Sec. 7.18(a), eff. Sept. 1,\n1999.\nSec.A302.102.AAPROHIBITION\nON\nPREPAYMENT\nPENALTY.\nIf\nthe\ninterest\nrate\non\na\nloan\nfor\nproperty\nthat\nis\nor\nis\nto\nbe\nthe\nresidential homestead of the borrower is greater than 12 percent a\n2\nyear, a prepayment penalty may not be collected on the loan unless\nthe penalty is required by an agency created by federal law.\nAmended by Acts 1999, 76th Leg., ch. 62, Sec. 7.18(a), eff. Sept. 1,\n1999;\nActs 1999, 76th Leg., ch. 909, Sec. 2.02, eff. Sept. 1, 1999.\nSec.A302.103.AAEFFECT OF FEDERAL PREEMPTION ON LATE CHARGES.\nOn\nloans\nsubject\nto\n12\nU.S.C.\nSections\n1735f-7\nand\n1735f-7a,\nas\namended, any late charges assessed are interest that is included in\ncomputing the amount or rate of interest on the loan and, therefore,\ncovered\nby\nthe\nfederal\npreemption\nof\nstate\ninterest\nrate\nlimitations.\nAmended by Acts 1999, 76th Leg., ch. 62, Sec. 7.18(a), eff. Sept. 1,\n1999.\nSec.A302.104.AALOAN\nTO\nPURCHASE\nINTEREST\nIN\nENTITY\nWITH\nFOREIGN REAL PROPERTY AS PRINCIPAL ASSET.\n(a)\nA loan the proceeds\nof which are used primarily to purchase an interest in a trust or\nother entity that has as its principal asset real property located\noutside the United States is:\n(1)AAnot subject to Subtitle B;\nand\n(2)AAsubject\nto\nthe\ninterest\nrate\nlimitations\nof\nChapter 303.\n(b)AAFor the purpose of determining the interest rate on a\nloan to which this section applies, all interest contracted for,\ncharged, or received shall be amortized, prorated, allocated, and\nspread over the full stated term of the loan.\n(c)AAThis\nsection\ndoes\nnot\naffect\napplication\nof\na\nlaw\nof\nthis state governing collateral that may be used to secure a loan to\nwhich this section applies.\nAmended by Acts 1999, 76th Leg., ch. 62, Sec. 7.18(a), eff. Sept. 1,\n1999.\n3",
  "metadata": {
    "site_url": "https://statutes.capitol.texas.gov/?Code=FI&Value=302",
    "extra_data": {
      "code_title": "Title FI",
      "chapter_number": "302",
      "separated_text": {
        "\u00a7 302.001": ".AACONTRACTING\nFOR,\nCHARGING,\nOR\nRECEIVING\nINTEREST OR TIME PRICE DIFFERENTIAL;\nUSURIOUS INTEREST.\n(a)\nA\ncreditor\nmay\ncontract\nfor,\ncharge,\nand\nreceive\nfrom\nan\nobligor\ninterest or time price differential.\n(b)AAThe maximum rate or amount of interest is 10 percent a\nyear\nexcept\nas\notherwise\nprovided\nby\nlaw.\nA\ngreater\nrate\nof\ninterest\nthan\n10\npercent\na\nyear\nis\nusurious\nunless\notherwise\nprovided by law.\nAll contracts for usurious interest are contrary\nto public policy and subject to the appropriate penalty prescribed\nby Chapter 305.\n(c)AATo\ndetermine\nthe\ninterest\nrate\nof\na\nloan\nunder\nthis\nsubtitle,\nall\ninterest\nat\nany\ntime\ncontracted\nfor\nshall\nbe\naggregated\nand\namortized\nusing\nthe\nactuarial\nmethod\nduring\nthe\nstated term of the loan.\n(d)AAIn addition to interest authorized by Subsection (b), a\nloan providing for a rate of interest that is 10 percent a year or\nless\nmay\nprovide\nfor\na\ndelinquency\ncharge\non\nthe\namount\nof\nany\npayment in default for a period of not less than 10 days in an amount\nnot\nto\nexceed\nthe\ngreater\nof\nfive\npercent\nof\nthe\namount\nof\nthe\npayment or $7.50.\nThe charging of the delinquency charge does not\nmake\nthe\nloan\nsubject\nto\nChapter\n342\nor\nany\nother\nprovision\nof\nSubtitle B.\nAmended by Acts 1999, 76th Leg., ch. 62, Sec. 7.18(a), eff. Sept. 1,\n1999;\nActs 2001, 77th Leg., ch. 916, Sec. 8, eff. Sept. 1, 2001.\nSec.A302.002.AAACCRUAL OF INTEREST\nWHEN NO RATE SPECIFIED.\nIf a creditor has not agreed with an obligor to charge the obligor\nany interest, the creditor may charge and receive from the obligor\nlegal interest at the rate of six percent a year on the principal\namount of the credit extended beginning on the 30th day after the\n1\ndate on which the amount is due.\nIf an obligor has agreed to pay to\na creditor any compensation that constitutes interest, the obligor\nis considered to have agreed on the rate produced by the amount of\nthat\ninterest,\nregardless\nof\nwhether\nthat\nrate\nis\nstated\nin\nthe\nagreement.\nAmended by Acts 1999, 76th Leg., ch. 62, Sec. 7.18(a), eff. Sept. 1,\n1999.\nSUBCHAPTER B. OTHER RATES AND PROVISIONS ON LOANS SECURED BY REAL\nPROPERTY\nSec.A302.101.AADETERMINING\nRATES\nOF\nINTEREST\nBY\nSPREADING.\n(a)\nTo determine whether a loan secured in any part by an interest\nin real property, including a lien, mortgage, or security interest,\nis\nusurious,\nthe\ninterest\nrate\nis\ncomputed\nby\namortizing\nor\nspreading, using the actuarial method during the stated term of the\nloan, all interest at any time contracted for, charged, or received\nin connection with the loan.\n(b)AAIf a loan described by Subsection (a) is paid in full\nbefore\nthe\nend\nof\nthe\nstated\nterm\nof\nthe\nloan\nand\nthe\namount\nof\ninterest received for the period that the loan exists exceeds the\namount that produces the maximum rate authorized by law for that\nperiod, the lender shall:\n(1)AArefund the amount of the excess to the borrower;\nor\n(2)AAcredit\nthe\namount\nof\nthe\nexcess\nagainst\namounts\nowing under the loan.\n(c)AAA lender who complies with Subsection (b) is not subject\nto\nany\nof\nthe\npenalties\nprovided\nby\nlaw\nfor\ncontracting\nfor,\ncharging,\nor\nreceiving\ninterest\nin\nexcess\nof\nthe\nmaximum\nrate\nauthorized.\nAmended by Acts 1999, 76th Leg., ch. 62, Sec. 7.18(a), eff. Sept. 1,\n1999.\nSec.A302.102.AAPROHIBITION\nON\nPREPAYMENT\nPENALTY.\nIf\nthe\ninterest\nrate\non\na\nloan\nfor\nproperty\nthat\nis\nor\nis\nto\nbe\nthe\nresidential homestead of the borrower is greater than 12 percent a\n2\nyear, a prepayment penalty may not be collected on the loan unless\nthe penalty is required by an agency created by federal law.\nAmended by Acts 1999, 76th Leg., ch. 62, Sec. 7.18(a), eff. Sept. 1,\n1999;\nActs 1999, 76th Leg., ch. 909, Sec. 2.02, eff. Sept. 1, 1999.\nSec.A302.103.AAEFFECT OF FEDERAL PREEMPTION ON LATE CHARGES.\nOn\nloans\nsubject\nto\n12\nU.S.C.\nSections\n1735f-7\nand\n1735f-7a,\nas\namended, any late charges assessed are interest that is included in\ncomputing the amount or rate of interest on the loan and, therefore,\ncovered\nby\nthe\nfederal\npreemption\nof\nstate\ninterest\nrate\nlimitations.\nAmended by Acts 1999, 76th Leg., ch. 62, Sec. 7.18(a), eff. Sept. 1,\n1999.\nSec.A302.104.AALOAN\nTO\nPURCHASE\nINTEREST\nIN\nENTITY\nWITH\nFOREIGN REAL PROPERTY AS PRINCIPAL ASSET.\n(a)\nA loan the proceeds\nof which are used primarily to purchase an interest in a trust or\nother entity that has as its principal asset real property located\noutside the United States is:\n(1)AAnot subject to Subtitle B;\nand\n(2)AAsubject\nto\nthe\ninterest\nrate\nlimitations\nof\nChapter 303.\n(b)AAFor the purpose of determining the interest rate on a\nloan to which this section applies, all interest contracted for,\ncharged, or received shall be amortized, prorated, allocated, and\nspread over the full stated term of the loan.\n(c)AAThis\nsection\ndoes\nnot\naffect\napplication\nof\na\nlaw\nof\nthis state governing collateral that may be used to secure a loan to\nwhich this section applies.\nAmended by Acts 1999, 76th Leg., ch. 62, Sec. 7.18(a), eff. Sept. 1,\n1999.\n3"
      }
    }
  }
}