{
  "text": "FINANCE CODE\nTITLE 4. REGULATION OF INTEREST, LOANS, AND FINANCED TRANSACTIONS\nSUBTITLE B. LOANS AND FINANCED TRANSACTIONS\nCHAPTER 350.\nREQUIREMENTS AND LIMITATIONS APPLICABLE TO CONSUMER\nCREDITORS NOT LICENSED OR REGISTERED UNDER THIS TITLE\nSec. 350.001.AAAPPLICABILITY.\n(a)\nThis chapter applies to a\nperson\nwho\nextends\ncredit\nprimarily\nfor\npersonal,\nfamily,\nor\nhousehold use and not for a business, commercial, investment, or\nagricultural\npurpose.AAFor\nthe\npurposes\nof\nthis\nchapter,\ncredit\nmeans the right granted to a debtor to defer payment of debt or to\nincur debt and defer its payment.AAA creditor is subject to this\nchapter if the creditor charges a finance charge or extends credit\npayable in one or more installments.\n(b)AAThis chapter does not apply to a person who is:\n(1)AAlicensed or registered under this title or Title\n3; or\n(2)AAexempt from licensing or registration under this\ntitle.\nAdded by Acts 2005, 79th Leg., Ch. 1018 (H.B. 955), Sec. 1.04, eff.\nSeptember 1, 2005.\nSec. 350.002.AAPREVENTION OF EVASION.\nAAAperson may not use\nany\ndevice,\nsubterfuge,\nor\npretense\nto\nevade\nthe\napplication\nof\nthis section.\nAdded by Acts 2005, 79th Leg., Ch. 1018 (H.B. 955), Sec. 1.04, eff.\nSeptember 1, 2005.\nSec. 350.003.AACOMPLIANCE WITH FAIR TRADE PRACTICES ACT.\nA\ncreditor who is not licensed, registered, or otherwise exempt under\nthis title must comply with the requirements of 15 U.S.C. Section\n45.AAAn enforcement action to compel compliance under this section\nmay\ninclude\nan\naction\nto\nenjoin\nillegal\nactivities\nor\norder\nrestitution.\nAdded by Acts 2005, 79th Leg., Ch. 1018 (H.B. 955), Sec. 1.04, eff.\nSeptember 1, 2005.\n1\nSec. 350.004.AAPENALTIES.\nChapter 349 applies to violations\nof this chapter and the rules adopted under this chapter.\nAdded by Acts 2005, 79th Leg., Ch. 1018 (H.B. 955), Sec. 1.04, eff.\nSeptember 1, 2005.\n2",
  "metadata": {
    "site_url": "https://statutes.capitol.texas.gov/?Code=FI&Value=350",
    "extra_data": {
      "code_title": "Title FI",
      "chapter_number": "350",
      "separated_text": {}
    }
  }
}