{
  "text": "Subchapter I. General Provisions. | D.C. Law Library Skip to main content Toggle mobile menu Navigation D.C. Law Library Code of the District of Columbia Title 31. Insurance and Securities. Chapter 13A. Investments of Insurers. Subchapter I. General Provisions. Code of the District of Columbia Subchapter I. General Provisions. \u00a7 31\u20131371.01. Application. \u00a7 31\u20131371.02. Definitions. \u00a7 31\u20131371.03. General investment qualifications. \u00a7 31\u20131371.04. Authorization of investments by the board of directors. \u00a7 31\u20131371.05. Prohibited investments. \u00a7 31\u20131371.06. Loans to officers and directors. \u00a7 31\u20131371.07. Valuation of investments. Previous Chapter 13A. Investments of Insurers. Next Subchapter II. Life Insurers. The codes and laws on this website are in the public domain. Please do not scrape. Instead, bulk download the HTML or XML . Powered by the non-profit Open Law Library . Subchapter II. Life Insurers. | D.C. Law Library Skip to main content Toggle mobile menu Navigation D.C. Law Library Code of the District of Columbia Title 31. Insurance and Securities. Chapter 13A. Investments of Insurers. Subchapter II. Life Insurers. Code of the District of Columbia Subchapter II. Life Insurers. \u00a7 31\u20131372.01. Application of subchapter. \u00a7 31\u20131372.02. General 3% diversification, medium and lower grade investments, and Canadian investments. \u00a7 31\u20131372.03. Rated credit instruments. \u00a7 31\u20131372.04. Insurer investment pools. \u00a7 31\u20131372.05. Equity interests. \u00a7 31\u20131372.06. Tangible personal property under lease. \u00a7 31\u20131372.07. Mortgage loans and real estate. \u00a7 31\u20131372.08. Securities lending, repurchase, reverse repurchase, and dollar roll transactions. \u00a7 31\u20131372.09. Foreign investments and foreign currency exposure. \u00a7 31\u20131372.10. Derivative transactions. \u00a7 31\u20131372.11. Policy loans. \u00a7 31\u20131372.12. Additional investment authority. Previous Subchapter I. General Provisions. Next Subchapter III. Fire, Casualty, and Marine Insurers. The codes and laws on this website are in the public domain. Please do not scrape. Instead, bulk download the HTML or XML . Powered by the non-profit Open Law Library . Subchapter III. Fire, Casualty, and Marine Insurers. | D.C. Law Library Skip to main content Toggle mobile menu Navigation D.C. Law Library Code of the District of Columbia Title 31. Insurance and Securities. Chapter 13A. Investments of Insurers. Subchapter III. Fire, Casualty, and Marine Insurers. Code of the District of Columbia Subchapter III. Fire, Casualty, and Marine Insurers. \u00a7 31\u20131373.01. Application of subchapter. \u00a7 31\u20131373.02. Reserve requirements. \u00a7 31\u20131373.03. General 5% diversification, medium and lower grade investments, and Canadian investments. \u00a7 31\u20131373.04. Rated credit instruments. \u00a7 31\u20131373.05. Insurer investment pools. \u00a7 31\u20131373.06. Equity interests. \u00a7 31\u20131373.07. Tangible personal property under lease. \u00a7 31\u20131373.08. Mortgage loans and real estate. \u00a7 31\u20131373.09. Securities lending, repurchase, reverse repurchase and dollar roll transactions. \u00a7 31\u20131373.10. Foreign investments and foreign currency exposure. \u00a7 31\u20131373.11. Derivative transactions. \u00a7 31\u20131373.12. Additional investment authority. Previous Subchapter II. Life Insurers. Next Subchapter IV. [Reserved]. The codes and laws on this website are in the public domain. Please do not scrape. Instead, bulk download the HTML or XML . Powered by the non-profit Open Law Library . Subchapter IV. [Reserved]. | D.C. Law Library Skip to main content Toggle mobile menu Navigation D.C. Law Library Code of the District of Columbia Title 31. Insurance and Securities. Chapter 13A. Investments of Insurers. Subchapter IV. [Reserved]. Code of the District of Columbia Subchapter IV. [Reserved]. \u00a7 31\u20131374.01. [Reserved]. Previous Subchapter III. Fire, Casualty, and Marine Insurers. Next Subchapter V. Regulations. The codes and laws on this website are in the public domain. Please do not scrape. Instead, bulk download the HTML or XML . Powered by the non-profit Open Law Library . Subchapter V. Regulations. | D.C. Law Library Skip to main content Toggle mobile menu Navigation D.C. Law Library Code of the District of Columbia Title 31. Insurance and Securities. Chapter 13A. Investments of Insurers. Subchapter V. Regulations. Code of the District of Columbia Subchapter V. Regulations. \u00a7 31\u20131375.01. Regulations. Previous Subchapter IV. [Reserved]. Next Chapter 13B. Interstate Insurance Product Regulation Compact. The codes and laws on this website are in the public domain. Please do not scrape. Instead, bulk download the HTML or XML . Powered by the non-profit Open Law Library .",
  "metadata": {
    "site_url": "https://code.dccouncil.gov/us/dc/council/code/titles/31/chapters/13A",
    "extra_data": {
      "code_title": "Title 31: Insurance and Securities",
      "chapter_number": "13A",
      "separated_text": {
        "Subchapter I. General Provisions.": "\u00a7 31\u20131371.01. Application. \u00a7 31\u20131371.02. Definitions. \u00a7 31\u20131371.03. General investment qualifications. \u00a7 31\u20131371.04. Authorization of investments by the board of directors. \u00a7 31\u20131371.05. Prohibited investments. \u00a7 31\u20131371.06. Loans to officers and directors. \u00a7 31\u20131371.07. Valuation of investments.",
        "Subchapter II. Life Insurers.": "\u00a7 31\u20131372.01. Application of subchapter. \u00a7 31\u20131372.02. General 3% diversification, medium and lower grade investments, and Canadian investments. \u00a7 31\u20131372.03. Rated credit instruments. \u00a7 31\u20131372.04. Insurer investment pools. \u00a7 31\u20131372.05. Equity interests. \u00a7 31\u20131372.06. Tangible personal property under lease. \u00a7 31\u20131372.07. Mortgage loans and real estate. \u00a7 31\u20131372.08. Securities lending, repurchase, reverse repurchase, and dollar roll transactions. \u00a7 31\u20131372.09. Foreign investments and foreign currency exposure. \u00a7 31\u20131372.10. Derivative transactions. \u00a7 31\u20131372.11. Policy loans. \u00a7 31\u20131372.12. Additional investment authority.",
        "Subchapter III. Fire, Casualty, and Marine Insurers.": "\u00a7 31\u20131373.01. Application of subchapter. \u00a7 31\u20131373.02. Reserve requirements. \u00a7 31\u20131373.03. General 5% diversification, medium and lower grade investments, and Canadian investments. \u00a7 31\u20131373.04. Rated credit instruments. \u00a7 31\u20131373.05. Insurer investment pools. \u00a7 31\u20131373.06. Equity interests. \u00a7 31\u20131373.07. Tangible personal property under lease. \u00a7 31\u20131373.08. Mortgage loans and real estate. \u00a7 31\u20131373.09. Securities lending, repurchase, reverse repurchase and dollar roll transactions. \u00a7 31\u20131373.10. Foreign investments and foreign currency exposure. \u00a7 31\u20131373.11. Derivative transactions. \u00a7 31\u20131373.12. Additional investment authority.",
        "Subchapter IV. [Reserved].": "\u00a7 31\u20131374.01. [Reserved].",
        "Subchapter V. Regulations.": "\u00a7 31\u20131375.01. Regulations."
      }
    }
  }
}