{
  "text": "Subchapter I. Credit Union Act of 2020. | D.C. Law Library Skip to main content Toggle mobile menu Navigation D.C. Law Library Code of the District of Columbia Title 26. Banks and Other Financial Institutions. Chapter 5. Credit Unions. Subchapter I. Credit Union Act of 2020. Code of the District of Columbia Subchapter I. Credit Union Act of 2020. Part A. Definitions. \u00a7\u00a7 26-501.01 \u2013 26-501.01 Part B. Credit Union Organization. \u00a7\u00a7 26-502.01 \u2013 26-502.10 Part C. Credit Union Powers. \u00a7\u00a7 26-503.01 \u2013 26-503.03 Part D. Credit Union Membership. \u00a7\u00a7 26-504.01 \u2013 26-504.10 Part E. Credit Union Governance. \u00a7\u00a7 26-505.01 \u2013 26-505.11 Part F. Member Accounts. \u00a7\u00a7 26-506.01 \u2013 26-506.13 Part G. Loans. \u00a7\u00a7 26-507.01 \u2013 26-507.08 Part H. Investments. \u00a7\u00a7 26-508.01 \u2013 26-508.01 Part I. Change in Corporate Status. \u00a7\u00a7 26-509.01 \u2013 26-509.04 Part J. Supervision and Regulation. \u00a7\u00a7 26-510.01 \u2013 26-510.10 Part K. Tax Exemption; Compliance Review. \u00a7\u00a7 26-511.01 \u2013 26-511.02 Previous Chapter 5. Credit Unions. Next Subchapter II. General pre-2020. The codes and laws on this website are in the public domain. Please do not scrape. Instead, bulk download the HTML or XML . Powered by the non-profit Open Law Library . Subchapter II. General pre-2020. | D.C. Law Library Skip to main content Toggle mobile menu Navigation D.C. Law Library Code of the District of Columbia Title 26. Banks and Other Financial Institutions. Chapter 5. Credit Unions. Subchapter II. General pre-2020. Code of the District of Columbia Subchapter II. General pre-2020. \u00a7 26\u2013521. Conversion of District credit unions into federal credit unions \u2014 Procedure. \u00a7 26\u2013522. Conversion of District credit unions into federal credit unions \u2014 Approval; effect thereof. \u00a7 26\u2013523. Conversion of District credit unions into federal credit unions \u2014 Applicability of federal provisions; fees; liquidation of existing loans; bylaws. \u00a7 26\u2013524. Repeal of District of Columbia Credit Unions Act. Previous Subchapter I. Credit Union Act of 2020. Next Chapter 5A. Data Match Requirements for Financial Institution. The codes and laws on this website are in the public domain. Please do not scrape. Instead, bulk download the HTML or XML . Powered by the non-profit Open Law Library .",
  "metadata": {
    "site_url": "https://code.dccouncil.gov/us/dc/council/code/titles/26/chapters/5",
    "extra_data": {
      "code_title": "Title 26: Banks and Other Financial Institutions",
      "chapter_number": "5",
      "separated_text": {
        "Subchapter I. Credit Union Act of 2020.": "Part A. Definitions. \u00a7\u00a7 26-501.01 \u2013 26-501.01 Part B. Credit Union Organization. \u00a7\u00a7 26-502.01 \u2013 26-502.10 Part C. Credit Union Powers. \u00a7\u00a7 26-503.01 \u2013 26-503.03 Part D. Credit Union Membership. \u00a7\u00a7 26-504.01 \u2013 26-504.10 Part E. Credit Union Governance. \u00a7\u00a7 26-505.01 \u2013 26-505.11 Part F. Member Accounts. \u00a7\u00a7 26-506.01 \u2013 26-506.13 Part G. Loans. \u00a7\u00a7 26-507.01 \u2013 26-507.08 Part H. Investments. \u00a7\u00a7 26-508.01 \u2013 26-508.01 Part I. Change in Corporate Status. \u00a7\u00a7 26-509.01 \u2013 26-509.04 Part J. Supervision and Regulation. \u00a7\u00a7 26-510.01 \u2013 26-510.10 Part K. Tax Exemption; Compliance Review. \u00a7\u00a7 26-511.01 \u2013 26-511.02",
        "Subchapter II. General pre-2020.": "\u00a7 26\u2013521. Conversion of District credit unions into federal credit unions \u2014 Procedure. \u00a7 26\u2013522. Conversion of District credit unions into federal credit unions \u2014 Approval; effect thereof. \u00a7 26\u2013523. Conversion of District credit unions into federal credit unions \u2014 Applicability of federal provisions; fees; liquidation of existing loans; bylaws. \u00a7 26\u2013524. Repeal of District of Columbia Credit Unions Act."
      }
    }
  }
}