{
  "text": "Code: Select Code\nSection: 1 or 2 or 100\nSearch\n \n250.\nUp^\nAdd To My Favorites\nFINANCIAL CODE - FIN\nDIVISION 1. FINANCIAL INSTITUTIONS [99 - 900]  ( Division 1 repealed and added by Stats. 2011, Ch. 243, Sec. 2. )\nCHAPTER 2. Transition Provisions [250 - 254]  ( Chapter 2 added by Stats. 2011, Ch. 243, Sec. 2. )\n  In this chapter, unless the provision or context requires otherwise:\n(a) \u201cNew General Corporation Law\u201d means Division 1 (commencing with Section 100), Title 1 of the Corporations\nCode, as in effect on and after January 1, 1977.\n(b) \u201cPrior Banking Law\u201d means this division, as in effect on December 31, 1978.\n(c) \u201cPrior General Corporation Law\u201d means Division 1 (commencing with Section 100), Title 1 of the Corporations\nCode, as in effect on December 31, 1976.\n(d) \u201cRevised Banking Law\u201d means this division, as in effect on and after January 1, 1979, and as repealed and\nreadded as of January 1, 2012.\n(e) \u201cSubject institution\u201d means:\n(1) Any corporation incorporated under the laws of this state which is, with the approval of the commissioner,\nincorporated for the purpose of engaging in, or which is authorized by the commissioner to engage in, the\ncommercial banking business under this division.\n(2) Any corporation incorporated under the laws of this state which is, with the approval of the commissioner,\nincorporated for the purpose of engaging in, or which is authorized by the commissioner to engage in, the trust\nHome\nBill Information\nCalifornia Law\nPublications\nOther Resources\nMy Subscriptions\nMy Favorites\n251.\n252.\nbusiness under this division.\n(3) Any corporation incorporated under the laws of this state which is, with the approval of the commissioner,\nincorporated for the purpose of engaging in, or which is authorized by the commissioner to engage in, business\nunder Article 1 (commencing with Section 1850) of Chapter 21 of Division 1.1.\n(Added by Stats. 2011, Ch. 243, Sec. 2. (SB 664) Effective January 1, 2012.)\n  For purposes of Chapter 23 (commencing with Section 2300) of the new General Corporation Law, in the case\nof any subject institution existing on January 1, 1979:\n(a) The term \u201cnew law\u201d shall mean the new General Corporation Law, subject, however, to the provisions of Section\n101 of the revised Banking Law.\n(b) The term \u201cprior law\u201d shall mean the prior General Corporation Law, subject, however, to the provisions of\nSection 101 of the prior Banking Law.\n(c) The term \u201ceffective date\u201d shall mean January 1, 1979.\n(Added by Stats. 2011, Ch. 243, Sec. 2. (SB 664) Effective January 1, 2012.)\n  (a) Sections 600 and 600.2 of the revised Banking Law shall not apply to any subject institution existing on\nJanuary 1, 1979, unless and until an amendment of the articles of such subject institution is filed with the Secretary\nof State pursuant to Section 2302 of the new General Corporation Law.\n(b) An amendment of the articles of a subject institution existing on January 1, 1979, which is filed with the\nSecretary of State pursuant to Section 2302 of the new General Corporation Law may be adopted by approval of\nthe board alone in accordance with the second sentence of Section 2302 of the new General Corporation Law,\nnotwithstanding the fact that such amendment changes such articles to conform to the provisions of Sections 600\nand 600.2 of the revised Banking Law.\n(c) Neither Article 6 (commencing with Section 690), Chapter 5 of the revised Banking Law nor Section 904 of the\nnew General Corporation Law shall apply to an amendment of the articles of a subject institution existing on\nJanuary 1, 1979, which is filed with the Secretary of State pursuant to Section 2302 of the new General Corporation\nLaw on account of the fact that such amendment conforms such articles to the provisions of Section 600.2 of the\nrevised Banking Law.\n(Added by Stats. 2011, Ch. 243, Sec. 2. (SB 664) Effective January 1, 2012.)\n253.\n254.\n  In case the board of a subject institution has, prior to January 1, 1979, adopted a resolution levying an\nassessment on the common shares of such subject institution in accordance with an order issued by the\ncommissioner pursuant to Section 661 of the prior Banking Law:\n(a) If the assessment has, prior to January 1, 1979, become a lien on the common shares in accordance with\nSection 2704 of the prior General Corporation Law, the assessment shall be collected pursuant to the prior General\nCorporation Law:\n(b) Otherwise, the resolution shall be deemed to be rescinded on January 1, 1979.\n(Added by Stats. 2011, Ch. 243, Sec. 2. (SB 664) Effective January 1, 2012.)\n  Article 3 (commencing with Section 640), Chapter 5 of the revised Banking Law applies to any distribution to\nits shareholders made after January 1, 1979, by a subject institution existing on January 1, 1979, except that any\nsuch distribution effected pursuant to a contract for the purchase or redemption of shares entered into by such\nsubject institution prior to January 1, 1979, may be made if permissible under the applicable provisions of the\nrevised Banking Law and the new General Corporation Law or under the applicable provisions of the prior Banking\nLaw and the prior General Corporation Law in effect at the time such contract was entered into.\n(Added by Stats. 2011, Ch. 243, Sec. 2. (SB 664) Effective January 1, 2012.)",
  "metadata": {
    "site_url": "https://leginfo.legislature.ca.gov/faces/codes.xhtml",
    "extra_data": {
      "section_title": "Chapter 2",
      "separated_text": {
        "\u00a7 600.2": "of the revised Banking Law shall not apply to any subject institution existing on\nJanuary 1, 1979, unless and until an amendment of the articles of such subject institution is filed with the Secretary\nof State pursuant to Section 2302 of the new General Corporation Law.\n(b) An amendment of the articles of a subject institution existing on January 1, 1979, which is filed with the\nSecretary of State pursuant to Section 2302 of the new General Corporation Law may be adopted by approval of\nthe board alone in accordance with the second sentence of Section 2302 of the new General Corporation Law,\nnotwithstanding the fact that such amendment changes such articles to conform to the provisions of Sections 600\nand 600.2 of the revised Banking Law.\n(c) Neither Article 6 (commencing with Section 690), Chapter 5 of the revised Banking Law nor Section 904 of the\nnew General Corporation Law shall apply to an amendment of the articles of a subject institution existing on\nJanuary 1, 1979, which is filed with the Secretary of State pursuant to Section 2302 of the new General Corporation\nLaw on account of the fact that such amendment conforms such articles to the provisions of Section 600.2 of the\nrevised Banking Law.\n(Added by Stats. 2011, Ch. 243, Sec. 2. (SB 664) Effective January 1, 2012.)\n253.\n254.\n  In case the board of a subject institution has, prior to January 1, 1979, adopted a resolution levying an\nassessment on the common shares of such subject institution in accordance with an order issued by the\ncommissioner pursuant to Section 661 of the prior Banking Law:\n(a) If the assessment has, prior to January 1, 1979, become a lien on the common shares in accordance with\nSection 2704 of the prior General Corporation Law, the assessment shall be collected pursuant to the prior General\nCorporation Law:\n(b) Otherwise, the resolution shall be deemed to be rescinded on January 1, 1979.\n(Added by Stats. 2011, Ch. 243, Sec. 2. (SB 664) Effective January 1, 2012.)\n  Article 3 (commencing with Section 640), Chapter 5 of the revised Banking Law applies to any distribution to\nits shareholders made after January 1, 1979, by a subject institution existing on January 1, 1979, except that any\nsuch distribution effected pursuant to a contract for the purchase or redemption of shares entered into by such\nsubject institution prior to January 1, 1979, may be made if permissible under the applicable provisions of the\nrevised Banking Law and the new General Corporation Law or under the applicable provisions of the prior Banking\nLaw and the prior General Corporation Law in effect at the time such contract was entered into.\n(Added by Stats. 2011, Ch. 243, Sec. 2. (SB 664) Effective January 1, 2012.)"
      }
    }
  }
}