{
  "text": "Code: Select Code\nSection: 1 or 2 or 100\nSearch\n \n720.\n721.\nUp^\nAdd To My Favorites\nFINANCIAL CODE - FIN\nDIVISION 1. FINANCIAL INSTITUTIONS [99 - 900]  ( Division 1 repealed and added by Stats. 2011, Ch. 243, Sec. 2. )\nCHAPTER 8. Voluntary Liquidation [720 - 721]  ( Chapter 8 added by Stats. 2011, Ch. 243, Sec. 2. )\n  Any licensee that voluntarily has ceased to do the business for which it is licensed shall immediately notify the\ncommissioner and proceed to liquidate its affairs. Any share or deposit or other sum that has not been paid to the\nperson entitled thereto within six months after the licensee ceased to conduct a business shall be paid into the\nState Treasury. The deposits with the State Treasury shall be deemed to have been received under the provisions of\nChapter 7 (commencing with Section 1500) of Title 10 of Part 3 of the Code of Civil Procedure and shall be subject\nto claim or other disposition as provided in that chapter. If the commissioner has reason to conclude that the\nliquidation of the licensee is not being safely or expeditiously conducted, he or she may take possession of the\nbusiness and property of the licensee in the same manner and with the same effect and subject to the same rights\naccorded the licensee as if he or she had taken possession pursuant to Chapter 7 (commencing with Section 600),\nand he or she may proceed to liquidate the licensee\u2019s affairs in the same manner as provided in that article. When\nthe licensee has been completely liquidated, its corporate existence shall be dissolved in the manner provided by\nlaw.\n(Added by Stats. 2011, Ch. 243, Sec. 2. (SB 664) Effective January 1, 2012.)\n  If the licensee referred to in Section 720 is a state-chartered credit union and the commissioner has taken\npossession of the business and property of the credit union, the commissioner may appoint a liquidating agent or a\nliquidating committee of three members of the credit union to liquidate the business and assets of the credit union\nHome\nBill Information\nCalifornia Law\nPublications\nOther Resources\nMy Subscriptions\nMy Favorites\nin the manner provided in Article 2 (commencing with Section 15250) of Chapter 9 of Division 5, except that, in lieu\nof the certificate required under Section 15252, the commissioner shall prepare and file in the office of the\nSecretary of State a certificate of commencement of liquidation proceedings upon taking possession of the business\nand assets, and the commissioner or his or her authorized deputy shall countersign the certificate referred to in\nSections 15257 and 15258 whenever liquidation is involuntary. The commissioner may, however, prepare and file a\nfinal certificate whenever he or she retains possession of the assets of any credit union for the purpose of\nliquidation. The liquidating agent need not be a member of the credit union to be liquidated and may be a person,\nfirm, or corporation, as determined by the commissioner.\n(Added by Stats. 2011, Ch. 243, Sec. 2. (SB 664) Effective January 1, 2012.)",
  "metadata": {
    "site_url": "https://leginfo.legislature.ca.gov/faces/codes.xhtml",
    "extra_data": {
      "section_title": "Chapter 8",
      "separated_text": {}
    }
  }
}