{
  "text": "Code: Select Code\nSection: 1 or 2 or 100\nSearch\n \n580.\nUp^\nAdd To My Favorites\nFINANCIAL CODE - FIN\nDIVISION 1. FINANCIAL INSTITUTIONS [99 - 900]  ( Division 1 repealed and added by Stats. 2011, Ch. 243, Sec. 2. )\nCHAPTER 6. Enforcement [550 - 595]  ( Chapter 6 added by Stats. 2011, Ch. 243, Sec. 2. )\nARTICLE 3. Orders Against Licensees and Subject Persons [580 - 583]  ( Article 3 added by Stats. 2011, Ch. 243, Sec.\n2. )\n  If, after notice and an opportunity to be heard, the commissioner finds any of the factors set forth in\nsubdivision (a) or (b) with respect to any subject institution, subject person, or any holding company, the\ncommissioner may order the subject institution, subject person, or holding company to cease and desist from the\nact or violation:\n(a) That the subject institution, subject person, or holding company has engaged or participated, is engaging or\nparticipating, or that there is reasonable cause to believe that the subject institution, subject person, or holding\ncompany is about to engage or participate, in any unsafe or unsound act with respect to the business of the subject\ninstitution.\n(b) That the subject institution, subject person, or holding company has violated, is violating, or that there is\nreasonable cause to believe that the subject institution, subject person, or holding company is about to violate any:\n(1) Provision of any division subject to the jurisdiction of the commissioner.\n(2) Provision of any regulation promulgated by, or subject to the jurisdiction of, the commissioner.\nHome\nBill Information\nCalifornia Law\nPublications\nOther Resources\nMy Subscriptions\nMy Favorites\n581.\n582.\n583.\n(3) Provision of any other applicable law.\n(4) Provision of any written agreement between the subject institution, subject person, or holding company, and\nthe commissioner.\n(Added by Stats. 2011, Ch. 243, Sec. 2. (SB 664) Effective January 1, 2012.)\n  If the commissioner finds that any of the factors set forth in Section 580 is true with respect to any subject\ninstitution, subject person, or holding company, and that the action, omission, or violation is likely to have any of\nthe consequences set forth in subdivisions (a) to (d), inclusive, the commissioner may, without any prior notice or\nopportunity to be heard, order the subject institution or subject person to cease and desist from the following:\n(a) Any act, omission, or violation that may cause the insolvency of the subject institution.\n(b) Any act, omission, or violation that may cause significant dissipation of the assets or earnings of the subject\ninstitution.\n(c) Any act, omission, or violation that may weaken the condition of the subject institution.\n(d) Any act, omission, or violation that may otherwise prejudice the interests of the customers of the subject\ninstitution.\n(Added by Stats. 2011, Ch. 243, Sec. 2. (SB 664) Effective January 1, 2012.)\n  If the commissioner finds that a subject institution\u2019s books or records are so incomplete or inaccurate that the\ncommissioner is unable through the normal supervisory process to determine the financial condition of the subject\ninstitution or the details or purpose of any transaction or transactions that may materially affect the financial\ncondition of the subject institution, the commissioner may, without any prior notice or hearing, order the subject\ninstitution to do either of the following:\n(a) Cease any activity or practice that gave rise, in whole or in part, to the incomplete or inaccurate state of the\nbooks or records.\n(b) Take affirmative action to restore the books or records to a complete and accurate state.\n(Added by Stats. 2011, Ch. 243, Sec. 2. (SB 664) Effective January 1, 2012.)\n  (a) The commissioner shall make public on the department\u2019s Internet Web site all final orders issued pursuant\nto Sections 329, 567, 580, 581, 582, 585, 586, 587, 2148, 14303, 14304, 14305, 14307, 14308, 14309, 14310,\n16200.5, 16900.5, 18349.5, 18356, 18357, 18358, 18359, 18363, 18367, and 18415.3 all decisions to modify or\nrescind an order pursuant to Sections 588, 14311, 16205, and 16905, all decisions to revoke or suspend a license\npursuant to Sections 590, 591, 2149, 16202, 16203, 16902, 16903, 18349, and 18353, all decisions to revoke or\nsuspend the designation of an agent pursuant to Sections 2150 and 2151, all decisions to approve resumption of\nbusiness pursuant to Section 14314, and all decisions to take possession of the property and business of a licensee\npursuant to Sections 592, 2149, 2150.2, 14313, 14315, 14319, 16206, 16906, 18415, and 18415.4. This public\nnotice shall be in addition to the notice required pursuant to Section 594.\n(b) If the commissioner makes a determination in writing that the publication of a final order or decision referenced\nin subdivision (a) would seriously threaten the safety or soundness of a regulated institution subject to that order\nor decision, the commissioner may delay publication of the order or decision for a reasonable time.\n(c) If the commissioner makes a determination that the publication of a final order or decision referenced in\nsubdivision (a) would reveal information which would identify a customer of the institution subject to the order, the\ncommissioner may redact from the order, prior to publication, any information that, in the determination of the\ncommissioner, would identify any customer of the subject institution.\n(Amended by Stats. 2018, Ch. 699, Sec. 4. (SB 1361) Effective January 1, 2019.)",
  "metadata": {
    "site_url": "https://leginfo.legislature.ca.gov/faces/codes.xhtml",
    "extra_data": {
      "section_title": "Chapter 6 Article 3",
      "separated_text": {
        "\u00a7 18415.3": "all decisions to modify or\nrescind an order pursuant to Sections 588, 14311, 16205, and 16905, all decisions to revoke or suspend a license\npursuant to Sections 590, 591, 2149, 16202, 16203, 16902, 16903, 18349, and 18353, all decisions to revoke or\nsuspend the designation of an agent pursuant to Sections 2150 and 2151, all decisions to approve resumption of\nbusiness pursuant to Section 14314, and all decisions to take possession of the property and business of a licensee\npursuant to Sections 592, 2149, 2150.2, 14313, 14315, 14319, 16206, 16906, 18415, and 18415.4. This public\nnotice shall be in addition to the notice required pursuant to Section 594.\n(b) If the commissioner makes a determination in writing that the publication of a final order or decision referenced\nin subdivision (a) would seriously threaten the safety or soundness of a regulated institution subject to that order\nor decision, the commissioner may delay publication of the order or decision for a reasonable time.\n(c) If the commissioner makes a determination that the publication of a final order or decision referenced in\nsubdivision (a) would reveal information which would identify a customer of the institution subject to the order, the\ncommissioner may redact from the order, prior to publication, any information that, in the determination of the\ncommissioner, would identify any customer of the subject institution.\n(Amended by Stats. 2018, Ch. 699, Sec. 4. (SB 1361) Effective January 1, 2019.)"
      }
    }
  }
}