{
  "text": "Code: Select Code\nSection: 1 or 2 or 100\nSearch\n \n600.\n601.\n602.\nUp^\nAdd To My Favorites\nFINANCIAL CODE - FIN\nDIVISION 1. FINANCIAL INSTITUTIONS [99 - 900]  ( Division 1 repealed and added by Stats. 2011, Ch. 243, Sec. 2. )\nCHAPTER 7. Liquidation and Conservation [600 - 710]  ( Chapter 7 added by Stats. 2011, Ch. 243, Sec. 2. )\nARTICLE 1. General Provisions [600 - 609]  ( Article 1 added by Stats. 2011, Ch. 243, Sec. 2. )\n  In this chapter, \u201cFederal Insurance Agency\u201d means the Federal Deposit Insurance Corporation or the National\nCredit Union Administration, as appropriate, or their respective successors-in-interest.\n(Amended by Stats. 2013, Ch. 334, Sec. 29. (SB 537) Effective January 1, 2014.)\n  Upon taking possession of the property and business of any licensee, the commissioner has authority, and it is\nhis or her duty, to collect all moneys due to the licensee and to do other acts as are necessary or expedient to\ncollect, conserve, or protect the licensee\u2019s assets, property, and business, and he or she shall proceed to conserve\nor liquidate the affairs of the licensee as provided in this article.\n(Added by Stats. 2011, Ch. 243, Sec. 2. (SB 664) Effective January 1, 2012.)\n  No attachment shall be issued against the property of any licensee subject to conservation or liquidation\npursuant to this article.\n(Added by Stats. 2011, Ch. 243, Sec. 2. (SB 664) Effective January 1, 2012.)\nHome\nBill Information\nCalifornia Law\nPublications\nOther Resources\nMy Subscriptions\nMy Favorites\n603.\n604.\n605.\n606.\n607.\n  Upon taking possession of the property and business of any licensee pursuant to Section 592, the\ncommissioner may proceed to liquidate or conserve the licensee in the manner provided by this article.\n(Added by Stats. 2011, Ch. 243, Sec. 2. (SB 664) Effective January 1, 2012.)\n  Upon taking possession of the property and business of a licensee pursuant to Section 592, the commissioner\nmay tender to any person or persons an appointment as conservator, liquidator, receiver, or liquidating committee\nof the licensee.\n(Added by Stats. 2011, Ch. 243, Sec. 2. (SB 664) Effective January 1, 2012.)\n  The commissioner shall supervise the acts of the conservator, liquidator, receiver, or liquidating committee\nappointed under this article and may remove the conservator, liquidator, receiver, or any or all members of the\nliquidating committee in his or her discretion.\n(Added by Stats. 2011, Ch. 243, Sec. 2. (SB 664) Effective January 1, 2012.)\n  If required by the commissioner, the conservator, liquidator, receiver, or members of the liquidating committee\nappointed under this article shall provide proof of bond coverage that extends to the conservator, liquidator,\nreceiver, or members of the liquidating committee. The bond shall include fraud, dishonesty, and faithful\nperformance coverage. The premium for that bond shall be paid out of the assets of the licensee.\n(Added by Stats. 2011, Ch. 243, Sec. 2. (SB 664) Effective January 1, 2012.)\n  (a) If the commissioner retains possession of the assets of the licensee for the purpose of liquidation or\nconservation, the commissioner shall, to the extent possible, use the services of civil service employees of the\ncommissioner\u2019s office, and the attorneys employed by the commissioner or the Department of Justice shall render\nall necessary legal services, as the commissioner may request.\n(b) The commissioner, from time to time, under his or her official seal, may appoint one or more special deputy\ncommissioners as his or her agent or agents with the powers specified in the certificate of appointment to assist\nhim or her in the duties of conservation or of liquidation and distribution. The certificate of appointment shall be\nfiled in the office of the commissioner and a certified copy in the office of the clerk of the county in which the head\noffice of the licensee is located. The commissioner may employ counsel and procure expert assistance and advice\nas may be necessary in the liquidation and distribution of the assets of the licensee and for that purpose may retain\nany of the officers or employees of the licensee as the commissioner may deem necessary.\n608.\n609.\n(Added by Stats. 2011, Ch. 243, Sec. 2. (SB 664) Effective January 1, 2012.)\n  The compensation of civil service employees, special deputies, counsel, and other employees and assistants\nappointed to assist in the conservation or liquidation of any licensee and the distribution of its assets and all\nexpenses of supervision and liquidation shall be fixed by the commissioner and shall be paid out of the funds of the\nlicensee in the hands of the commissioner. The expenses of liquidation shall be reported to the court upon each\napplication for payment of a dividend.\n(Added by Stats. 2011, Ch. 243, Sec. 2. (SB 664) Effective January 1, 2012.)\n  If a licensee is not insured by a Federal Insurance Agency, upon the commissioner taking possession of the\nbusiness and property of the licensee, the superior court of the State of California for the county in which the head\noffice of the licensee is located shall have exclusive original jurisdiction of all proceedings relating thereto and of\nany action or other proceedings brought under the provisions of this article. All papers relating to the proceeding,\nincluding copies of the certificate of appointment of any special deputy and the inventories required to be filed, shall\nbe filed and be made a part of the record of the proceeding without the payment of any additional fees. No\ndamages may be awarded in the proceeding but, if sought, may only be recovered in a separate action.\n(Added by Stats. 2011, Ch. 243, Sec. 2. (SB 664) Effective January 1, 2012.)",
  "metadata": {
    "site_url": "https://leginfo.legislature.ca.gov/faces/codes.xhtml",
    "extra_data": {
      "section_title": "Chapter 7 Article 1",
      "separated_text": {}
    }
  }
}