{
  "text": "Code: Select Code\nSection: 1 or 2 or 100\nSearch\n \n520.\n521.\nUp^\nAdd To My Favorites\nFINANCIAL CODE - FIN\nDIVISION 1. FINANCIAL INSTITUTIONS [99 - 900]  ( Division 1 repealed and added by Stats. 2011, Ch. 243, Sec. 2. )\nCHAPTER 5. Examinations and Reports-Banking [500 - 521]  ( Chapter 5 added by Stats. 2011, Ch. 243, Sec. 2. )\nARTICLE 2. Reports [520 - 521]  ( Article 2 added by Stats. 2011, Ch. 243, Sec. 2. )\n  (a) A California state bank shall prominently display in the lobby of its main office and each branch office,\nexcept an automated teller machine branch office, a notice that any person may obtain a financial report from the\nbank. The notice shall include the address and telephone number of the person or office to be contacted for a\nfinancial report. The bank shall, promptly after receiving a request for a financial report, mail or otherwise furnish\nthe financial report to the requester. The first financial report shall be provided without charge.\n(b) The financial report called for in this section shall contain either (1) the information that the commissioner may\nrequire by regulation or (2) in the absence of a regulation, the last balance sheet and income statement, each\nwithout any schedules, that the bank filed with the commissioner pursuant to Section 453.\n(Added by Stats. 2011, Ch. 243, Sec. 2. (SB 664) Effective January 1, 2012.)\n  (a) A bank or credit union subject to the examination authority of the commissioner shall report annually, on\nor before March 1, to the commissioner on the amount of revenue earned from overdraft fees and nonsufficient\nfunds fees collected in the most recently completed calendar year and the percentage of that revenue as a\nproportion of the net income of the bank or credit union.\nHome\nBill Information\nCalifornia Law\nPublications\nOther Resources\nMy Subscriptions\nMy Favorites\n(b) (1) The commissioner shall publish, pursuant to paragraph (2), in a report the data for each bank or credit\nunion required by subdivision (a) and make the report available on the department\u2019s internet website.\n(2) (A) The commissioner shall publish the first report required by this subdivision on or before March 31, 2023,\ncovering data from the 2022 calendar year.\n(B) In a calendar year beginning on or after January 1, 2024, the commissioner shall publish the report\nrequired by this subdivision on or before March 31 covering data from the most recently completed calendar\nyear.\n(c) As used in this section:\n(1) \u201cNonsufficient funds fees\u201d means fees resulting from the initiation of a transaction that exceeds the\ncustomer\u2019s account balance if the customer\u2019s bank or credit union declines to make the payment.\n(2) \u201cOverdraft fees\u201d means fees resulting from the processing of a debit transaction that exceeds a customer\u2019s\naccount balance.\n(Added by Stats. 2022, Ch. 847, Sec. 1. (SB 1415) Effective January 1, 2023.)",
  "metadata": {
    "site_url": "https://leginfo.legislature.ca.gov/faces/codes.xhtml",
    "extra_data": {
      "section_title": "Chapter 5 Article 2",
      "separated_text": {}
    }
  }
}