{
  "text": "Code: Select Code\nSection: 1 or 2 or 100\nSearch\n \n730.\n731.\nUp^\nAdd To My Favorites\nFINANCIAL CODE - FIN\nDIVISION 1. FINANCIAL INSTITUTIONS [99 - 900]  ( Division 1 repealed and added by Stats. 2011, Ch. 243, Sec. 2. )\nCHAPTER 9. Approval of Names of Nonbank Corporations [730 - 734]  ( Chapter 9 added by Stats. 2011, Ch. 243, Sec.\n2. )\n  In this chapter:\n(a) \u201cNonbank corporation\u201d means any corporation incorporated or proposed to be incorporated under the laws of\nthis state, other than (1) any bank or (2) any corporation incorporated or proposed to be incorporated under the\nlaws of this state for the purpose of transacting business under Article 1 (commencing with Section 1850) of\nChapter 21 of Division 1.1.\n(b) \u201cSubject name,\u201d means a name of a nonbank corporation which, as set forth, or as proposed to be set forth, in\nthe articles of such nonbank corporation, includes \u201cbank,\u201d \u201ctrust,\u201d \u201ctrustee,\u201d or related words.\n(Added by Stats. 2011, Ch. 243, Sec. 2. (SB 664) Effective January 1, 2012.)\n  An application for a certificate of approval of the subject name of a nonbank corporation shall be in such form,\nshall contain such information, shall be signed in such manner, and shall (if the commissioner so requires by\nregulation or order) be verified in such manner, as the commissioner may by regulation or order require.\n(Added by Stats. 2011, Ch. 243, Sec. 2. (SB 664) Effective January 1, 2012.)\nHome\nBill Information\nCalifornia Law\nPublications\nOther Resources\nMy Subscriptions\nMy Favorites\n732.\n733.\n734.\n  The fee for filing with the commissioner an application for a certificate of approval of the subject name of a\nnonbank corporation shall be twenty-five dollars ($25).\n(Added by Stats. 2011, Ch. 243, Sec. 2. (SB 664) Effective January 1, 2012.)\n  If the commissioner finds, with respect to an application for a certificate of approval of the subject name of a\nnonbank corporation, that the subject name does not indicate that the nonbank corporation is engaged in the\nbanking, industrial banking, or trust business, the commissioner shall issue a certificate of approval of the subject\nname. If the commissioner finds otherwise, the commissioner shall deny the application.\n(Added by Stats. 2011, Ch. 243, Sec. 2. (SB 664) Effective January 1, 2012.)\n  Promptly after the articles of a nonbank corporation, with the certificate of approval of the subject name of\nsuch nonbank corporation attached thereto, are filed with the Secretary of State, such nonbank corporation shall\nfile with the commissioner a copy of such articles certified by the Secretary of State.\n(Added by Stats. 2011, Ch. 243, Sec. 2. (SB 664) Effective January 1, 2012.)",
  "metadata": {
    "site_url": "https://leginfo.legislature.ca.gov/faces/codes.xhtml",
    "extra_data": {
      "section_title": "Chapter 9",
      "separated_text": {}
    }
  }
}