{
  "text": "Code: Select Code\nSection: 1 or 2 or 100\nSearch\n \n300.\nUp^\nAdd To My Favorites\nFINANCIAL CODE - FIN\nDIVISION 1. FINANCIAL INSTITUTIONS [99 - 900]  ( Division 1 repealed and added by Stats. 2011, Ch. 243, Sec. 2. )\nCHAPTER 3. Department of Financial Protection and Innovation [300 - 414]  ( Heading of Chapter 3 amended by Stats.\n2022, Ch. 452, Sec. 98. )\nARTICLE 1. General Provisions [300 - 301]  ( Article 1 added by Stats. 2011, Ch. 243, Sec. 2. )\n  (a) In this section:\n(1) \u201cBusiness and industrial development corporation\u201d means a corporation licensed under Division 15\n(commencing with Section 31000).\n(2) \u201cPayment instrument\u201d has the same meaning as set forth in Section 2003.\n(3) \u201cStored Value\u201d has the same meaning as set forth in subdivision (x) of Section 2003.\n(b) There is in the state government, in the Business, Consumer Services, and Housing Agency, a Department of\nFinancial Protection and Innovation, which has charge of the execution of, among other laws, the laws of this state\nrelating to any of the following: (1) banks or trust companies or the banking or trust business; (2) savings\nassociations or the savings association business; (3) credit unions or the credit union business; (4) persons who\nengage in the business of receiving money for transmission or such business; (5) issuers of stored value or such\nbusiness; (6) issuers of payment instruments or the payment instrument business; (7) business and industrial\ndevelopment corporations or the business and industrial development corporation business; (8) insurance premium\nHome\nBill Information\nCalifornia Law\nPublications\nOther Resources\nMy Subscriptions\nMy Favorites\n301.\nfinance agencies or the insurance premium finance business; (9) persons offering or making any contract\nconstituting bucketing; (10) persons offering or selling off-exchange commodities; (11) deferred deposit\noriginators; (12) finance lenders and brokers; (13) residential mortgage lenders and servicers; (14) capital access\ncompanies; (15) check sellers, bill payers, and proraters; (16) securities issuers, broker-dealers, agents,\ninvestment advisers, and investment adviser representatives; (17) mortgage loan originators employed or\nsupervised by finance lenders or residential mortgage lenders; (18) escrow agents; (19) franchisors; (20) persons\nholding securities as custodians on behalf of securities owners; (21) persons offering or providing consumer\nfinancial products or services in this state; and (22) PACE program administrators.\n(Amended by Stats. 2020, Ch. 157, Sec. 1. (AB 1864) Effective January 1, 2021.)\n   (a)  This chapter is applicable to this division, Division 1.1 (commencing with Section 1000), Division 1.2\n(commencing with Section 2000), Division 1.6 (commencing with Section 4800), Division 5 (commencing with\nSection 14000), Division 7 (commencing with Section 18000), and Division 15 (commencing with Section 31000).\n(b) Except as provided in subdivision (c), this article, and Articles 2 (commencing with Section 320) and 3\n(commencing with Section 350) are applicable to the administration of laws by the Division of Corporations.\n(c) Sections 329, 330, 332, 335, 336, 357, 378, 379, and 381 are not applicable to the Division of Corporations.\n(Amended by Stats. 2013, Ch. 353, Sec. 47. (SB 820) Effective September 26, 2013. Operative July 1, 2013, by Sec. 129 of Ch.\n353.)",
  "metadata": {
    "site_url": "https://leginfo.legislature.ca.gov/faces/codes.xhtml",
    "extra_data": {
      "section_title": "Chapter 3 Article 1",
      "separated_text": {
        "\u00a7 1.1": "(commencing with Section 1000), Division 1.2\n(commencing with Section 2000), Division 1.6 (commencing with Section 4800), Division 5 (commencing with\nSection 14000), Division 7 (commencing with Section 18000), and Division 15 (commencing with Section 31000).\n(b) Except as provided in subdivision (c), this article, and Articles 2 (commencing with Section 320) and 3\n(commencing with Section 350) are applicable to the administration of laws by the Division of Corporations.\n(c) Sections 329, 330, 332, 335, 336, 357, 378, 379, and 381 are not applicable to the Division of Corporations.\n(Amended by Stats. 2013, Ch. 353, Sec. 47. (SB 820) Effective September 26, 2013. Operative July 1, 2013, by Sec. 129 of Ch.\n353.)"
      }
    }
  }
}