{
  "text": "Code: Select Code\nSection: 1 or 2 or 100\nSearch\n \n710.\nUp^\nAdd To My Favorites\nFINANCIAL CODE - FIN\nDIVISION 1. FINANCIAL INSTITUTIONS [99 - 900]  ( Division 1 repealed and added by Stats. 2011, Ch. 243, Sec. 2. )\nCHAPTER 7. Liquidation and Conservation [600 - 710]  ( Chapter 7 added by Stats. 2011, Ch. 243, Sec. 2. )\nARTICLE 6. Priorities [710- 710.]  ( Article 6 added by Stats. 2011, Ch. 243, Sec. 2. )\n  The holder or transferor of a negotiable instrument transferred to a licensee for collection has a preferred\nclaim in the amount of the liability of the licensee on the instrument if the instrument was forwarded to the licensee\nby any person or by any other financial institution for collection and remittance, if payment therefor has not been\nmade and if the same has been collected either in whole or in part by the licensee, unless the holder or transferor is\na voluntary depositor in the licensee and the proceeds of the collection, at his or her request, have been credited by\nthe licensee to his or her account.\n(Added by Stats. 2011, Ch. 243, Sec. 2. (SB 664) Effective January 1, 2012.)\nHome\nBill Information\nCalifornia Law\nPublications\nOther Resources\nMy Subscriptions\nMy Favorites",
  "metadata": {
    "site_url": "https://leginfo.legislature.ca.gov/faces/codes.xhtml",
    "extra_data": {
      "section_title": "Chapter 7 Article 6",
      "separated_text": {}
    }
  }
}