{
  "text": "Code: Select Code\nSection: 1 or 2 or 100\nSearch\n \n400.\nUp^\nAdd To My Favorites\nFINANCIAL CODE - FIN\nDIVISION 1. FINANCIAL INSTITUTIONS [99 - 900]  ( Division 1 repealed and added by Stats. 2011, Ch. 243, Sec. 2. )\nCHAPTER 3. Department of Financial Protection and Innovation [300 - 414]  ( Heading of Chapter 3 amended by Stats.\n2022, Ch. 452, Sec. 98. )\nARTICLE 5. Financial Institutions Fund [400- 400.]  ( Article 5 added by Stats. 2011, Ch. 243, Sec. 2. )\n  As of the operative date of this section, there is established a Financial Institutions Fund in the State Treasury.\nExcept as otherwise provided in Division 5 (commencing with Section 14000), all money collected or received by\nthe commissioner under this code shall be deposited with the Treasurer to the credit of the Financial Institutions\nFund.\n(Added by Stats. 2011, Ch. 243, Sec. 2. (SB 664) Effective January 1, 2012.)\nHome\nBill Information\nCalifornia Law\nPublications\nOther Resources\nMy Subscriptions\nMy Favorites",
  "metadata": {
    "site_url": "https://leginfo.legislature.ca.gov/faces/codes.xhtml",
    "extra_data": {
      "section_title": "Chapter 3 Article 5",
      "separated_text": {}
    }
  }
}