{
  "text": "Code: Select Code\nSection: 1 or 2 or 100\nSearch\n \n700.\n701.\nUp^\nAdd To My Favorites\nFINANCIAL CODE - FIN\nDIVISION 1. FINANCIAL INSTITUTIONS [99 - 900]  ( Division 1 repealed and added by Stats. 2011, Ch. 243, Sec. 2. )\nCHAPTER 7. Liquidation and Conservation [600 - 710]  ( Chapter 7 added by Stats. 2011, Ch. 243, Sec. 2. )\nARTICLE 5. Disposal of Unclaimed Trust Property [700 - 702]  ( Article 5 added by Stats. 2011, Ch. 243, Sec. 2. )\n  Whenever any licensee is being liquidated or whenever the trust business of any licensee has been\ndiscontinued and the licensee has in its possession money or other property held by it in trust or for safekeeping\nand the beneficiaries or persons entitled thereto are unknown or cannot be found, the commissioner or the\nlicensee, upon obtaining approval of the superior court of the county in which the liquidation proceedings are\npending or in which the head office of the licensee is situated, may do the following:\n(a) In the case of money, deliver it to the Treasurer.\n(b) In the case of other property, deliver it to the Controller for deposit in the State Treasury.\n(Added by Stats. 2011, Ch. 243, Sec. 2. (SB 664) Effective January 1, 2012.)\n  Upon the delivery of any money to the Treasurer or upon the delivery of any property to the Controller, a\ncertified copy of the order of the court approving the delivery shall be given to the Controller, and upon the delivery\nof any money to the Treasurer a notice giving the amount delivered shall be filed with the Controller. Upon the\nreceipt of any money or other properties, the Treasurer or the Controller, as the case may be, shall issue a receipt\nfor the same and the receipt shall be deemed a voucher in favor of the licensee to the same extent as though\nexecuted by the beneficiary or other person entitled thereto.\nHome\nBill Information\nCalifornia Law\nPublications\nOther Resources\nMy Subscriptions\nMy Favorites\n702.\n(Added by Stats. 2011, Ch. 243, Sec. 2. (SB 664) Effective January 1, 2012.)\n  All money or other property delivered to the Treasurer or Controller pursuant to this article shall be deemed to\nbe delivered for deposit in the State Treasury under the provisions of Chapter 7 (commencing with Section 1500) of\nTitle 10 of Part 3 of the Code of Civil Procedure and shall be subject to claim or other disposition as provided in that\nchapter.\n(Added by Stats. 2011, Ch. 243, Sec. 2. (SB 664) Effective January 1, 2012.)",
  "metadata": {
    "site_url": "https://leginfo.legislature.ca.gov/faces/codes.xhtml",
    "extra_data": {
      "section_title": "Chapter 7 Article 5",
      "separated_text": {}
    }
  }
}