{
  "text": "Code: Select Code\nSection: 1 or 2 or 100\nSearch\n \n900.\nUp^\nAdd To My Favorites\nFINANCIAL CODE - FIN\nDIVISION 1. FINANCIAL INSTITUTIONS [99 - 900]  ( Division 1 repealed and added by Stats. 2011, Ch. 243, Sec. 2. )\nCHAPTER 11. Financial Abuse of Victims of Domestic Violence [900- 900.]  ( Chapter 11 added by Stats. 2024, Ch. 650,\nSec. 1. )\n  (a) Commencing on or before January 1, 2027, the department shall make available to financial institutions\nand the general public online resources related to financial abuse of victims of domestic violence for the purpose of\nprotecting survivors\u2019 assets and resources.\n(b) The online financial abuse resources shall include, but not be limited to, all of the following:\n(1) Information on the nexus between domestic violence and financial security.\n(2) Information on the prevalence and impacts of financial abuse as it relates to domestic violence and a\nsurvivor\u2019s employment and credit history.\n(3) Information regarding the heightened need to protect the privacy and to respect the integrity of each\nindividual survivor customer of a financial institution.\n(4) Information regarding the heightened need to respect the autonomy and agency of each individual survivor\ncustomer, including the survivor customer\u2019s decision whether or not to inform law enforcement of the financial\nabuse.\nHome\nBill Information\nCalifornia Law\nPublications\nOther Resources\nMy Subscriptions\nMy Favorites\n(c) The department may utilize existing internet websites, links, and other online resources and materials from\nstate government departments, nonprofit organizations, and community groups, as appropriate, in order to meet\nthe requirement described in subdivision (a).\n(d) This section does not require financial institutions using the information provided online by the department to\nbecome mandated reporters of domestic violence.\n(e) The department shall annually review and update the online resources required to be posted pursuant to\nsubdivision (a).\n(Added by Stats. 2024, Ch. 650, Sec. 1. (AB 2422) Effective January 1, 2025.)",
  "metadata": {
    "site_url": "https://leginfo.legislature.ca.gov/faces/codes.xhtml",
    "extra_data": {
      "section_title": "Chapter 11",
      "separated_text": {}
    }
  }
}