{
  "text": "Subchapter I. General. | D.C. Law Library Skip to main content Toggle mobile menu Navigation D.C. Law Library Code of the District of Columbia Title 26. Banks and Other Financial Institutions. Chapter 13. Trust, Loan, Mortgage, Safe Deposit and Title Corporations. Subchapter I. General. Code of the District of Columbia Subchapter I. General. \u00a7 26\u20131301. Manner of formation; purposes. \u00a7 26\u20131304. Organization certificate; execution; contents. \u00a7 26\u20131305. Charter of incorporation \u2014 Power of Council to grant or refuse. \u00a7 26\u20131306. Charter of incorporation \u2014 Notice of application. \u00a7 26\u20131307. Charter of incorporation \u2014 Recording; certificate to be obtained from Superintendent of Banking and Financial Institutions [Commissioner of the Department of Insurance, Securities, and Banking] \u00a7 26\u20131308. Reports to Superintendent of Banking and Financial Institutions [Commissioner of the Department of Insurance, Securities, and Banking] \u00a7 26\u20131309. Powers of companies; liability as trustee. \u00a7 26\u20131310. Appointment as fiduciary. \u00a7 26\u20131311. Oath as fiduciary. \u00a7 26\u20131311.01. Automatic substitution of fiduciaries. \u00a7 26\u20131312. Stock, property, and liability to be security when fiduciary. \u00a7 26\u20131313. Existing companies; certificate of intention to comply with provisions. \u00a7 26\u20131314. Real property held and conveyed by companies. \u00a7 26\u20131315. Duration of charter. \u00a7 26\u20131316. Capital stock \u2014 Amount; payment; deposit with Superintendent of Banking and Financial Institutions [Commissioner of the Department of Insurance, Securities, and Banking] \u00a7 26\u20131317. Capital stock \u2014 Calls; sale on failure to pay money subscribed. \u00a7 26\u20131318. Annual reports \u2014 Publication; contents; verification. \u00a7 26\u20131319. Annual reports \u2014 Liability of directors or trustees. \u00a7 26\u20131320. Wilful false swearing; misappropriation. \u00a7 26\u20131321. Stock deemed personal estate; transfer; contents of certificates. \u00a7 26\u20131322. Liability of stockholders. \u00a7 26\u20131323. Payment of stock to be in money only; exception. \u00a7 26\u20131324. Election of, and management of company by, directors or trustees. \u00a7 26\u20131325. Officers; security authorized. \u00a7 26\u20131326. Power to make bylaws; purposes thereof. \u00a7 26\u20131327. Liability of directors or trustees on declaration of dividends \u2014 Conditions. \u00a7 26\u20131328. Liability of directors or trustees on declaration of dividends \u2014 Exemption. \u00a7 26\u20131329. Directors or trustees personally liable when liabilities exceed assets. \u00a7 26\u20131330. Fiduciary not liable as stockholder; liability of estate and funds. \u00a7 26\u20131331. Increase or decrease of capital stock. \u00a7 26\u20131332. Copy of certificate as evidence. \u00a7 26\u20131333. Security required for performance of fiduciary duties; liability thereon. \u00a7 26\u20131334. Powers of probate court. \u00a7 26\u20131335. Compliance required of foreign corporations or companies. \u00a7 26\u20131336. Right of Congress to amend or repeal chapter; remedies preserved. Previous Chapter 13. Trust, Loan, Mortgage, Safe Deposit and Title Corporations. Next Subchapter II. Existing Trust Companies; Perpetual Succession of Trust Companies. The codes and laws on this website are in the public domain. Please do not scrape. Instead, bulk download the HTML or XML . Powered by the non-profit Open Law Library . Subchapter II. Existing Trust Companies; Perpetual Succession of Trust Companies. | D.C. Law Library Skip to main content Toggle mobile menu Navigation D.C. Law Library Code of the District of Columbia Title 26. Banks and Other Financial Institutions. Chapter 13. Trust, Loan, Mortgage, Safe Deposit and Title Corporations. Subchapter II. Existing Trust Companies; Perpetual Succession of Trust Companies. Code of the District of Columbia Subchapter II. Existing Trust Companies; Perpetual Succession of Trust Companies. \u00a7 26\u20131351. Existing title insurance companies may become perpetual. \u00a7 26\u20131352. Trust companies to have perpetual succession. Previous Subchapter I. General. Next Chapter 14. Universal Bank Certification. The codes and laws on this website are in the public domain. Please do not scrape. Instead, bulk download the HTML or XML . Powered by the non-profit Open Law Library .",
  "metadata": {
    "site_url": "https://code.dccouncil.gov/us/dc/council/code/titles/26/chapters/13",
    "extra_data": {
      "code_title": "Title 26: Banks and Other Financial Institutions",
      "chapter_number": "13",
      "separated_text": {
        "Subchapter I. General.": "\u00a7 26\u20131301. Manner of formation; purposes. \u00a7 26\u20131304. Organization certificate; execution; contents. \u00a7 26\u20131305. Charter of incorporation \u2014 Power of Council to grant or refuse. \u00a7 26\u20131306. Charter of incorporation \u2014 Notice of application. \u00a7 26\u20131307. Charter of incorporation \u2014 Recording; certificate to be obtained from Superintendent of Banking and Financial Institutions [Commissioner of the Department of Insurance, Securities, and Banking] \u00a7 26\u20131308. Reports to Superintendent of Banking and Financial Institutions [Commissioner of the Department of Insurance, Securities, and Banking] \u00a7 26\u20131309. Powers of companies; liability as trustee. \u00a7 26\u20131310. Appointment as fiduciary. \u00a7 26\u20131311. Oath as fiduciary. \u00a7 26\u20131311.01. Automatic substitution of fiduciaries. \u00a7 26\u20131312. Stock, property, and liability to be security when fiduciary. \u00a7 26\u20131313. Existing companies; certificate of intention to comply with provisions. \u00a7 26\u20131314. Real property held and conveyed by companies. \u00a7 26\u20131315. Duration of charter. \u00a7 26\u20131316. Capital stock \u2014 Amount; payment; deposit with Superintendent of Banking and Financial Institutions [Commissioner of the Department of Insurance, Securities, and Banking] \u00a7 26\u20131317. Capital stock \u2014 Calls; sale on failure to pay money subscribed. \u00a7 26\u20131318. Annual reports \u2014 Publication; contents; verification. \u00a7 26\u20131319. Annual reports \u2014 Liability of directors or trustees. \u00a7 26\u20131320. Wilful false swearing; misappropriation. \u00a7 26\u20131321. Stock deemed personal estate; transfer; contents of certificates. \u00a7 26\u20131322. Liability of stockholders. \u00a7 26\u20131323. Payment of stock to be in money only; exception. \u00a7 26\u20131324. Election of, and management of company by, directors or trustees. \u00a7 26\u20131325. Officers; security authorized. \u00a7 26\u20131326. Power to make bylaws; purposes thereof. \u00a7 26\u20131327. Liability of directors or trustees on declaration of dividends \u2014 Conditions. \u00a7 26\u20131328. Liability of directors or trustees on declaration of dividends \u2014 Exemption. \u00a7 26\u20131329. Directors or trustees personally liable when liabilities exceed assets. \u00a7 26\u20131330. Fiduciary not liable as stockholder; liability of estate and funds. \u00a7 26\u20131331. Increase or decrease of capital stock. \u00a7 26\u20131332. Copy of certificate as evidence. \u00a7 26\u20131333. Security required for performance of fiduciary duties; liability thereon. \u00a7 26\u20131334. Powers of probate court. \u00a7 26\u20131335. Compliance required of foreign corporations or companies. \u00a7 26\u20131336. Right of Congress to amend or repeal chapter; remedies preserved.",
        "Subchapter II. Existing Trust Companies; Perpetual Succession of Trust Companies.": "\u00a7 26\u20131351. Existing title insurance companies may become perpetual. \u00a7 26\u20131352. Trust companies to have perpetual succession."
      }
    }
  }
}