{
  "text": "(Authority obligations as legal investments and legal security for deposits by public of\ufb01cers), (9) bonds or\nnotes of the Power Authority of the state of New York, (10) bonds or notes of the Niagara Frontier Port Authority, (11) bonds or notes of the\nDormitory Authority of the state of New York, (12) bonds or notes of the New York state bridge authority, (13) bonds or notes issued for any of the\ncorporate purposes of the New York state housing \ufb01nance agency, (14) bonds or notes of the Metropolitan Commuter Transportation Authority, (15)\nbonds or notes of the New York State Pure Waters Authority, for which the commissioner of taxation and \ufb01nance and the comptroller shall deliver a\ncerti\ufb01cate of deposit containing the conditions of such deposit, (16) bonds or notes of the Niagara Frontier Transportation Authority, (17) bonds or\nnotes of the Rochester-Genesee Regional Transportation Authority, (18) bonds or notes of the Capital District Transportation Authority, (19) bonds or\nnotes of the Central New York Regional Transportation Authority, 20 Bonds or notes of the New York state project \ufb01nance agency, (21) Bonds or\nnotes of the municipal assistance corporation for the city of New York, (22) bonds or notes issued for any of the corporate purposes of the New York\nstate medical care facilities \ufb01nance agency, for which the commissioner of taxation and \ufb01nance and the comptroller shall deliver a certi\ufb01cate of\ndeposit containing the conditions of such deposit, or\n(23)\nirrevocable letters of credit issued by a federal home loan bank.\nc.\nWith the permission of the comptroller and commissioner of taxation and \ufb01nance execute and \ufb01le with the commissioner of taxation and \ufb01nance an\nundertaking to the effect that such bank, trust company or industrial bank will safely keep and promptly pay over all such deposits on legal demand\ntherefor with interest, if any, and as collateral to such undertaking deposit with the comptroller a certi\ufb01ed check or checks drawn on and certi\ufb01ed by\nthe federal reserve bank within the state payable to his order in such amount or amounts as shall be agreed upon by the comptroller and the\ndepositary.\n3.\nNotwithstanding any other general or special law, no bonds, notes or other obligations, except as above described, shall be accepted as security for\nmoneys deposited pursuant to this section or section one hundred six of this chapter. No general or special law which in substance or in effect\nauthorizes or requires the deposit of speci\ufb01ed bonds, notes or other obligations with any public of\ufb01cer or body of this state for any purpose for which\nthe deposit of bonds or other obligations of this state may be authorized or required, shall be construed to authorize or require the acceptance of such\nbonds, notes or other obligations as security for moneys deposited pursuant to this section or section one hundred six of this chapter.\n4.\nThe comptroller and the commissioner of taxation and \ufb01nance may, in their discretion, accept and substitute for any surety bond or undertaking given,\npursuant to this section, a bond or undertaking in such form and with other surety or sureties, or other security as required by this section, for such\nsums as may be prescribed and approved by the comptroller and the commissioner of taxation and \ufb01nance for the safe keeping and prompt payment of\nsuch moneys on legal demand therefor with interest, if any, and the comptroller and the commissioner of taxation and \ufb01nance may thereupon execute\nand deliver to the surety or sureties, upon the former bond or undertaking, a release of such surety or sureties from any liability accruing subsequent to\nthe date of such release. Such release shall not relieve such surety or sureties from any obligation for losses incurred prior to the date thereof.\n5.\nOn the withdrawal of all moneys from any such depositary and a closing and settlement of the account thereof, the commissioner of taxation and\n\ufb01nance and the comptroller may in their discretion certify to such settlement and direct the release of such surety bond, undertaking, certi\ufb01ed check or\nchecks, or other security to the obligors or owner or owners entitled thereto.\n6.\nThe state comptroller, public authorities or public bene\ufb01t corporations of the state, and the commissioner of taxation and \ufb01nance may deposit public\nfunds with a bank, trust company or national bank located in a banking development district designated pursuant to Banking Law",
  "metadata": {
    "site_url": "https://www.nysenate.gov/legislation/laws/STF/49",
    "code_title": "New York State Finance Law",
    "section_number": "\u00a7 49"
  }
}