{
  "text": "(Authority to contract), shall be eligible to make purchases pursuant to guidelines issued by the state procurement council from a consortium\nor comparable entity in lieu of using centralized contracts for commodities.\n(vii)\nThe commissioner is authorized to enter into contracts pursuant to the provisions of Public Health Law",
  "metadata": {
    "site_url": "https://www.nysenate.gov/legislation/laws/STF/2803-A",
    "code_title": "New York State Finance Law",
    "section_number": "\u00a7\n2803-A"
  }
}