{
  "text": "N.Y. State Finance Law Section 83-A\nHabitat conservation and access account\n(a)\nThere is hereby created an account within the miscellaneous capital projects fund, the habitat conservation and access account. The habitat\nconservation and access account shall consist of up to one million \ufb01ve hundred thousand dollars annually from moneys received by the state from the\nsale of lifetime licenses for hunting, trapping, and \ufb01shing, and lifetime privileges for archery and muzzle-loading pursuant to Environmental\nConservation Law \u00a7 11-0702 (Lifetime hunting, \ufb01shing, trapping, archery and muzzle-loading licenses) and all moneys, revenues and interest thereon\nreceived as a result of the application of subdivision seventeen of Environmental Conservation Law \u00a7 11-0305 (General powers and duties of the\ndepartment) authorizing the issuance and sale of voluntary habitat stamps, other than the amount retained by the issuing agent or of\ufb01cer. The habitat\nconservation and access account shall be subject to the same restrictions and protections as the conservation fund. \ue9cb\n(b)\nThese moneys, after appropriation by the legislature, and within the amounts set forth and for the several purposes speci\ufb01ed, shall be available to the\ndepartment of environmental conservation for the capital expenses associated with management, protection, and restoration of \ufb01sh and wildlife\nhabitats, and improvement and development of public access for \ufb01sh and wildlife related recreation.\n(c)\nAll payments made from the habitat conservation and access account shall be made by the department of taxation and \ufb01nance after audit and upon\nwarrant of the comptroller on vouchers approved by the commissioner of environmental conservation. After appropriations made available from the\nhabitat conservation and access account shall cease to have force and effect, any balances remaining unexpended and not required to meet the proper\nand necessary expenses of the division of \ufb01sh and wildlife shall revert to the state \ufb01sh and game trust account established pursuant to paragraph four\nof subdivision (a) of",
  "metadata": {
    "site_url": "https://www.nysenate.gov/legislation/laws/STF/83-A",
    "code_title": "New York State Finance Law",
    "section_number": "\u00a7 83-A"
  }
}