{
  "text": "(Conditions under which library systems are entitled to state aid); provided,\nhowever, that for the purposes of this de\ufb01nition, a public library system shall be considered a municipality only in instances where such public library\nsystem advances a joint application on behalf of its member libraries, water authority, sewer authority, regional planning and development board,\nschool district, or board of cooperative educational services; provided, however, that for the purposes of this de\ufb01nition, a board of cooperative\neducational services shall be considered a municipality only in instances where such board of cooperative educational services advances a joint\napplication on behalf of school districts and other municipalities within the board of cooperative educational services region; provided, however, that\nany agreements with a board of cooperative educational services: shall not generate additional state aid; shall be deemed not to be a part of the\nprogram, capital and administrative budgets of the board of cooperative educational services for the purposes of computing charges upon component\nschool districts pursuant to subdivision one and subparagraph seven of paragraph b of subdivision four of section nineteen hundred \ufb01fty, and\nsubdivision one of Education Law",
  "metadata": {
    "site_url": "https://www.nysenate.gov/legislation/laws/STF/272",
    "code_title": "New York State Finance Law",
    "section_number": "\u00a7 272"
  }
}