{
  "text": "(Accounting systems). If\nthe contracting agency has not complied with one or more provisions of this article, the state comptroller may approve the awarded contract if:\na.\nthe contracting agency determines that the noncompliance was a non-material deviation from one or more provisions of this article. For the purposes\nof this subdivision \u201cnon-material deviation\u201d shall mean that such noncompliance did not prejudice or favor any vendor or potential vendor, such\nnoncompliance did not substantially affect the fairness of the competitive process, and that a new procurement would not be in the best interest of the\nstate. Such determination by the contracting agency and the state comptroller shall be documented in the procurement record; and\nb.\nthe state comptroller concurs in such determination.\n13.\nTechnological procurement improvements. The state procurement council may request that the of\ufb01ce of general services provide, or recommend to the\nstate comptroller to provide for the utilization of technological advances and ef\ufb01ciencies in the procurement process including, but not limited to,\nelectronic ordering and payment, procurement cards and similar improvements.\n14.\nReporting by the state comptroller. To support transparency in the state\u2019s procurement process and prudent procurement management, oversight and\npolicy-making, the state comptroller shall submit a report to the state procurement council, the governor, the commissioner of the of\ufb01ce of general\nservices, the director of the budget, and the legislative \ufb01scal committees containing data related to state agency contracts. Such report shall be made\nannually, on a \ufb01scal year basis by the \ufb01rst of July of the next succeeding year.\na.\nFor state agency contracts, such report shall include:\n(i)\na list of all active contracts as of the end of the \ufb01scal year;\n(ii)\na list of all contracts reviewed by the of\ufb01ce of the state comptroller during the \ufb01scal year;\n(iii)\na list of contract award protests reviewed by the of\ufb01ce of the state comptroller and the resolution thereof; and\n(iv)\nfor consulting contracts subject to approval of the state comptroller, a report of planned and actual employment under each contract.\nb.\nThe lists required pursuant to subparagraphs (i) and (ii) of paragraph a of this subdivision shall include, to the extent reasonably available, the\nfollowing information related to each contract:\n(i)\nthe state agency letting the contract;\n(ii)\nthe state agency for which the contract is let, if different;\n(iii)\nwhether an agency contract or centralized contract;\n(iv)\nvendor name and address;\n(v)\na description of the contract. For contracts let under Public Buildings Law",
  "metadata": {
    "site_url": "https://www.nysenate.gov/legislation/laws/STF/112",
    "code_title": "New York State Finance Law",
    "section_number": "\u00a7 112"
  }
}