{
  "text": "N.Y. State Finance Law Section 68-C\nPayments to authorized issuers\n1.\nThe state, acting through the director of the budget, and authorized issuers may enter into, amend, modify, or rescind one or more \ufb01nancing\nagreements providing for the speci\ufb01c manner, timing, and amount of payments to be made under this section, but only in conformity with this\nsection.\n2.\nNo later than October \ufb01rst of each year, the authorized issuers shall certify to the director of the budget the anticipated cash requirements related to\nrevenue bonds during the subsequent state \ufb01scal year in such detail as the director may require. \ue9cb\n3.\nUpon receipt of a voucher from any authorized issuer requesting payment for such amount or amounts certi\ufb01ed by the director of the budget pursuant\nto paragraph (a) of subdivision \ufb01ve of",
  "metadata": {
    "site_url": "https://www.nysenate.gov/legislation/laws/STF/68-C",
    "code_title": "New York State Finance Law",
    "section_number": "\u00a7 68-C"
  }
}