{
  "text": "(Remedies). The contractor shall retain not more than \ufb01ve per\ncentum of each payment to the subcontractor and/or materialman except that the contractor may retain in excess of \ufb01ve per centum but not more than\nten per centum of each payment to the subcontractor provided that prior to entering into a subcontract with the contractor, the subcontractor is unable\nor unwilling to provide a performance bond and a labor and material bond, both in the full amount of the subcontract, at the request of the contractor.\nHowever, the contractor shall retain nothing from those payments representing proceeds owed the subcontractor and/or materialman from the public\nowner\u2019s payments to the contractor for the remaining amounts of the contract balance as provided in subdivision one of this section. If the contractor\nhas failed to submit a requisition for payment of the remaining amounts of the contract balance within ninety days of substantial completion as\nprovided in subdivision one of this section, then any clause in the subcontract between the contractor and the subcontractor or materialman which\nstates that payment by the contractor to such subcontractor or materialman is contingent upon payment by the owner to the contractor shall be deemed\ninvalid. Within seven calendar days of the receipt of payment from the contractor, the subcontractor and/or materialman shall pay each of his\nsubcontractors and materialmen in the same manner as the contractor has paid the subcontractor, including interest as herein provided above. Nothing\nprovided herein shall create any obligation on the part of the public owner to pay or to see to the payment of any moneys to any subcontractor or\nmaterialman from any contractor nor shall anything provided herein serve to create any relationship in contract or otherwise, implied or expressed,\nbetween the subcontractor or materialman and the public owner.\n3.\nIn the event that the terms of payment on a public works project as provided in this section are pre-empted or superseded as a result of the provisions\nof any federal statute, regulation or rule applicable to the project, the terms of this section shall not apply.\n4.\nNotwithstanding any other provision of this section or other law, requirements for the furnishing of a performance bond or a payment bond may be\ndispensed with at the discretion of the head of the state agency or corporation, or his or her designee, where the public owner is a state agency or\ncorporation described in subdivision one-a of this section and the aggregate amount of the contract awarded or to be awarded is under \ufb01fty thousand\ndollars and, in a case where the contract is not subject to the multiple contract award requirements of",
  "metadata": {
    "site_url": "https://www.nysenate.gov/legislation/laws/STF/756-B",
    "code_title": "New York State Finance Law",
    "section_number": "\u00a7 756-B"
  }
}