{
  "text": "(Prompt payment) which is subject to the provision of this section shall be made in\naccordance with the provisions of such article eleven-A, in the case of such state agencies, or such section twenty-eight hundred eighty, in the case of\nsuch corporations, provided failure to make such payment, as heretofore prescribed, shall not be due to any fault, neglect, or omission on the part of\nthe contractor or by reason of the \ufb01ling of any lien, attachment, or other legal process against the money due such contractor.\n2.\nPayment by contractors to subcontractors. Within seven calendar days of the receipt of any payment from the public owner, the contractor shall pay\neach of his subcontractors and materialmen the proceeds from the payment representing the value of the work performed and/or materials furnished by\nthe subcontractor and/or materialman and re\ufb02ecting the percentage of the subcontractor\u2019s work completed or the materialman\u2019s material supplied in\nthe requisition approved by the owner and based upon the actual value of the subcontract or purchase order less an amount necessary to satisfy any\nclaims, liens or judgments against the subcontractor or materialman which have not been suitably discharged and less any retained amount as hereafter\ndescribed. Failure by the contractor to pay any subcontractor or materialman within seven calendar days of the receipt of any payment from the public\nowner shall result in the commencement and accrual of interest on amounts due to such subcontractor or materialman for the period beginning on the\nday immediately following the expiration of such seven calendar day period and ending on the date on which payment is made by the contractor to\nsuch subcontractor or materialman. Such interest payment shall be the sole responsibility of the contractor, and shall be paid at the rate of interest in\neffect on the date payment is made by the contractor. Notwithstanding any other provision of law to the contrary, interest shall be computed at the rate\nestablished in paragraph (b) of subdivision one of General Business Law",
  "metadata": {
    "site_url": "https://www.nysenate.gov/legislation/laws/STF/2880",
    "code_title": "New York State Finance Law",
    "section_number": "\u00a7 2880"
  }
}