{
  "text": "(Courthouses and judicial expenditures). For purposes of subparagraph (iii) of this paragraph, computation of the amount referred to therein shall\nexclude any payments made by a political subdivision in consequence of which such political subdivision has received or will receive state assistance\nunder subparagraph (i) or (ii) of this paragraph. Notwithstanding any contrary provision of this paragraph, no political subdivision shall be eligible to\nreceive state assistance hereunder in relation to the provision of chambers for a resident judge of the court of appeals in any state \ufb01scal year beginning\nprior to April \ufb01rst, two thousand seven. (b) Any amount to which a political subdivision otherwise would be entitled during a state \ufb01scal year pursuant\nto this subdivision shall be reduced by the amount of state assistance to which that political subdivision is entitled during that same \ufb01scal year under\nsubdivision one of this section on account of interest on notes and bonds it issued or the dormitory authority issued in connection with facilities for the\ntransaction of business by an appellate division. (c) Notwithstanding any provision herein, no political subdivision issuing notes or bonds after the\neffective date of this subdivision shall be entitled to state assistance pursuant thereto unless, prior to the issuance of such notes or bonds, the chief\nadministrator of the courts certi\ufb01es that the court facility or facilities in connection with which such notes or bonds are to be issued are consistent with\nthe capital plan approved pursuant to Public Authorities Law",
  "metadata": {
    "site_url": "https://www.nysenate.gov/legislation/laws/STF/218",
    "code_title": "New York State Finance Law",
    "section_number": "\u00a7\n218"
  }
}