{
  "text": "(De\ufb01nitions);\n(ix)\nany private not-for-pro\ufb01t mental hygiene facility as de\ufb01ned in section 1.03 of the mental hygiene law;\n(x)\nany public authority or public bene\ufb01t corporation of the state, including the port authority of New York and New Jersey and the interstate\nenvironmental commission;\n(xi)\nany public library, association library, library system, cooperative library system, the New York Library Association, and the New York State\nAssociation of Library Boards or any other library except those which are operated by for pro\ufb01t entities;\n(xii)\nany other association or entity as speci\ufb01ed in state law, to make purchases of commodities, services and technology through the of\ufb01ce of general\nservices\u2019 centralized contracts. Such quali\ufb01ed non-pro\ufb01t-making agencies for the blind and severely disabled may make purchases from the\ncorrectional industries program of the department of corrections and community supervision subject to rules pursuant to the correction law.\n2.\nOperating principles. The objective of state procurement is to facilitate each state agency\u2019s mission while protecting the interests of the state and its\ntaxpayers and promoting fairness in contracting with the business community. The state\u2019s procurement process shall be guided by the following\nprinciples:\na.\nTo promote purchasing from responsive and responsible offerers, including small businesses.\nb.\nTo be based on clearly articulated procedures which require a clear statement of product speci\ufb01cations, requirements or work to be performed; a\ndocumentable process for soliciting bids, proposals or other offers; a balanced and fair method, established in advance of the receipt of offers, for\nevaluating offers and awarding contracts; contract terms and conditions that protect the state\u2019s interests and promote fairness in contracting with the\nbusiness community; and a regular monitoring of vendor performance.\nc.\nTo encourage the investment of the private and not-for-pro\ufb01t sectors in New York state by making reasonable efforts to ensure that offerers are\napprised of procurement opportunities; by specifying the elements of a responsive bid and disclosing the process for awarding contracts including, if\napplicable, the relative importance and/or weight of cost and the overall technical criterion for evaluating offers; and by ensuring the procurement is\nconducted accordingly.\nd.\nTo ensure that contracts are awarded consistent with the best interests of the state.\ne.\nTo ensure that of\ufb01cers and employees of state entities do not bene\ufb01t \ufb01nancially or otherwise from the award of state contracts.\nf.\nTo ensure regular and critical review of the ef\ufb01ciency, integrity and effectiveness of the overall process.\n3.\nGeneral provisions for purchasing commodities.\na.\nState agency procurement practices for commodities shall incorporate the following:\n(i)\nThe purchase of commodities by state agencies including the of\ufb01ce of general services shall be conducted in a manner which accords \ufb01rst priority to\npreferred sources in accordance with the provisions of this article, second priority to centralized contracts, third priority to agency or multi-agency\nestablished contracts and fourth priority to other means of contracting.\n(ii)\nCommodities contracts shall be awarded on the basis of lowest price to a responsive and responsible offerer; or, in the case of multiple awards, in\naccordance with paragraph c of subdivision ten of this section.\n(iii)\nThe commissioner shall be responsible for the standardization and centralized purchase of commodities required by state agencies in a manner which\nmaximizes the purchasing value of public funds.\n(iv)\nThe commissioner is authorized to permit purchases of commodities and services for authorized users through the of\ufb01ce of general services\u2019\ncentralized contracts. Such authorized users so empowered shall accept sole responsibility for any payment due with respect to such purchases.\n(v)\nConsistent with guidelines issued by the state procurement council, state agencies may competitively purchase commodities procured in accordance\nwith this article in lieu of using centralized contracts when the resultant price is less than the centralized contract price.\n(vi)\nWhen justi\ufb01ed by price, state agencies, and hospitals and facilities managed and controlled by state agencies eligible pursuant to Public Health Law",
  "metadata": {
    "site_url": "https://www.nysenate.gov/legislation/laws/STF/2801",
    "code_title": "New York State Finance Law",
    "section_number": "\u00a7 2801"
  }
}