{
  "text": "(Organization) or in the division of military and naval affairs of the executive department or excluded from representation rights under article\nfourteen of the civil service law pursuant to rules or regulations of the public employment relations board, employees of the legislature, judges and\njustices of the uni\ufb01ed court system and nonjudicial employees thereof not in collective negotiating units, such amount as such employee may specify\nin writing \ufb01led with the payroll of\ufb01cer of such employee\u2019s agency for the payment of child care fees for services at child care centers designated by\nthe director of employee relations and transmit deductions so withheld to such designated child care center providing such services. Any such written\nauthorization may be withdrawn by the employee at any time upon \ufb01ling written notice of such withdrawal with the payroll of\ufb01cer of such employee\u2019s\nagency, or such deduction may be terminated on notice to the payroll of\ufb01cer of such employee\u2019s agency by the child care center.\n12.\nNotwithstanding any other inconsistent provision of law, where, and to the extent that, an agreement between the state and an employee organization\nentered into pursuant to article fourteen of the civil service law so provides, the comptroller, after receipt of written directions of the director of\nemployee relations, is authorized to deduct from the salary of any employee covered by such an agreement such amount as such employee may\nspecify in writing \ufb01led with the payroll of\ufb01cer of such employee\u2019s agency for the payment of child care fees for services at child care centers\ndesignated by the director of employee relations and transmit deductions so withheld to such designated child care center providing such services. Any\nsuch written authorization may be withdrawn by the employee at any time upon \ufb01ling written notice of such withdrawal with the payroll of\ufb01cer of\nsuch employee\u2019s agency, or such deduction may be terminated on notice to the payroll of\ufb01cer of such employee\u2019s agency by the child care center. *\n13. The comptroller is hereby authorized to deduct from the salary of any state employee such amount as such employee may specify in writing to be\n\ufb01led with the payroll of\ufb01cer of the employee\u2019s agency for the purpose of making payments on outstanding Perkins loans (formerly national direct\nstudent loans) owed to the state university of New York or the city university of New York and to transmit deductions so withheld to the appropriate\ncollecting agent of the state university of New York or the city university of New York. Any such written authorization may be withdrawn by such\nemployee at any time upon \ufb01ling written notice of such withdrawal with the comptroller. The comptroller is hereby authorized to make such rules and\nregulations as may be necessary to provide for deductions for this purpose. * NB There are 2 sb 13\u2019s * 13. The comptroller is authorized to deduct\nfrom the salary of any employee of the state in the legislative branch and any employee in the executive or judicial branch whose position is\ndesignated managerial or con\ufb01dential pursuant to article fourteen of the civil service law, any employee covered by Correction Law",
  "metadata": {
    "site_url": "https://www.nysenate.gov/legislation/laws/STF/215",
    "code_title": "New York State Finance Law",
    "section_number": "\u00a7\n215"
  }
}