{
  "text": "N.Y. State Finance Law Section 136\nContracts in pursuance of appropriations\nA contract or contracts made in pursuance of an appropriation by the state for a speci\ufb01c object shall be for the completion of the work contemplated by\nthe appropriation, and in the aggregate shall not exceed the amount of such appropriation. A contract for a part of such work shall not be binding upon\nthe state until contracts are also made covering the entire work contemplated by such appropriation, except that, (a) upon certi\ufb01cation by the agency\nhaving jurisdiction to the state comptroller that suf\ufb01cient appropriations remain for completion of the entire work contemplated, preliminary work\nsuch as site preparation and infrastructure work may be commenced for a project where the timeliness thereof is of the essence and the director of the\nbudget certi\ufb01es to such need and to the availability of appropriations, and except (b) where it is expressly provided by such appropriation that a part of\nthe work may be done by day\u2019s labor. Except as provided in Highway Law",
  "metadata": {
    "site_url": "https://www.nysenate.gov/legislation/laws/STF/136",
    "code_title": "New York State Finance Law",
    "section_number": "\u00a7 136"
  }
}