{
  "text": "N.Y. State Finance Law Section 15\nFees to be charged for certain documents\n1.\nExcept as herein otherwise provided, no blank, report, pamphlet or other document printed pursuant to law by or under the supervision and direction\nof a state department, or a division, of\ufb01cer, board, bureau, commission or other state agency, included within such department, shall be furnished or\ndistributed to any person except on payment of a fee therefor, to be \ufb01xed as herein provided.\n2.\nThe head of each state department shall adopt rules and regulations governing the printing and distribution of all blanks, reports, pamphlets and other\ndocuments printed by or under the direction and supervision of his department, or of any of\ufb01cer, board, division, bureau, commission or other state\nagency included within such department, and containing an itemized schedule of fees to be charged therefor. Such rules and regulations shall be\nsubmitted by such department head to the director of the budget and, upon his approval thereof, shall have the force and effect of law. Such rules and\nregulations may be revised from time to time, subject to the approval of such director. In preparing such schedule of fees each department head shall\nbe guided, as far as possible, by the unit cost to the state of the preparation, printing and distribution of such blanks, reports, pamphlets and other\ndocuments. A copy of the rules and regulations in force for each department shall be at all times conspicuously displayed in the principal of\ufb01ce of such\ndepartment and in the particular portion of such department where the blanks, reports, pamphlets and other documents of the department are available\nfor distribution. \ue9cb\n3.\nNo fee shall be charged for furnishing a report or other document which is required by law to be made or furnished to the governor, the legislature or\nto any of the state departments, and the director of the budget may prescribe other cases in which no fee shall be charged.\n4.\nA true record and account of all fees received pursuant to this section shall be kept by the head of each department or by someone delegated by him to\nperform such task.\n5.\nNothing herein contained shall apply to reports, documents or pamphlets furnished to the governor, a member of the legislature, a representative of the\npress, the head of any state department.\n6.\nAll fees collected by the commissioner of transportation pursuant to the provisions of this section shall be deposited by the comptroller into the special\nobligation reserve and payment account of the dedicated highway and bridge trust fund established pursuant to section eighty-nine-b of this chapter.\nSource: Section 15 \u2014 Fees to be charged for certain documents, https://www. nysenate. gov/legislation/laws/STF/15 (updated Sep. 22,\n2014; accessed Apr. 19, 2025).\n2\nDe\ufb01nitions 2\u2013A\nAdditional de\ufb01nitions 3\nFiscal year 4\nPayments, transfers and deposits 4\u2013A\nElectronic value transfer program 5\nDeferred compensation 7\nDuties of department of taxation and \ufb01nance 8\nDuties of the comptroller 8\u2013A\nDeviations from generally accepted accounting principles 8\u2013B\nAdditional duties of the comptroller 8\u2013C\nEnterprise fraud prevention and detection system 9\nSubpoenas 10\nCompromise of old judgments and debts 11\nGifts, devises and bequests 12\nAnnual reports to legislature by institutions entitled to receive money from state 13\nBoards of visitors 14\nDepartmental statements 14\u2013A\nTax audit reporting system 14\u2013B\nCapital projects and maintenance statements 15\nFees to be charged for certain documents 16\nRate of interest on judgments and accrued claims against the state 17\nReports on \ufb01nanced equipment acquisitions 18\nInterest and collection fees assessed on debts owed to the state 19\nReturned check charge 19\u2013A\nParking facilities\nUp to date\nAccessed:\nApr. 19, 2025\nLast modified:\nSep. 22, 2014\n\u00a7 15\u2019s source at nysenate .gov\nLink Style\n Pragmatic\n Pedantic\nStay Connected\nJoin thousands of people who receive monthly site updates.\nSubscribe\n \n \n \nGet Legal Help\nThe New York State Bar Association runs a service for \ufb01nding an attorney in good standing. Initial consultations are usually free or discounted:\nLawyer Referral Service\nCommitted to Public Service\nWe will always provide free access to the current law. In addition, we provide special support for non-pro\ufb01t, educational, and government users.\nThrough social entre pre neurship, we\u2019re lowering the cost of legal services and increasing citizen access.\nNavigate\nFind a Lawyer\nBlog\nAbout Us\nContact Us\nReports\nSecondary Sources\nCalifornia: Codes\nColorado: C.R.S.\nNevada:\nNRS\nNew York: Laws\nOregon:\nOAR, ORS\nTexas:\nStatutes\nWorld:\nRome Statute, International Dictionary\nLocation: https://newyork.public.law/laws/n.y._state_finance_law_section_15\nOriginal Source: Section 15 \u2014 Fees to be charged for certain documents, https://www. nysenate. gov/legislation/laws/STF/15 (last ac cessed\nAug. 20, 2023).\nBlank Outline Levels\n\u00d7\nThe legislature occasionally skips outline levels. For example:\n(3) A person may apply [...]\n(4)(a) A person petitioning for relief [...]\nIn this example, (3), (4), and (4)(a) are all outline levels, but (4) was omitted by its authors. It's only implied. This presents an interesting challenge\nwhen laying out the text. We've decided to display a blank section with this note, in order to aide readability.\nTrust but verify. Here is the original source for section 15\nDo you have an opinion about this solution? Drop us a line.\nClose\n NewYork.Public.Law \nLaws of New York\nSearch\nRemove ads\nLogin\n1. \n2. Laws\n3. State Fin. Law\n4. Art. 2. Gen. Fiscal Provisions\n5.",
  "metadata": {
    "site_url": "https://www.nysenate.gov/legislation/laws/STF/15",
    "code_title": "New York State Finance Law",
    "section_number": "\u00a7 15"
  }
}