{
  "text": "N.Y. State Finance Law Section 179-CC\nJudicial review\nAny state agency action or failure to act with respect to the contract approval process in implementation of a program under the provisions of this\narticle shall be subject to judicial review in an action pursuant to article seventy-eight of the civil practice law and rules brought by a not-for-pro\ufb01t\norganization which provides services that would or could assist a state agency in carrying out activities with respect to such program. \ue9cb\nSource: Section 179-CC \u2014 Judicial review, https://www. nysenate. gov/legislation/laws/STF/179-CC (updated Sep. 22, 2014; accessed Apr.\n19, 2025).\n179\u2013AA\nAdvisory committee 179\u2013BB\nReports 179\u2013CC\nJudicial review 179\u2013DD\nSeverability 179\u2013EE\nOther provisions for contracts and appropriations 179\u2013Q\nDe\ufb01nitions 179\u2013R\nProgram plan submission 179\u2013S\nTime frames for the implementation of new programs and the execution of new contracts 179\u2013T\nTime frames for the execution of renewal contracts 179\u2013U\nAdvance payments 179\u2013V\nInterest payments 179\u2013W\nNoti\ufb01cation and suspension 179\u2013X\nFederal funds 179\u2013Y\nDuties of the comptroller 179\u2013Z\nNot-for-pro\ufb01t short-term revolving loans\nUp to date\nAccessed:\nApr. 19, 2025\nLast modified:\nSep. 22, 2014\n\u00a7 179-CC\u2019s source at nysenate .gov\nLink Style\n Pragmatic\n Pedantic\nStay Connected\nJoin thousands of people who receive monthly site updates.\nSubscribe\n \n \n \nGet Legal Help\nThe New York State Bar Association runs a service for \ufb01nding an attorney in good standing. Initial consultations are usually free or discounted:\nLawyer Referral Service\nCommitted to Public Service\nWe will always provide free access to the current law. In addition, we provide special support for non-pro\ufb01t, educational, and government users.\nThrough social entre pre neurship, we\u2019re lowering the cost of legal services and increasing citizen access.\nNavigate\nFind a Lawyer\nBlog\nAbout Us\nContact Us\nReports\nSecondary Sources\nCalifornia: Codes\nColorado: C.R.S.\nNevada:\nNRS\nNew York: Laws\nOregon:\nOAR, ORS\nTexas:\nStatutes\nWorld:\nRome Statute, International Dictionary\nLocation: https://newyork.public.law/laws/n.y._state_finance_law_section_179-cc\nOriginal Source: Section 179-CC \u2014 Judicial review, https://www. nysenate. gov/legislation/laws/STF/179-CC (last ac cessed Aug. 20, 2023).\nBlank Outline Levels\n\u00d7\nThe legislature occasionally skips outline levels. For example:\n(3) A person may apply [...]\n(4)(a) A person petitioning for relief [...]\nIn this example, (3), (4), and (4)(a) are all outline levels, but (4) was omitted by its authors. It's only implied. This presents an interesting challenge\nwhen laying out the text. We've decided to display a blank section with this note, in order to aide readability.\nTrust but verify. Here is the original source for section 179-CC\nDo you have an opinion about this solution? Drop us a line.\nClose\n NewYork.Public.Law \nLaws of New York\nSearch\nRemove ads\nLogin\n1. \n2. Laws\n3. State Fin. Law\n4. Art. 11-B. Prompt Contracting & Interest Payments For Not-for-pro\ufb01t Orgs.\n5.",
  "metadata": {
    "site_url": "https://www.nysenate.gov/legislation/laws/STF/179-CC",
    "code_title": "New York State Finance Law",
    "section_number": "\u00a7 179-CC"
  }
}