{
  "text": "(Restrictions on contacts during the procurement process), if such disclosure would impair the fairness or competitiveness of a pending or\npotential procurement process. Estimated costs by \ufb01scal year shall not be disclosed.\n15.\nThe division of the budget shall prepare the reports, schedules, and other information described in this subdivision. To the extent practicable, such\nreports, schedules, and information shall be in a form, and presented at a level of detail, that facilitates comparison on an annual basis and against\nactual results, as appropriate, and in a manner consistent with the other reporting requirements enumerated in this section. The reports, schedules, and\nother information required by this subdivision shall be submitted to the chair of the senate \ufb01nance committee, the chair of the assembly ways and\nmeans committee, the minority leaders of both houses, and the comptroller according to the schedules set forth in this section. In determining the \ufb01nal\ncontent and format of the information required by this section, the division of the budget shall consult annually with the designees of the temporary\npresident of the senate, the speaker of the assembly, the minority leaders of both houses, and the comptroller. All information described in this\nsubdivision shall be made available to the public.\na.\nThe executive budget, the enacted budget report and each quarterly update to the \ufb01nancial plan shall include an updated general fund forecast of\nreceipts and disbursements for the current and two succeeding \ufb01scal years. Such updated forecast shall clearly identify and explain the revisions to the\nreceipts and disbursements projections from the most recent prior update to the \ufb01nancial plan, and any signi\ufb01cant revisions to the underlying factors\naffecting receipts and disbursements by major function, and may include, but not be limited to: caseload, service, and utilization rates; demographic\ntrends; economic variables; pension fund performance; incarceration rates; prescription drug prices; health insurance premiums; in\ufb02ation; contractual\nobligations; litigation; and state employment trends.\nb.\nThe capital program and \ufb01nancing plan submitted pursuant to",
  "metadata": {
    "site_url": "https://www.nysenate.gov/legislation/laws/STF/139-J",
    "code_title": "New York State Finance Law",
    "section_number": "\u00a7\n139-J"
  }
}