{
  "text": "N.Y. State Finance Law Section 179-P\nInapplicability of the provisions\nThe provisions of this article shall not apply to payments due and owing by the state:\n1.\nunder the eminent domain procedure law;\n2.\nas interest allowed on judgments rendered by a court pursuant to any provision of law other than those provisions contained in this article;\n3.\nto the federal government; to any state agency or its related instrumentalities; to any duly constituted unit of local government including, but not\nlimited to, counties, cities, towns, villages, school districts, special districts, or any of their related instrumentalities; to any public authority or public\nbene\ufb01t corporation; or to employees of state agencies when acting in, or incidental to, their public employment capacity;\n4.\nto contractors of third party payment agreements including, but not limited to, the \ufb01scal agent or \ufb01scal intermediary designated pursuant to Social\nServices Law",
  "metadata": {
    "site_url": "https://www.nysenate.gov/legislation/laws/STF/179-P",
    "code_title": "New York State Finance Law",
    "section_number": "\u00a7 179-P"
  }
}