{
  "text": "N.Y. State Finance Law Section 78-A\nNew York higher education loan program variable rate default reserve fund\n1.\nThere is hereby created and established in the sole custody of the state comptroller a special fund to be known as the New York higher education loan\nprogram variable rate default reserve fund which shall be for the exclusive bene\ufb01t of the holders of variable rate education loans originated pursuant to\nthe New York higher education loan program codi\ufb01ed in part V of article fourteen of the education law, other than variable rate education loans\ndescribed in subdivision six of Public Authorities Law",
  "metadata": {
    "site_url": "https://www.nysenate.gov/legislation/laws/STF/78-A",
    "code_title": "New York State Finance Law",
    "section_number": "\u00a7 78-A"
  }
}