{
  "text": "(Distribution of surplus computers).\nSource: Section 168 \u2014 The management of surplus computer equipment, https://www. nysenate. gov/legislation/laws/STF/168 (updated\nSep. 22, 2014; accessed Apr. 19, 2025).\n160\nDe\ufb01nitions 161\nState procurement council 162\nPreferred sources 162\u2013A\nThe New York state buy American salt act 163\nPurchasing services and commodities 163\u2013A\nVendor preparation of speci\ufb01cations for technology procurements 163\u2013B\nEnvironmentally-sensitive cleaning and maintenance products 163\u2013C\nPurchase or lease of zero emission vehicles and charging or fueling infrastructure 163\u2013D\nDecarbonization plans for state-owned \ufb02eet vehicles 164\nExemptions 165\nPurchasing restrictions 165\u2013A\nIran divestment 166\nRequirements for \ufb01nanced equipment acquisition or \ufb01nanced creation or improvement of information technology systems and related researc... 167\nTransfer and disposal of personal property 168\nThe management of surplus computer equipment\nUp to date\nAccessed:\nApr. 19, 2025\nLast modified:\nSep. 22, 2014\n\u00a7 168\u2019s source at nysenate .gov\nLink Style\n Pragmatic\n Pedantic\nStay Connected\nJoin thousands of people who receive monthly site updates.\nSubscribe\n \n \n \nGet Legal Help\nThe New York State Bar Association runs a service for \ufb01nding an attorney in good standing. Initial consultations are usually free or discounted:\nLawyer Referral Service\nCommitted to Public Service\nWe will always provide free access to the current law. In addition, we provide special support for non-pro\ufb01t, educational, and government users.\nThrough social entre pre neurship, we\u2019re lowering the cost of legal services and increasing citizen access.\nNavigate\nFind a Lawyer\nBlog\nAbout Us\nContact Us\nReports\nSecondary Sources\nCalifornia: Codes\nColorado: C.R.S.\nNevada:\nNRS\nNew York: Laws\nOregon:\nOAR, ORS\nTexas:\nStatutes\nWorld:\nRome Statute, International Dictionary\nLocation: https://newyork.public.law/laws/n.y._state_finance_law_section_168\nOriginal Source: Section 168 \u2014 The management of surplus computer equipment, https://www. nysenate. gov/legislation/laws/STF/168 (last\nac cessed Aug. 20, 2023).\nBlank Outline Levels\n\u00d7\nThe legislature occasionally skips outline levels. For example:\n(3) A person may apply [...]\n(4)(a) A person petitioning for relief [...]\nIn this example, (3), (4), and (4)(a) are all outline levels, but (4) was omitted by its authors. It's only implied. This presents an interesting challenge\nwhen laying out the text. We've decided to display a blank section with this note, in order to aide readability.\nTrust but verify. Here is the original source for section 168\nDo you have an opinion about this solution? Drop us a line.\nClose\n NewYork.Public.Law \nLaws of New York\nSearch\nRemove ads\nLogin\n1. \n2. Laws\n3. State Fin. Law\n4. Art. 11-A. Interest Payments On Certain Amounts Owed By State\n5.",
  "metadata": {
    "site_url": "https://www.nysenate.gov/legislation/laws/STF/318",
    "code_title": "New York State Finance Law",
    "section_number": "\u00a7 318"
  }
}