{
  "text": "N.Y. State Finance Law Section 222\nMonitoring and report\n1.\nThe commissioner of economic development shall monitor the activities of participating lenders and businesses and may require periodic reports or\nother information the commissioner of economic development deems necessary from participating lenders and businesses on the status of the linked\nloans and the projects to ensure compliance with the provisions and the intent of this article.\n2.\nOn or before February \ufb01rst, nineteen hundred ninety-\ufb01ve, and annually thereafter the commissioner of economic development shall submit to the\ngovernor, the temporary president of the senate and the speaker of the assembly a report regarding the activities of the program. Such report shall\ncontain a statement of the cost of the program to the state and to the public authorities, considered as a whole, because of reduced rates on funds\ninvested in linked deposits. Such report shall also include, but shall not be limited to, the number and type of linked loans under the program and the\namount thereof; the number and types of lenders making linked loans and of \ufb01rms receiving linked loans; the geographic distribution of such lenders\nand \ufb01rms; the approximate number of jobs created or retained as a result of the program; actions taken by the department of economic development\nand the department of \ufb01nancial services to secure the increased participation of lenders in economic development regions in which fewer than ten\nlinked loans have been made on or before April \ufb01rst, nineteen hundred ninety-\ufb01ve; actions taken by the department of economic development to\nsecure the increased participation of public authorities and public bene\ufb01t corporations pursuant to",
  "metadata": {
    "site_url": "https://www.nysenate.gov/legislation/laws/STF/222",
    "code_title": "New York State Finance Law",
    "section_number": "\u00a7 222"
  }
}