{
  "text": "(Capital projects fund) shall be\nmade only if the amount of moneys credited to such fund for such program or purpose during the then current state \ufb01scal year is in excess of such\namount anticipated to be available at the time the annual budget for such \ufb01scal year was submitted to the legislature, in which case, any such transfer\nshall be limited to the amount of such excess.\n3.\nThe governor may authorize the transfer of all or a portion of such a special emergency appropriation to a fund classi\ufb01ed as a proprietary fund as\nde\ufb01ned in",
  "metadata": {
    "site_url": "https://www.nysenate.gov/legislation/laws/STF/93",
    "code_title": "New York State Finance Law",
    "section_number": "\u00a7 93"
  }
}