{
  "text": "(Eligibility) as a result of a mental disability as determined by the commissioner of the\ndepartment of social services in consultation with the commissioners of the of\ufb01ce of mental health and the of\ufb01ce of mental retardation and\ndevelopmental disabilities and with the approval of the director of the budget.\n2.\nHuman services overburden aid shall be calculated and paid to counties in accordance with the following:\n(i)\nEach county shall be entitled, on a quarterly basis to receive human services overburden aid payments based on the local share of medical assistance\npayments, as calculated in paragraph (iii) hereof, incurred by said county during each of the four calendar quarters of the calendar year for which this\nsection is in effect.\n(ii)\nThe commissioner of the department of social services shall, on or before the forty-\ufb01fth day after the close of each calendar quarter of nineteen\nhundred eighty-three, certify to the commissioner of taxation and \ufb01nance (a) the total local cost incurred by each county during the preceding three\nfull months, and (b) the amount of each such total that was incurred in providing medical assistance for the mentally disabled, and (c) the amount of\neach such total that was incurred in providing medical assistance to individuals for which there is no federal \ufb01nancial participation available under the\nmedical assistance program exclusive of any such amount included in clause (b) hereof for each such total.\n(iii)\nOn or before the last day of the month during which he shall receive a certi\ufb01cation by the commissioner of the department of social services as\nrequired pursuant to paragraph (ii) hereof, the commissioner of taxation and \ufb01nance shall calculate and certify the human services overburden aid\npayable to counties pursuant to paragraph (iv) hereof.\n(iv)\nHuman services overburden aid payments to each county shall equal the amount determined in clause (b) of paragraph (ii) hereof for such county plus\nthirty-\ufb01ve percent of the amount determined in clause (c) of paragraph (ii) hereof for such county, plus seventeen percent of the result obtained by\nsubtracting the amounts determined in clauses (b) and (c) of paragraph (ii) hereof for such county from the amount determined in clause (a) of\nparagraph (ii) hereof for such county; provided, however, that the amounts to be included in clauses (b) and (c) of paragraph (ii) hereof may be\ndetermined by expressing as a percentage that portion of the payments made through the \ufb01scal agent authorized by Social Services Law",
  "metadata": {
    "site_url": "https://www.nysenate.gov/legislation/laws/STF/366",
    "code_title": "New York State Finance Law",
    "section_number": "\u00a7 366"
  }
}