{
  "text": "N.Y. State Finance Law Section 165-A\nIran divestment\n1.\nAs used in this section, the following de\ufb01nitions shall apply:\n(a)\n\u201cEnergy sector\u201d of Iran means activities to develop petroleum or natural gas resources or nuclear power in Iran.\n(b)\n\u201cFinancial institution\u201d means the term as used in Section 14 of the Iran Sanctions Act of 1996 (Public Law 104-172; 50 U.S.C. 1701 note).\n(c)\n\u201cInvestment\u201d means a commitment or contribution of funds or property, a loan or other extension of credit; and the entry into or renewal of a contract\nfor goods or services. \ue9cb\n(d)\n\u201cIran\u201d includes the government of Iran and any agency or instrumentality of Iran.\n(e)\n\u201cPerson\u201d means any of the following:\n(1)\nA natural person, corporation, company, limited liability company, business association, partnership, society, trust, or any other nongovernmental\nentity, organization, or group.\n(2)\nAny governmental entity or instrumentality of a government, including a multilateral development institution, as de\ufb01ned in Section 1701(c)(3) of the\nInternational Financial Institutions Act (22 U.S.C. 262r(c)(3)).\n(3)\nAny successor, subunit, parent entity, or subsidiary of, or any entity under common ownership or control with, any entity described in subparagraph\none or two of this paragraph.\n2.\nFor purposes of this section, a person engages in investment activities in Iran if:\n(a)\nThe person provides goods or services of twenty million dollars or more in the energy sector of Iran, including a person that provides oil or lique\ufb01ed\nnatural gas tankers, or products used to construct or maintain pipelines used to transport oil or lique\ufb01ed natural gas, for the energy sector of Iran; or\n(b)\nThe person is a \ufb01nancial institution that extends twenty million dollars or more in credit to another person, for forty-\ufb01ve days or more, if that person\nwill use the credit to provide goods or services in the energy sector in Iran and is identi\ufb01ed on a list created pursuant to paragraph (b) of subdivision\nthree of this section as a person engaging in investment activities in Iran as described in paragraph (a) of this subdivision.\n3.\n(a) A person that is identi\ufb01ed on a list created pursuant to paragraph (b) of this subdivision as a person engaging in investment activities in Iran as\ndescribed in subdivision two of this section, shall not be deemed a responsive bidder or offerer pursuant to",
  "metadata": {
    "site_url": "https://www.nysenate.gov/legislation/laws/STF/165-A",
    "code_title": "New York State Finance Law",
    "section_number": "\u00a7 165-A"
  }
}