{
  "text": "(Employee bene\ufb01t fund), such amounts as speci\ufb01ed by the director of employee relations and to transmit deductions so withheld to said employee\nbene\ufb01t fund.\n9.\nThe comptroller is hereby authorized to deduct from the salary of any employee of the state such amount as such employee may specify in writing to\nbe \ufb01led with the payroll of\ufb01cer of the employee\u2019s agency within the minimum and maximum amounts speci\ufb01ed by the comptroller for contributions to\ncampus-related foundations and to transmit the sums so deducted to such campus-related foundations. Any such written authorization may be\nwithdrawn by such employee at any time upon \ufb01ling written notice of such withdrawal with the payroll of\ufb01cer of the employee\u2019s agency. The\ncomptroller is hereby authorized to make such rules and regulations as may be necessary to provide for deductions for campus-related foundations. As\nused in this subdivision, the term \u201ccampus-related foundation\u201d shall mean a non-pro\ufb01t corporation organized and existing pursuant to the education\nlaw or the not-for-pro\ufb01t corporation law for the bene\ufb01t of a state-operated campus of the state university of New York or for the bene\ufb01t of a\ncommunity college operating under the program of the state university of New York.\n10.\nNotwithstanding any other inconsistent provision of law, where and to the extent that any agreement between the state and an employee organization\nentered into pursuant to article fourteen of the civil service law so provides on behalf of employees in the collective negotiating units designated as the\nsecurity services unit or the security supervisors unit established pursuant to article fourteen of the civil service law, the comptroller, after the receipt\nof written directions of the director of employee relations, is authorized to deduct from the salary of any such employee covered by such an agreement\nan amount which the employee may specify in writing \ufb01led in a manner determined by the comptroller and transmit deductions so withheld to a bank\nparticipating in a loan or investment program in accordance with the provisions of such agreement. Any such written authorization may be withdrawn\nby the employee at any time upon \ufb01ling written notice of such withdrawal in a manner determined by the comptroller, or such deduction may be\nterminated on notice to the comptroller by the bank, in accordance with the terms of the loan. As used in this subdivision, the term \u201cbank\u201d shall mean\nan organization de\ufb01ned by subdivision one or six of Banking Law",
  "metadata": {
    "site_url": "https://www.nysenate.gov/legislation/laws/STF/209",
    "code_title": "New York State Finance Law",
    "section_number": "\u00a7\n209"
  }
}