{
  "text": "(Salary and\nemoluments of superintendents), employees in the professional service in the state university which are designated, stipulated or excluded from\nnegotiating units as managerial or con\ufb01dential as de\ufb01ned pursuant to article fourteen of the civil service law, employees covered by paragraph (a) of\nsubdivision one of Executive Law",
  "metadata": {
    "site_url": "https://www.nysenate.gov/legislation/laws/STF/19",
    "code_title": "New York State Finance Law",
    "section_number": "\u00a7 19"
  }
}