{
  "text": "N.Y. State Finance Law Section 66-A\nRestriction on issuance of certi\ufb01cates of participation\n1.\nNo person, partnership, corporation or other legal entity nor any state of\ufb01cer, employee, agency, department, the city university of New York, the\nlegislature or the judiciary shall issue certi\ufb01cates of participation or similar instruments representing the right to receive a proportionate share in lease,\ninstallment or other periodic payments to be made by any state department, agency or the city university of New York except in accordance with the\nprovisions of this article and with the express written approval of the state comptroller. The provisions of this section are hereby made a part of every\npurchase contract entered into by such a state entity providing for periodic payments by any state department, agency or the city university of New\nYork. Every such contract shall contain a clause expressly reciting the provisions of this subdivision, provided, however, that the absence of such\nclause in such a contract shall not obviate the duty of all parties thereto to comply with the provisions of this subdivision. Neither this provision, nor\nany other provision of this article shall be construed to prevent such state entities from entering into installment purchase or lease purchase agreements\nfunded without the use of certi\ufb01cates of participation or similar instruments. \ue9cb\n2.\nFor the purposes of this article, \u201cstate departments and agencies\u201d shall not include the legislature or the judiciary, and the provisions of this article,\nunless otherwise speci\ufb01ed, shall not apply to installment purchase or lease purchase contracts entered into by the legislature or the judiciary \ufb01nanced\nby the issuance of certi\ufb01cates of participation or similar instruments representing the right to receive a proportionate share in lease, installment or\nother periodic payments to be made by the legislature or judiciary.\n3.\nNo state of\ufb01cer, employee, department, agency or the city university of New York shall enter into any agreement in connection with the issuance of\ncerti\ufb01cates of participation which requires any payment by the state to the trustee, on behalf of holders of such certi\ufb01cates, during the month of April\nof any year.\nSource: Section 66-A \u2014 Restriction on issuance of certificates of participation, https://www. nysenate. gov/legislation/laws/STF/66-A\n(updated Sep. 22, 2014; accessed Apr. 19, 2025).\n66\u2013A\nRestriction on issuance of certi\ufb01cates of participation 66\u2013B\nIssuance of certi\ufb01cates of participation 66\u2013C\nCerti\ufb01cates of participation not debt 66\u2013D\nAnnual ceiling on certi\ufb01cates of participation 66\u2013E\nRestrictions on the use of certi\ufb01cates of participation for real property 66\u2013F\nCertain interagency transfers authorized 66\u2013G\nIndemni\ufb01cation 66\u2013H\nRestriction on sale in the event of nonappropriation 66\u2013J\nAnnual report 66\u2013K\nCerti\ufb01cates of participation 66\u2013L\nCerti\ufb01cates of participation executed and delivered by the state of New York bond bank agency on behalf of a political subdivision\nUp to date\nAccessed:\nApr. 19, 2025\nLast modified:\nSep. 22, 2014\n\u00a7 66-A\u2019s source at nysenate .gov\nLink Style\n Pragmatic\n Pedantic\nStay Connected\nJoin thousands of people who receive monthly site updates.\nSubscribe\n \n \n \nGet Legal Help\nThe New York State Bar Association runs a service for \ufb01nding an attorney in good standing. Initial consultations are usually free or discounted:\nLawyer Referral Service\nCommitted to Public Service\nWe will always provide free access to the current law. In addition, we provide special support for non-pro\ufb01t, educational, and government users.\nThrough social entre pre neurship, we\u2019re lowering the cost of legal services and increasing citizen access.\nNavigate\nFind a Lawyer\nBlog\nAbout Us\nContact Us\nReports\nSecondary Sources\nCalifornia: Codes\nColorado: C.R.S.\nNevada:\nNRS\nNew York: Laws\nOregon:\nOAR, ORS\nTexas:\nStatutes\nWorld:\nRome Statute, International Dictionary\nLocation: https://newyork.public.law/laws/n.y._state_finance_law_section_66-a\nOriginal Source: Section 66-A \u2014 Restriction on issuance of certi\ufb01cates of participation, https://www. nysenate. gov/legislation/laws/STF/66-A\n(last ac cessed Aug. 20, 2023).\nBlank Outline Levels\n\u00d7\nThe legislature occasionally skips outline levels. For example:\n(3) A person may apply [...]\n(4)(a) A person petitioning for relief [...]\nIn this example, (3), (4), and (4)(a) are all outline levels, but (4) was omitted by its authors. It's only implied. This presents an interesting challenge\nwhen laying out the text. We've decided to display a blank section with this note, in order to aide readability.\nTrust but verify. Here is the original source for section 66-A\nDo you have an opinion about this solution? Drop us a line.\nClose\n NewYork.Public.Law \nLaws of New York\nSearch\nRemove ads\nLogin\n1. \n2. Laws\n3. State Fin. Law\n4. Art. 5-A. Certi\ufb01cates of Participation\n5.",
  "metadata": {
    "site_url": "https://www.nysenate.gov/legislation/laws/STF/66-A",
    "code_title": "New York State Finance Law",
    "section_number": "\u00a7 66-A"
  }
}