{
  "text": "N.Y. State Finance Law Section 155\nDischarge and cancellation of mortgages by the state\nThe treasurer\u2019s receipt, countersigned by the comptroller, setting forth that the whole sum secured by the mortgage held by the state has been paid,\nshall be a suf\ufb01cient discharge of the mortgage, and the of\ufb01cer in whose of\ufb01ce such mortgage is recorded shall record such receipt as a satisfaction of\nthe mortgage and satisfy the mortgage of record. When any part or subdivision of any lot mortgaged to or purchased from the state, for which a\nseparate account has been opened, is paid, the comptroller shall execute a discharge of such part or subdivision from such mortgage. If a map and\nsurvey of the whole lot is \ufb01led with the comptroller showing particularly a part or subdivision for which no separate account has been opened, and the\nowner thereof pays into the treasury its full proportion of principal and interest unpaid, and satisfactory proof is furnished the comptroller that the\nresidue of the lot is suf\ufb01cient security for the sum remaining unpaid, he may execute a like discharge of such part or subdivision. The comptroller may\ncancel and discharge any mortgage, on satisfactory proof that the moneys loaned and secured by such mortgage have been fully paid to the of\ufb01cers\nauthorized by law to receive the same if the mortgage remains uncancelled and undischarged of record. \ue9cb\nSource: Section 155 \u2014 Discharge and cancellation of mortgages by the state, https://www. nysenate. gov/legislation/laws/STF/155\n(updated Sep. 22, 2014; accessed Apr. 19, 2025).\n150\nForeclosure of mortgages by the state 151\nWhen comptroller shall bid in premises 152\nConditions of sale 153\nSale in parcels 154\nSeparate accounts for lands purchased or mortgaged 155\nDischarge and cancellation of mortgages by the state 156\nSurplus moneys on sale of lands mortgaged to the state 157\nRelease of part of mortgaged premises 158\nPower of comptroller to maintain actions 159\nAssignments of mortgages\nUp to date\nAccessed:\nApr. 19, 2025\nLast modified:\nSep. 22, 2014\n\u00a7 155\u2019s source at nysenate .gov\nLink Style\n Pragmatic\n Pedantic\nStay Connected\nJoin thousands of people who receive monthly site updates.\nSubscribe\n \n \n \nGet Legal Help\nThe New York State Bar Association runs a service for \ufb01nding an attorney in good standing. Initial consultations are usually free or discounted:\nLawyer Referral Service\nCommitted to Public Service\nWe will always provide free access to the current law. In addition, we provide special support for non-pro\ufb01t, educational, and government users.\nThrough social entre pre neurship, we\u2019re lowering the cost of legal services and increasing citizen access.\nNavigate\nFind a Lawyer\nBlog\nAbout Us\nContact Us\nReports\nSecondary Sources\nCalifornia: Codes\nColorado: C.R.S.\nNevada:\nNRS\nNew York: Laws\nOregon:\nOAR, ORS\nTexas:\nStatutes\nWorld:\nRome Statute, International Dictionary\nLocation: https://newyork.public.law/laws/n.y._state_finance_law_section_155\nOriginal Source: Section 155 \u2014 Discharge and cancellation of mortgages by the state, https://www. nysenate. gov/legislation/laws/STF/155\n(last ac cessed Aug. 20, 2023).\nBlank Outline Levels\n\u00d7\nThe legislature occasionally skips outline levels. For example:\n(3) A person may apply [...]\n(4)(a) A person petitioning for relief [...]\nIn this example, (3), (4), and (4)(a) are all outline levels, but (4) was omitted by its authors. It's only implied. This presents an interesting challenge\nwhen laying out the text. We've decided to display a blank section with this note, in order to aide readability.\nTrust but verify. Here is the original source for section 155\nDo you have an opinion about this solution? Drop us a line.\nClose\n NewYork.Public.Law \nLaws of New York\nSearch\nRemove ads\nLogin\n1. \n2. Laws\n3. State Fin. Law\n4. Art. 10. Mortgages\n5.",
  "metadata": {
    "site_url": "https://www.nysenate.gov/legislation/laws/STF/155",
    "code_title": "New York State Finance Law",
    "section_number": "\u00a7 155"
  }
}