{
  "text": "(Fiscal supervision of\ncertain institutions), except that with respect to construction, acquisition, reconstruction, rehabilitation or improvement work at any state institution or\nfacility under the professional jurisdiction, supervision and control of the department of mental hygiene, it shall not be deemed to mean the department\nof mental hygiene unless such work is let by the commissioner of general services as agent for the health and mental hygiene facilities improvement\ncorporation pursuant to an agreement with the trustees of said corporation, as authorized by the health and mental hygiene facilities improvement\nact. \ue9cb\n1.\nAll plans and speci\ufb01cations for the construction, alteration, repair and improvement of buildings for institutions reporting to the departments shall be\nprepared by the of\ufb01ce of general services. The departments having jurisdiction shall adopt or reject any such plans or speci\ufb01cations, and no such work\nshall be begun until the plans and speci\ufb01cations therefor have been adopted, but before the adoption thereof, the departments having jurisdiction shall\nsubmit the same to the board of visitors of the institution, if any, in case such board of visitors is authorized by law to review such plans and\nspeci\ufb01cations, and shall allow such board a period of not more than thirty days in which to submit a statement of their opinions and suggestions in\nregard thereto.\n2.\nContracts for such work of construction, alteration, repair or improvement may be let by the department having jurisdiction, or at the request of such\ndepartment by the commissioner of general services, but in any event such letting shall be in accordance with the procedure set forth in Public\nBuildings Law",
  "metadata": {
    "site_url": "https://www.nysenate.gov/legislation/laws/STF/125",
    "code_title": "New York State Finance Law",
    "section_number": "\u00a7 125"
  }
}