{
  "text": "(De\ufb01nitions) shall bear interest at a \ufb01xed rate equal to three percentage points below the \ufb01xed\ninterest rate the lender would have charged for the loan in the absence of a linked deposit based on its usual credit considerations. All other linked\nloans shall bear interest at a \ufb01xed rate equal to two percentage points below the \ufb01xed interest rate the lender would have charged for the loan in the\nabsence of a linked deposit based on its usual credit considerations. Lenders shall certify to the commissioner of economic development that the rate\nto be charged on a linked loan is two percentage points or three percentage points, as the case may be, below the interest rate the lender would have\ncharged for the loan in the absence of a linked deposit. \ue9cb\n2.\nLenders who make loans pursuant to the program shall not be entitled to charge any discount, points, origination fees, handling fees, service charges,\nre\ufb01nancing fees or penalties or any charge other than those normally charged and in such amounts normally charged by the lender for loans of the type\nbeing made without regard to the program.\nSource: Section 218 \u2014 Interest rate for linked loans; no lender's fees, https://www. nysenate. gov/legislation/laws/STF/218 (updated Nov.\n18, 2022; accessed Apr. 19, 2025).\n212\nShort title 213\nDe\ufb01nitions 214\nEstablishment and purpose 215\nResponsibilities of commissioner of economic development, comptroller, commissioner of taxation and \ufb01nance and superintendent of \ufb01nanci... 216\nTerm of program 217\nLinked loans 218\nInterest rate for linked loans 219\nApplication procedure 220\nRenewal of linked deposit 221\nLiability 222\nMonitoring and report 223\nPromotion of program 224\nRules and regulations\nUp to date\nAccessed:\nApr. 19, 2025\nLast modified:\nNov. 18, 2022\n\u00a7 218\u2019s source at nysenate .gov\nLink Style\n Pragmatic\n Pedantic\nStay Connected\nJoin thousands of people who receive monthly site updates.\nSubscribe\n \n \n \nGet Legal Help\nThe New York State Bar Association runs a service for \ufb01nding an attorney in good standing. Initial consultations are usually free or discounted:\nLawyer Referral Service\nCommitted to Public Service\nWe will always provide free access to the current law. In addition, we provide special support for non-pro\ufb01t, educational, and government users.\nThrough social entre pre neurship, we\u2019re lowering the cost of legal services and increasing citizen access.\nNavigate\nFind a Lawyer\nBlog\nAbout Us\nContact Us\nReports\nSecondary Sources\nCalifornia: Codes\nColorado: C.R.S.\nNevada:\nNRS\nNew York: Laws\nOregon:\nOAR, ORS\nTexas:\nStatutes\nWorld:\nRome Statute, International Dictionary\nLocation: https://newyork.public.law/laws/n.y._state_finance_law_section_218\nOriginal Source: Section 218 \u2014 Interest rate for linked loans; no lender's fees, https://www. nysenate. gov/legislation/laws/STF/218 (last ac -\ncessed Aug. 20, 2023).\nBlank Outline Levels\n\u00d7\nThe legislature occasionally skips outline levels. For example:\n(3) A person may apply [...]\n(4)(a) A person petitioning for relief [...]\nIn this example, (3), (4), and (4)(a) are all outline levels, but (4) was omitted by its authors. It's only implied. This presents an interesting challenge\nwhen laying out the text. We've decided to display a blank section with this note, in order to aide readability.\nTrust but verify. Here is the original source for section 218\nDo you have an opinion about this solution? Drop us a line.\nClose\n NewYork.Public.Law \nLaws of New York\nSearch\nRemove ads\nLogin\n1. \n2. Laws\n3. State Fin. Law\n4. Art. 15. Excelsior Linked Deposit Act\n5.",
  "metadata": {
    "site_url": "https://www.nysenate.gov/legislation/laws/STF/213",
    "code_title": "New York State Finance Law",
    "section_number": "\u00a7 213"
  }
}