{
  "text": "N.Y. State Finance Law Section 66-L\nCerti\ufb01cates of participation executed and delivered by the state of New York bond bank\nagency on behalf of a political subdivision\nThe provisions of this article shall not apply to certi\ufb01cates of participation executed and delivered by the state of New York bond bank agency on\nbehalf of a political subdivision as provided for in General Municipal Law",
  "metadata": {
    "site_url": "https://www.nysenate.gov/legislation/laws/STF/66-L",
    "code_title": "New York State Finance Law",
    "section_number": "\u00a7 66-L"
  }
}