{
  "text": "(Payments to the fund), and thereafter to the city of New York.\nl.\nConsolidations, mergers, or dissolutions; entitlement to aid and incentives for municipalities. (i) In the case where any city, town, or village\nconsolidates, merges or dissolves, and the resulting successor government has \ufb01led with the of\ufb01ce of the state comptroller a certi\ufb01cate of any such\nconsolidation, merger, or dissolution, such successor government shall be entitled to receive all payments of aid and incentives for municipalities\nwhich, pursuant to paragraphs b, d and e of this subdivision, would have been otherwise payable to the individual cities, towns, or villages that were\nparty to such consolidation, merger, or dissolution. (ii) The annual amount of such payments of aid and incentives for municipalities that any city,\ntown, or village in which a municipality has consolidated, merged, or dissolved shall be eligible to receive on the date such city, town, or village is\nconsolidated, merged, or dissolved shall continue to be paid pursuant to paragraphs b, d and e of this subdivision for every state \ufb01scal year following\nthe date of such consolidation, merger, or dissolution. In instances where only a portion of a city, town, or village is party to a consolidation, merger,\nor dissolution, aid and incentives for municipalities payable to the resulting successor government shall include only a pro rata share of the aid\notherwise due and payable to such city, town, or village. Such pro rata share shall be based on a ratio of the two thousand federal decennial census\npopulation of the portion consolidated, merged, or dissolved as compared to the total two thousand federal decennial census population of the city,\ntown, or village party to such consolidation, merger, or dissolution.\nm.\nShared municipal services incentive awards applicable to the state \ufb01scal year commencing April \ufb01rst, two thousand \ufb01ve. (i) Within the amounts\nappropriated in chapter sixty-two of the laws of two thousand \ufb01ve therefor, the secretary of state may award competitive grants to two or more\nmunicipalities to cover costs associated with mergers, consolidations, cooperative agreements, dissolutions and shared services of municipalities\nwhere authorized by state law. (ii) For the purposes of this paragraph, \u201cmunicipalities\u201d shall mean counties, cities, towns, villages and school districts.\n(iii) Such grants may be used to cover the costs associated with consolidations, dissolutions, cooperative agreements and shared services of\nmunicipalities, including, but not limited to, legal and consultant services, feasibility studies, capital improvements and other necessary expenses. (iv)\nThe maximum grant awarded shall not exceed one hundred thousand dollars per municipality. (v) Local matching funds, equal to ten percent of the\ntotal approved project cost, shall be required. (vi) No part of the grant shall be used by the applicant for recurring expenses such as salaries. (vii) The\nsecretary of state shall, prior to the acceptance of grant applications, adopt rules and regulations to establish eligibility requirements, application forms\nand procedures, criteria of review and grant approval guidelines.\nn.\nShared municipal services incentive program applicable to the state \ufb01scal year commencing April \ufb01rst, two thousand seven. (i) Shared municipal\nservices incentive awards. Within the amount appropriated in chapter \ufb01fty of the laws of two thousand seven therefor, the secretary of state may award\ncompetitive grants to two or more municipalities to cover costs associated with consolidations, mergers, dissolutions, cooperative agreements and\nshared services of municipalities where authorized by state law as follows:\n(1)\nFor the purposes of this paragraph, \u201cmunicipalities\u201d shall mean counties, cities, towns, villages, special improvement districts, \ufb01re districts, and school\ndistricts; provided, however, that for purposes of this de\ufb01nition, a school district shall be considered a municipality only in instances where a school\ndistrict advances an application for a grant to cover costs associated with cooperative agreements or shared services. For purposes of this de\ufb01nition, a\nboard of cooperative educational services shall be considered a municipality only in instances where such board of cooperative educational services\nadvances a joint shared service application on behalf of school districts and other municipalities within the board of cooperative educational services\nregion; provided, however, that any shared service agreements with a board of cooperative educational services: (A) shall not generate additional state\naid; (B) shall be deemed not to be a part of the program, capital and administrative budgets of the board of cooperative educational services for the\npurposes of computing charges upon component school districts pursuant to subparagraph seven of paragraph b of subdivision four of section nineteen\nhundred \ufb01fty and subdivision one of section nineteen hundred \ufb01fty-one of the education law; and (C) shall be deemed to be a cooperative municipal\nservice for purposes of subparagraph two of paragraph d of subdivision four of Education Law",
  "metadata": {
    "site_url": "https://www.nysenate.gov/legislation/laws/STF/1225-I",
    "code_title": "New York State Finance Law",
    "section_number": "\u00a7 1225-I"
  }
}