{
  "text": "N.Y. State Finance Law Section 215\nResponsibilities of commissioner of economic development, comptroller, commissioner of\ntaxation and \ufb01nance and superintendent of \ufb01nanci...\n\u00a7 215. Responsibilities of commissioner of economic development, comptroller, commissioner of taxation and \ufb01nance and superintendent of \ufb01nancial\nservices. \ue9cb\n1.\nThe commissioner of economic development shall administer the program pursuant to",
  "metadata": {
    "site_url": "https://www.nysenate.gov/legislation/laws/STF/215",
    "code_title": "New York State Finance Law",
    "section_number": "\u00a7 215"
  }
}