{
  "text": "(Purchasing services and\ncommodities).\n(b)\n(1) Not later than one hundred twenty days after the effective date of this section, the commissioner shall develop or contract to develop, using\ncredible information available to the public, a list of persons it determines engage in investment activities in Iran as described in subdivision two of\nthis section. If the commissioner has contracted to develop the list, the list shall be \ufb01nally developed not later than one hundred twenty days after this\nsection shall take effect. Such list, when completed, shall be posted on the website of the of\ufb01ce of general services.\n(2)\nThe commissioner shall update the list every one hundred eighty days.\n(3)\nBefore \ufb01nalizing an initial list pursuant to subparagraph one of this paragraph or an updated list pursuant to subparagraph two of this paragraph, the\ncommissioner shall do all of the following before a person is included on the list: (A) Provide ninety days\u2019 written notice of the commissioner\u2019s intent\nto include the person on the list. The notice shall inform the person that inclusion on the list would make the person a non-responsive bidder or offerer.\nThe notice shall specify that the person, if it ceases its engagement in investment activities in Iran as described in subdivision two of this section, may\nbe removed from the list. (B) The commissioner shall provide a person with an opportunity to comment in writing that it is not engaged in investment\nactivities in Iran. If the person demonstrates to the commissioner that the person is not engaged in investment activities in Iran as described in\nsubdivision two of this section, the person shall not be included on the list.\n(4)\nThe commissioner shall make every effort to avoid erroneously including a person on the list.\n(5)\nA person that has a contract with the New York state common retirement fund, the New York state and local employees\u2019 retirement system, the New\nYork state and local police and \ufb01re retirement system, or the New York state teachers\u2019 retirement system, shall not be deemed a person that engages in\ninvestment activities in Iran as described in subdivision two of this section on the basis of those contracts or investments with such retirement systems,\nprovided however, that nothing in this subparagraph shall prevent the New York state common retirement fund, the New York state and local\nemployees\u2019 retirement system, New York state and local police and \ufb01re retirement system or the New York state teachers\u2019 retirement system from\npursuing a policy of divestment in the Iranian economy.\n(c)\nNotwithstanding paragraph (a) of this subdivision, a state agency may permit a person engaged in investment activities in Iran as described by\nsubdivision two of this section to be deemed a responsive bidder or offerer, on a case-by-case basis with a state agency if:\n(1)\nThe investment activities in Iran were made before the effective date of this section, the investment activities in Iran have not been expanded or\nrenewed after the effective date of this section, and the person has adopted, publicized, and is implementing a formal plan to cease the investment\nactivities in Iran and to refrain from engaging in any new investments in Iran; or\n(2)\nThe state agency makes a determination that the commodities or services are necessary for the state agency to perform its functions and that, absent\nsuch an exemption, the state agency would be unable to obtain the commodities or services for which the contract is offered. Such determination shall\nbe entered into the procurement record.\n4.\n(a) A state agency shall require a person that submits a bid or offer in response to a notice of procurement, or that proposes to renew an existing\nprocurement contract with a state agency or proposes to assume the responsibility of a contractor pursuant to a procurement contract with a state\nagency or otherwise proposes to enter into a contract with a state agency with respect to a contract for commodities, services, construction, or\ncontracts entered pursuant to sections six and seven of the New York state printing and public documents law, Public Buildings Law",
  "metadata": {
    "site_url": "https://www.nysenate.gov/legislation/laws/STF/163",
    "code_title": "New York State Finance Law",
    "section_number": "\u00a7 163"
  }
}