{
  "text": "N.Y. State Finance Law Section 136-D\nContracts involving industrial painting and industrial coatings\n1.\nAny state agency contract for the application of industrial painting or industrial coating shall include provisions regarding contractor, subcontractor\nand worker certi\ufb01cation as follows:\na.\nContractors and subcontractors doing work involving industrial painting and industrial coating shall certify that all work completed meets the\nminimum standards established under this section by the of\ufb01ce of general services regarding industrial painting and industrial coating.\nb.\nContractors and subcontractors doing work involving industrial painting and industrial coating that require the disturbance of lead-based paint or other\nhazardous materials shall certify that all work conducted on the project meets the minimum standards established under this section by the of\ufb01ce of\ngeneral services.\n2.\nAny certi\ufb01cations required by this section shall be kept current for the duration of the contract.\n3.\nThe of\ufb01ce of general services shall establish guidelines concerning the procurement of industrial paints and industrial coatings as well as the\nquali\ufb01cations required for the application of industrial paints and industrial coatings by contractors and subcontractors pursuant to",
  "metadata": {
    "site_url": "https://www.nysenate.gov/legislation/laws/STF/136-D",
    "code_title": "New York State Finance Law",
    "section_number": "\u00a7 136-D"
  }
}