{
  "text": "(Municipal assistance tax fund) to the extent that such amount has been included\nby the municipal assistance corporation for the city of New York in any computation for the issuance of bonds on a parity with outstanding bonds\npursuant to a contract with the holders of such bonds prior to the issuance of any other bonds secured by payments from the municipal assistance\ncorporation for the city of New York in the municipal assistance state aid fund created pursuant to",
  "metadata": {
    "site_url": "https://www.nysenate.gov/legislation/laws/STF/92-D",
    "code_title": "New York State Finance Law",
    "section_number": "\u00a7 92-D"
  }
}