{
  "text": "N.Y. State Finance Law Section 242\nMonitoring and reporting\n1.\nThe corporation shall require periodic reports or other information the corporation deems necessary from lenders and borrowers on the status of the\nlinked loan and the eligible projects to ensure compliance with the provisions and the intent of this article.\n2.\nOn or before February \ufb01rst, two thousand ten, and annually thereafter, the corporation shall submit to the governor, the temporary president of the\nsenate and the speaker of the assembly a report regarding the activities of the programs. Such report shall include, but shall not be limited to, the\nnumber and type of linked loans under each of the programs and the amount thereof; the number and type of lenders making linked loans and of\nborrowers receiving linked loans; the geographic distribution of such lenders and borrowers; as well as any information the corporation determines\nuseful in evaluating the bene\ufb01ts of the programs.\nSource: Section 242 \u2014 Monitoring and reporting, https://www. nysenate. gov/legislation/laws/STF/242 (updated Sep. 22, 2014; accessed\nApr. 19, 2025).\n235\nShort title 236\nDe\ufb01nitions 237\nEstablishment and purpose 238\nLinked loans 239\nLinked loans interest rate 240\nApplication procedure 241\nEarly maturity 242\nMonitoring and reporting 243\nRules and regulations\nUp to date\nAccessed:\nApr. 19, 2025\nLast modified:\nSep. 22, 2014\n\u00a7 242\u2019s source at nysenate .gov\nLink Style\n Pragmatic\n Pedantic\nStay Connected\nJoin thousands of people who receive monthly site updates.\nSubscribe\n \n \n \nGet Legal Help\nThe New York State Bar Association runs a service for \ufb01nding an attorney in good standing. Initial consultations are usually free or discounted:\nLawyer Referral Service\nCommitted to Public Service\nWe will always provide free access to the current law. In addition, we provide special support for non-pro\ufb01t, educational, and government users.\nThrough social entre pre neurship, we\u2019re lowering the cost of legal services and increasing citizen access.\nNavigate\nFind a Lawyer\nBlog\nAbout Us\nContact Us\nReports\nSecondary Sources\nCalifornia: Codes\nColorado: C.R.S.\nNevada:\nNRS\nNew York: Laws\nOregon:\nOAR, ORS\nTexas:\nStatutes\nWorld:\nRome Statute, International Dictionary\nLocation: https://newyork.public.law/laws/n.y._state_finance_law_section_242\nOriginal Source: Section 242 \u2014 Monitoring and reporting, https://www. nysenate. gov/legislation/laws/STF/242 (last ac cessed Aug. 20, 2023).\nBlank Outline Levels\n\u00d7\nThe legislature occasionally skips outline levels. For example:\n(3) A person may apply [...]\n(4)(a) A person petitioning for relief [...]\nIn this example, (3), (4), and (4)(a) are all outline levels, but (4) was omitted by its authors. It's only implied. This presents an interesting challenge\nwhen laying out the text. We've decided to display a blank section with this note, in order to aide readability.\nTrust but verify. Here is the original source for section 242\nDo you have an opinion about this solution? Drop us a line.\nClose\n NewYork.Public.Law \nLaws of New York\nSearch\nRemove ads\nLogin\n1. \n2. Laws\n3. State Fin. Law\n4. Art. 16. Water Pollution Control Linked Deposit Program Act\n5.",
  "metadata": {
    "site_url": "https://www.nysenate.gov/legislation/laws/STF/242",
    "code_title": "New York State Finance Law",
    "section_number": "\u00a7 242"
  }
}