{
  "text": "N.Y. State Finance Law Section 106\nDeposit of moneys by state of\ufb01cers, state institutions and charitable and benevolent\ninstitutions\nSuch moneys received by the commissioner of taxation and \ufb01nance as are now deposited to the credit of the comptroller pursuant to statute, and\nthereafter paid into the state treasury, shall be deposited by him or her to the credit of the comptroller in such bank or trust company as shall be\ndesignated by the comptroller at such rate of interest, if any, as shall be agreed upon by the depositary and the comptroller. All other moneys received\nby the commissioner of taxation and \ufb01nance except as provided in",
  "metadata": {
    "site_url": "https://www.nysenate.gov/legislation/laws/STF/106",
    "code_title": "New York State Finance Law",
    "section_number": "\u00a7 106"
  }
}