{
  "text": "N.Y. State Finance Law Section 56\nCall provision in state bonds\nrefunding state bonds\n1.\nWhenever in the comptroller\u2019s opinion it is to the advantage of the state the comptroller when issuing and selling any bonds of the state may reserve to\nthe state on such conditions as the comptroller may deem advisable and proper the privilege of refunding or of redeeming all or any part of such bonds\nprior to the date on which they shall be due and payable. \ue9cb\n2.\nWhenever the comptroller shall have reserved to the state the right to redeem or refund state bonds pursuant to subdivision one of this section, he shall\nbe authorized to issue refunding bonds in accordance with the provisions of this subdivision. Such bonds may be issued prior to the \ufb01rst date on which\nhe shall have reserved the right to refund or redeem the bonds to be refunded.\n(a)\nRefunding bonds shall be issued only when the comptroller shall have certi\ufb01ed that, as a result of the refunding, there will be a debt service savings to\nthe state on a present value basis as a result of the refunding transaction and that either (i) the refunding will bene\ufb01t state taxpayers over the life of the\nrefunding bonds by achieving an actual debt service savings each year or state \ufb01scal year during the term to maturity of the refunding bonds when\ndebt service on the refunding bonds is expected to be paid from legislative appropriations or (ii) debt service on the refunding bonds shall be payable\nin annual installments of principal and interest which result in substantially level or declining debt service payments pursuant to paragraph (b) of\nsubdivision two of",
  "metadata": {
    "site_url": "https://www.nysenate.gov/legislation/laws/STF/56",
    "code_title": "New York State Finance Law",
    "section_number": "\u00a7 56"
  }
}