{
  "text": "N.Y. State Finance Law Section 54-D\nAdvance payment of state moneys\nauthorization only by law\nNotwithstanding any other provision of law to the contrary no payment of state moneys to any county, city, town, village or school district shall be\nmade prior to the date such moneys are due and payable unless expressly authorized by an act of the legislature. \ue9cb\nSource: Section 54-D \u2014 Advance payment of state moneys; authorization only by law, https://www. nysenate. gov/legislation/laws/STF/54-\nD (updated Sep. 22, 2014; accessed Apr. 19, 2025).\n54\nPer capita state aid for the support of local government 54\u2013A\nWithholding of payment of local assistance by the state to counties, cities and villages, in certain cases 54\u2013B\nState assistance to certain public corporations in which railroad real property is partially exempt from taxation 54\u2013C\nEmergency \ufb01nancial aid to certain cities 54\u2013D\nAdvance payment of state moneys 54\u2013E\nState assistance to reimburse municipalities for \ufb01re\ufb01ghting costs 54\u2013G\nState assistance to local governments for support of activities related to \ufb01re prevention and building codes 54\u2013H\nState aid to local governments for housing maintenance code enforcement 54\u2013I\nHuman services overburden aid to counties 54\u2013J\nCourt facilities incentive aid 54\u2013K\nAssistance to counties 54\u2013L\nState assistance to eligible cities and eligible municipalities in which a video lottery gaming facility is located 54\u2013M\nLocal share requirements associated with increasing the age of juvenile jurisdiction above \ufb01fteen years of age\nUp to date\nAccessed:\nApr. 19, 2025\nLast modified:\nSep. 22, 2014\n\u00a7 54-D\u2019s source at nysenate .gov\nLink Style\n Pragmatic\n Pedantic\nStay Connected\nJoin thousands of people who receive monthly site updates.\nSubscribe\n \n \n \nGet Legal Help\nThe New York State Bar Association runs a service for \ufb01nding an attorney in good standing. Initial consultations are usually free or discounted:\nLawyer Referral Service\nCommitted to Public Service\nWe will always provide free access to the current law. In addition, we provide special support for non-pro\ufb01t, educational, and government users.\nThrough social entre pre neurship, we\u2019re lowering the cost of legal services and increasing citizen access.\nNavigate\nFind a Lawyer\nBlog\nAbout Us\nContact Us\nReports\nSecondary Sources\nCalifornia: Codes\nColorado: C.R.S.\nNevada:\nNRS\nNew York: Laws\nOregon:\nOAR, ORS\nTexas:\nStatutes\nWorld:\nRome Statute, International Dictionary\nLocation: https://newyork.public.law/laws/n.y._state_finance_law_section_54-d\nOriginal Source: Section 54-D \u2014 Advance payment of state moneys; authorization only by law, https://www. nysenate. \u2010\ngov/legislation/laws/STF/54-D (last ac cessed Aug. 20, 2023).\nBlank Outline Levels\n\u00d7\nThe legislature occasionally skips outline levels. For example:\n(3) A person may apply [...]\n(4)(a) A person petitioning for relief [...]\nIn this example, (3), (4), and (4)(a) are all outline levels, but (4) was omitted by its authors. It's only implied. This presents an interesting challenge\nwhen laying out the text. We've decided to display a blank section with this note, in order to aide readability.\nTrust but verify. Here is the original source for section 54-D\nDo you have an opinion about this solution? Drop us a line.\nClose\n NewYork.Public.Law \nLaws of New York\nSearch\nRemove ads\nLogin\n1. \n2. Laws\n3. State Fin. Law\n4. Art. 4-A. State Assistance to Local Gov\u2019t\n5.",
  "metadata": {
    "site_url": "https://www.nysenate.gov/legislation/laws/STF/54-D",
    "code_title": "New York State Finance Law",
    "section_number": "\u00a7 54-D"
  }
}