{
  "text": "N.Y. State Finance Law Section 43-A\nPayment of judgments of the court of claims in certain cases arising out of the appropriation\nof property by the state\nWhenever a judgment of the court of claims is rendered against the state for damages arising out of the appropriation by the state of property pursuant\nto Agriculture & Markets Law",
  "metadata": {
    "site_url": "https://www.nysenate.gov/legislation/laws/STF/43-A",
    "code_title": "New York State Finance Law",
    "section_number": "\u00a7 43-A"
  }
}