{
  "text": "N.Y. State Finance Law Section 54-H\nState aid to local governments for housing maintenance code enforcement\n1.\nThe commissioner of housing and community renewal shall grant state aid to cities in the amount of \ufb01fty per centum of the amount of money\nexpended from funds raised by taxes imposed by such city during the city \ufb01scal year, up to a maximum amount of eight million dollars in any one\nyear, by a city of over one million population by the department of housing preservation and development for enforcement of the multiple dwelling\nlaw and any other provision of law, rule or regulation in relation to the maintenance, use, occupancy, safety, sanitary condition and inspection of any\nbuilding or portion thereof which is occupied or arranged or intended to be occupied as the home, residence of one or more human beings, not,\nhowever, including one or two-family houses, as determined by the commissioner of housing and community renewal. \ue9cb\n2.\nThe mayor of each city desiring to make application for state aid under this section shall annually on such dates as may be \ufb01xed by the commissioner\nof the division of housing and community renewal, submit to him the request of such city for such state aid and shall support such request with such\ninformation as the commissioner may require. The commissioner shall prescribe the form in which such information shall be submitted.\nSource: Section 54-H \u2014 State aid to local governments for housing maintenance code enforcement, https://www. nysenate. \u2010\ngov/legislation/laws/STF/54-H (updated Sep. 22, 2014; accessed Apr. 19, 2025).\n54\nPer capita state aid for the support of local government 54\u2013A\nWithholding of payment of local assistance by the state to counties, cities and villages, in certain cases 54\u2013B\nState assistance to certain public corporations in which railroad real property is partially exempt from taxation 54\u2013C\nEmergency \ufb01nancial aid to certain cities 54\u2013D\nAdvance payment of state moneys 54\u2013E\nState assistance to reimburse municipalities for \ufb01re\ufb01ghting costs 54\u2013G\nState assistance to local governments for support of activities related to \ufb01re prevention and building codes 54\u2013H\nState aid to local governments for housing maintenance code enforcement 54\u2013I\nHuman services overburden aid to counties 54\u2013J\nCourt facilities incentive aid 54\u2013K\nAssistance to counties 54\u2013L\nState assistance to eligible cities and eligible municipalities in which a video lottery gaming facility is located 54\u2013M\nLocal share requirements associated with increasing the age of juvenile jurisdiction above \ufb01fteen years of age\nUp to date\nAccessed:\nApr. 19, 2025\nLast modified:\nSep. 22, 2014\n\u00a7 54-H\u2019s source at nysenate .gov\nLink Style\n Pragmatic\n Pedantic\nStay Connected\nJoin thousands of people who receive monthly site updates.\nSubscribe\n \n \n \nGet Legal Help\nThe New York State Bar Association runs a service for \ufb01nding an attorney in good standing. Initial consultations are usually free or discounted:\nLawyer Referral Service\nCommitted to Public Service\nWe will always provide free access to the current law. In addition, we provide special support for non-pro\ufb01t, educational, and government users.\nThrough social entre pre neurship, we\u2019re lowering the cost of legal services and increasing citizen access.\nNavigate\nFind a Lawyer\nBlog\nAbout Us\nContact Us\nReports\nSecondary Sources\nCalifornia: Codes\nColorado: C.R.S.\nNevada:\nNRS\nNew York: Laws\nOregon:\nOAR, ORS\nTexas:\nStatutes\nWorld:\nRome Statute, International Dictionary\nLocation: https://newyork.public.law/laws/n.y._state_finance_law_section_54-h\nOriginal Source: Section 54-H \u2014 State aid to local governments for housing maintenance code enforcement, https://www. nysenate. \u2010\ngov/legislation/laws/STF/54-H (last ac cessed Aug. 20, 2023).\nBlank Outline Levels\n\u00d7\nThe legislature occasionally skips outline levels. For example:\n(3) A person may apply [...]\n(4)(a) A person petitioning for relief [...]\nIn this example, (3), (4), and (4)(a) are all outline levels, but (4) was omitted by its authors. It's only implied. This presents an interesting challenge\nwhen laying out the text. We've decided to display a blank section with this note, in order to aide readability.\nTrust but verify. Here is the original source for section 54-H\nDo you have an opinion about this solution? Drop us a line.\nClose\n NewYork.Public.Law \nLaws of New York\nSearch\nRemove ads\nLogin\n1. \n2. Laws\n3. State Fin. Law\n4. Art. 4-A. State Assistance to Local Gov\u2019t\n5.",
  "metadata": {
    "site_url": "https://www.nysenate.gov/legislation/laws/STF/54-H",
    "code_title": "New York State Finance Law",
    "section_number": "\u00a7 54-H"
  }
}