{
  "text": "N.Y. State Finance Law Section 207-D\nEmployee bene\ufb01t fund\nagency police services unit\n1.\nAs used in this section, unless otherwise expressly stated:\n(a)\n\u201cDirector\u201d shall mean the director of employee relations.\n(b)\n\u201cEmployee\u201d shall mean any person serving on a full-time annual salaried basis in the service of the state of New York who is appointed to and serving\nin a position in the collective negotiating unit designated as the agency police services unit and is a police of\ufb01cer pursuant to subdivision thirty-four of\nsection 1.20 of the criminal procedure law.\n2.\nWhere and to the extent that an agreement between the state and an employee organization entered into pursuant to article fourteen of the civil service\nlaw or an interest arbitration award issued pursuant to subdivision four of Civil Service Law",
  "metadata": {
    "site_url": "https://www.nysenate.gov/legislation/laws/STF/207-D",
    "code_title": "New York State Finance Law",
    "section_number": "\u00a7 207-D"
  }
}