{
  "text": "N.Y. State Finance Law Section 163-B\nEnvironmentally-sensitive cleaning and maintenance products\nThe commissioner of general services shall maintain a list of contractors which produce or manufacture or offer for sale environmentally-sensitive\ncleaning and maintenance products in the form, function and utility generally used by elementary and secondary schools in accordance with\nspeci\ufb01cations or guidelines promulgated pursuant to Education Law",
  "metadata": {
    "site_url": "https://www.nysenate.gov/legislation/laws/STF/163-B",
    "code_title": "New York State Finance Law",
    "section_number": "\u00a7 163-B"
  }
}