{
  "text": "N.Y. State Finance Law Section 80-A\nAnti-discrimination in housing fund\n1.\nThere is hereby established in the custody of the state comptroller a special fund to be known as the \u201canti-discrimination in housing fund\u201d.\n2.\nThe anti-discrimination in housing fund shall consist of moneys appropriated thereto, moneys transferred from any other fund or sources, and \ufb01fty\npercent of all \ufb01nes and forfeitures collected pursuant to paragraph (a) of subdivision one of Real Property Law",
  "metadata": {
    "site_url": "https://www.nysenate.gov/legislation/laws/STF/80-A",
    "code_title": "New York State Finance Law",
    "section_number": "\u00a7 80-A"
  }
}