{
  "text": "(De\ufb01nitions). Notwithstanding the foregoing, the dormitory authority\nof the state of New York, the urban development corporation and the New York state thruway authority may issue revenue bonds for any authorized\npurpose of any other such authorized issuer through March thirty-\ufb01rst, two thousand twenty-\ufb01ve. Any such revenue bonds issued by the New York\nstate thruway authority shall be subject to the approval of the New York state public authorities control board, pursuant to Public Authorities Law",
  "metadata": {
    "site_url": "https://www.nysenate.gov/legislation/laws/STF/68-A",
    "code_title": "New York State Finance Law",
    "section_number": "\u00a7 68-A"
  }
}