{
  "text": "N.Y. State Finance Law Section 14-A\nTax audit reporting system\n1.\nThe department of taxation and \ufb01nance shall establish and maintain a comprehensive tax audit reporting system which shall provide the governor and\nthe legislature with a systematic method to evaluate the progress made by the department in achieving revenue targets. In order to ensure that the\nreporting system is made an integral part of the state \ufb01scal plan, the following procedure is hereby established for the development of the form and\ncontents of tax audit target reports and quarterly tax audit reports and for the submission of such reports.\n2.\nAnnually, but no later than ninety days prior to the commencement of each \ufb01scal year, the department shall submit to the governor, a tax audit target\nreport for such \ufb01scal year which contains the following information for each general and special revenue fund tax, the cash receipts of which during\nthe last completed state \ufb01scal year exceeded \ufb01fty million dollars: annual and quarterly numbers of audits to be completed, annual and quarterly dollar\namounts of assessments and collections expected, anticipated annual average assessments and average collections per audit, and anticipated annual\naverage assessments and average collections per auditor for each such tax source. This data is to be provided differentiating between solely utilizing\nexisting staff levels and any proposed changes to such levels. Copies of such report shall be simultaneously furnished to the senate \ufb01nance committee\nand the assembly ways and means committee for their information.\n3.\nIn addition, after the tax audit target report for a \ufb01scal year has been submitted as required, the department shall submit quarterly to the governor,\nwithin thirty days of the close of each quarter of the state \ufb01scal year to which such tax audit target report shall pertain, a quarterly tax audit report\nwhich summarizes the actual experiences to date of assessments and collections for each tax source in forms suitable for comparison with such target\nreport. Such quarterly reports shall provide an explanation of the causes of any major deviation from the targets set in such target report. Copies of\nsuch quarterly tax audit reports shall be simultaneously furnished to the senate \ufb01nance committee and the assembly ways and means committee for\ntheir information.\nSource: Section 14-A \u2014 Tax audit reporting system, https://www. nysenate. gov/legislation/laws/STF/14-A (updated Sep. 22, 2014;\naccessed Apr. 19, 2025).\n2\nDe\ufb01nitions 2\u2013A\nAdditional de\ufb01nitions 3\nFiscal year 4\nPayments, transfers and deposits 4\u2013A\nElectronic value transfer program 5\nDeferred compensation 7\nDuties of department of taxation and \ufb01nance 8\nDuties of the comptroller 8\u2013A\nDeviations from generally accepted accounting principles 8\u2013B\nAdditional duties of the comptroller 8\u2013C\nEnterprise fraud prevention and detection system 9\nSubpoenas 10\nCompromise of old judgments and debts 11\nGifts, devises and bequests 12\nAnnual reports to legislature by institutions entitled to receive money from state 13\nBoards of visitors 14\nDepartmental statements 14\u2013A\nTax audit reporting system 14\u2013B\nCapital projects and maintenance statements 15\nFees to be charged for certain documents 16\nRate of interest on judgments and accrued claims against the state 17\nReports on \ufb01nanced equipment acquisitions 18\nInterest and collection fees assessed on debts owed to the state 19\nReturned check charge 19\u2013A\nParking facilities\nUp to date\nAccessed:\nApr. 19, 2025\nLast modified:\nSep. 22, 2014\n\u00a7 14-A\u2019s source at nysenate .gov\nLink Style\n Pragmatic\n Pedantic\nStay Connected\nJoin thousands of people who receive monthly site updates.\nSubscribe\n \n \n \nGet Legal Help\nThe New York State Bar Association runs a service for \ufb01nding an attorney in good standing. Initial consultations are usually free or discounted:\nLawyer Referral Service\nCommitted to Public Service\nWe will always provide free access to the current law. In addition, we provide special support for non-pro\ufb01t, educational, and government users.\nThrough social entre pre neurship, we\u2019re lowering the cost of legal services and increasing citizen access.\nNavigate\nFind a Lawyer\nBlog\nAbout Us\nContact Us\nReports\nSecondary Sources\nCalifornia: Codes\nColorado: C.R.S.\nNevada:\nNRS\nNew York: Laws\nOregon:\nOAR, ORS\nTexas:\nStatutes\nWorld:\nRome Statute, International Dictionary\nLocation: https://newyork.public.law/laws/n.y._state_finance_law_section_14-a\nOriginal Source: Section 14-A \u2014 Tax audit reporting system, https://www. nysenate. gov/legislation/laws/STF/14-A (last ac cessed Aug. 20,\n2023).\nBlank Outline Levels\n\u00d7\nThe legislature occasionally skips outline levels. For example:\n(3) A person may apply [...]\n(4)(a) A person petitioning for relief [...]\nIn this example, (3), (4), and (4)(a) are all outline levels, but (4) was omitted by its authors. It's only implied. This presents an interesting challenge\nwhen laying out the text. We've decided to display a blank section with this note, in order to aide readability.\nTrust but verify. Here is the original source for section 14-A\nDo you have an opinion about this solution? Drop us a line.\nClose\n NewYork.Public.Law \nLaws of New York\nSearch\nRemove ads\nLogin\n1. \n2. Laws\n3. State Fin. Law\n4. Art. 2. Gen. Fiscal Provisions\n5.",
  "metadata": {
    "site_url": "https://www.nysenate.gov/legislation/laws/STF/14-A",
    "code_title": "New York State Finance Law",
    "section_number": "\u00a7 14-A"
  }
}