{
  "text": "N.Y. State Finance Law Section 102\nAmounts of unpaid checks, drafts or debit cards to be paid into abandoned property fund\nUpon audit and statement of the comptroller, the amounts of all checks or drafts on bank accounts of any funds of the state, and the amounts of all\ndebit cards issued on behalf of the state for the purpose of paying a tax refund which checks or drafts have not been paid or which debit cards have not\nbeen activated and which shall have been outstanding for more than one year from the respective dates thereof, shall be paid into the abandoned\nproperty fund pursuant to subdivision four of Abandoned Property Law",
  "metadata": {
    "site_url": "https://www.nysenate.gov/legislation/laws/STF/102",
    "code_title": "New York State Finance Law",
    "section_number": "\u00a7 102"
  }
}