{
  "text": "(Deductions from salaries) may participate. Any such contract shall be administered on behalf of the state by the president of the civil service\ncommission and shall be subject to audit by the comptroller. No such contract shall take effect until it has been submitted to and approved by the\ndirector of the budget and then approved by the comptroller.\nSource: Section 208 \u2014 Authorized individual retirement plans, https://www. nysenate. gov/legislation/laws/STF/208 (updated Sep. 22,\n2014; accessed Apr. 19, 2025).\n200\nPayment of salaries 201\nDeductions from salaries 201\u2013A\nFlexible bene\ufb01ts program for certain state of\ufb01cers and employees 201\u2013B\nQuali\ufb01ed transportation fringe bene\ufb01t program for certain state of\ufb01cers and employees 201\u2013C\nQuali\ufb01ed transportation fringe bene\ufb01t program for employees of the city university of New York 202\nReimbursement for travel and moving expenses upon transfer, reassignment or promotion 203\nReimbursement of travel expenses of persons attending interviews for appointment in state service 204\nReimbursement for travel and moving expenses upon initial appointment to state service 205\nPayment of relocation allowance to certain members of the state police upon transfer within state service 206\nEmployee bene\ufb01t fund 206\u2013A\nEmployee bene\ufb01t fund 207\nEmployee bene\ufb01t fund 207\u2013A\nEmployee bene\ufb01t fund 207\u2013B\nEmployee bene\ufb01t fund 207\u2013C\nEmployee bene\ufb01t fund 207\u2013D\nEmployee bene\ufb01t fund 208\nAuthorized individual retirement plans 209\nEmployee bene\ufb01t fund 209\u2013A\nWorkers\u2019 compensation supplementation allowance 209\u2013B\nSeverance bene\ufb01ts for certain state of\ufb01cers and employees\nUp to date\nAccessed:\nApr. 19, 2025\nLast modified:\nSep. 22, 2014\n\u00a7 208\u2019s source at nysenate .gov\nLink Style\n Pragmatic\n Pedantic\nStay Connected\nJoin thousands of people who receive monthly site updates.\nSubscribe\n \n \n \nGet Legal Help\nThe New York State Bar Association runs a service for \ufb01nding an attorney in good standing. Initial consultations are usually free or discounted:\nLawyer Referral Service\nCommitted to Public Service\nWe will always provide free access to the current law. In addition, we provide special support for non-pro\ufb01t, educational, and government users.\nThrough social entre pre neurship, we\u2019re lowering the cost of legal services and increasing citizen access.\nNavigate\nFind a Lawyer\nBlog\nAbout Us\nContact Us\nReports\nSecondary Sources\nCalifornia: Codes\nColorado: C.R.S.\nNevada:\nNRS\nNew York: Laws\nOregon:\nOAR, ORS\nTexas:\nStatutes\nWorld:\nRome Statute, International Dictionary\nLocation: https://newyork.public.law/laws/n.y._state_finance_law_section_208\nOriginal Source: Section 208 \u2014 Authorized individual retirement plans, https://www. nysenate. gov/legislation/laws/STF/208 (last ac cessed\nAug. 20, 2023).\nBlank Outline Levels\n\u00d7\nThe legislature occasionally skips outline levels. For example:\n(3) A person may apply [...]\n(4)(a) A person petitioning for relief [...]\nIn this example, (3), (4), and (4)(a) are all outline levels, but (4) was omitted by its authors. It's only implied. This presents an interesting challenge\nwhen laying out the text. We've decided to display a blank section with this note, in order to aide readability.\nTrust but verify. Here is the original source for section 208\nDo you have an opinion about this solution? Drop us a line.\nClose\n NewYork.Public.Law \nLaws of New York\nSearch\nRemove ads\nLogin\n1. \n2. Laws\n3. State Fin. Law\n4. Art. 14. Salaries & Emp. Bene\ufb01ts\n5.",
  "metadata": {
    "site_url": "https://www.nysenate.gov/legislation/laws/STF/201",
    "code_title": "New York State Finance Law",
    "section_number": "\u00a7\n201"
  }
}