{
  "text": "N.Y. State Finance Law Section 54-I\nHuman services overburden aid to counties\n1.\nDe\ufb01nitions. When used in this section, unless otherwise expressly stated:\na.\n\u201cCounty\u201d, for the purposes of computation and payment of overburden aid under this section, shall mean each county located outside the city of New\nYork and the city of New York.\nb.\n\u201cTotal local cost\u201d, for each county for the purposes of computation and payment of overburden aid under this section, shall mean the total local costs\nof such county as a social services district pursuant to Social Services Law",
  "metadata": {
    "site_url": "https://www.nysenate.gov/legislation/laws/STF/54-I",
    "code_title": "New York State Finance Law",
    "section_number": "\u00a7 54-I"
  }
}