{
  "text": "(Preferred sources) and shall be revised as\nnecessary to re\ufb02ect the additions and deletions of wines as determined by the state procurement council.\n5.\nNondiscrimination in employment in Northern Ireland.\na.\nFor the purposes of this subdivision \u201cMacBride Fair Employment Principles\u201d shall mean those principles relating to nondiscrimination in employment\nand freedom of work place opportunity which would require employers doing business in Northern Ireland to:\n(i)\nincrease the representation of individuals from underrepresented religious groups in the work force, including managerial, supervisory, administrative,\nclerical and technical jobs;\n(ii)\ntake steps to promote adequate security for the protection of employees from underrepresented religious groups both at the workplace and while\ntraveling to and from work;\n(iii)\nban provocative religious or political emblems from the work place;\n(iv)\npublicly advertise all job openings and make special recruitment efforts to attract applicants from underrepresented religious groups;\n(v)\nestablish layoff, recall and termination procedures which do not in practice favor a particular religious group;\n(vi)\nabolish all job reservations, apprenticeship restrictions and differential employment criteria which discriminate on the basis of religion;\n(vii)\ndevelop training programs that will prepare substantial numbers of current employees from underrepresented religious groups for skilled jobs,\nincluding the expansion of existing programs and the creation of new programs to train, upgrade and improve the skills of workers from\nunderrepresented religious groups;\n(viii)\nestablish procedures to assess, identify and actively recruit employees from underrepresented religious groups with potential for further advancement;\nand\n(ix)\nappoint a senior management staff member to oversee af\ufb01rmative action efforts and develop a timetable to ensure their full implementation.\nb.\n(i) With respect to contracts described in subparagraphs (ii) and (iii) of this paragraph, and in accordance with such subparagraphs, state agencies as\nde\ufb01ned in this article shall not contract for the supply of commodities, service or construction with any contractor who does not agree to stipulate to\nthe following, if there is another contractor who will contract to supply commodities, services or construction of comparably quality at a comparable\nprice or cost: the contractor and any individual or legal entity in which the contractor holds a ten percent or greater ownership interest and any\nindividual or legal entity that holds a ten percent or greater ownership interest in the contractor either (A) have no business operations in Northern\nIreland, or (B) shall make lawful steps in good faith to conduct any business operations they have in Northern Ireland in accordance with MacBride\nFair Employment Principles, and shall permit independent monitoring of their compliance with such principles.\n(ii)\nIn the case of contracts let by a competitive process, whenever the responsive and responsible offerer having the lowest price or best value offer has\nnot agreed to stipulate to the conditions set forth in this subdivision and another responsive and responsible offerer who has agreed to stipulate to such\nconditions has submitted an offer within \ufb01ve percent of the lowest price or best value offer for a contract to supply commodities, services or\nconstruction of comparable quality, the contracting entity shall refer such offers to the commissioner of general services, who may determine, in\naccordance with applicable law and rules, that it is in the best interest of the state that the contract be awarded to other than the lowest price or best\nvalue offer.\n(iii)\nIn the case of contracts let by other than a competitive process for goods or services involving an expenditure of an amount greater than the\ndiscretionary buying threshold as speci\ufb01ed in",
  "metadata": {
    "site_url": "https://www.nysenate.gov/legislation/laws/STF/162",
    "code_title": "New York State Finance Law",
    "section_number": "\u00a7 162"
  }
}