{
  "text": "(General powers of tax commission). In order for a state agency to approve\nreimbursement of a not-for-pro\ufb01t organization at a rate other than the interest rate stated in this section the not-for-pro\ufb01t organization shall submit\ndocumentation indicating the rate at which such funds were borrowed, the lender of such funds and any other information requested by the state\nagency, attorney general or the comptroller. The comptroller may disallow such portions of the interest that the comptroller deems unreasonable.\n3.\nAny interest payments made pursuant to subdivisions one and two of this section shall be made from appropriations for state operations that are\navailable for the administrative programs of the state agency which contracted with the not-for-pro\ufb01t organization. In no event shall interest payments\nbe made from amounts appropriated for program purposes.\n4.\nThe interest payment shall not reduce the amount of money that otherwise will be payable to the not-for-pro\ufb01t organization under the terms of the\nrelevant contract.\n5.\nNo interest payments shall be made if the not-for-pro\ufb01t organization receives an advance payment pursuant to",
  "metadata": {
    "site_url": "https://www.nysenate.gov/legislation/laws/STF/1096",
    "code_title": "New York State Finance Law",
    "section_number": "\u00a7 1096"
  }
}