{
  "text": "N.Y. State Finance Law Section 179-I\nExclusion of interest from reimbursement rates\nAny interest paid to a contractor pursuant to the provisions of this article shall not be included as revenue for the purposes of determining any\nreimbursement rates applicable to such contractor.\nSource: Section 179-I \u2014 Exclusion of interest from reimbursement rates, https://www. nysenate. gov/legislation/laws/STF/179-I (updated\nSep. 22, 2014; accessed Apr. 19, 2025).\n179\u2013D\nLegislative intent 179\u2013E\nDe\ufb01nitions 179\u2013F\nDetermination of eligibility for payment of interest on amounts owed to contractors 179\u2013G\nComputation of interest payment 179\u2013H\nDetermination of appropriations against which interest payments are to be charged 179\u2013I\nExclusion of interest from reimbursement rates 179\u2013J\nDisclaimer of state responsibility for interest payments incurred by contractors 179\u2013K\nAcceptance of payment 179\u2013L\nProvisions to control 179\u2013M\nDuties of the comptroller 179\u2013N\nJudicial review 179\u2013O\nCourt actions or other legal processes 179\u2013P\nInapplicability of the provisions\nUp to date\nAccessed:\nApr. 19, 2025\nLast modified:\nSep. 22, 2014\n\u00a7 179-I\u2019s source at nysenate .gov\nLink Style\n Pragmatic\n Pedantic\nStay Connected\nJoin thousands of people who receive monthly site updates.\nSubscribe\n \n \n \nGet Legal Help\nThe New York State Bar Association runs a service for \ufb01nding an attorney in good standing. Initial consultations are usually free or discounted:\nLawyer Referral Service\nCommitted to Public Service\nWe will always provide free access to the current law. In addition, we provide special support for non-pro\ufb01t, educational, and government users.\nThrough social entre pre neurship, we\u2019re lowering the cost of legal services and increasing citizen access.\nNavigate\nFind a Lawyer\nBlog\nAbout Us\nContact Us\nReports\nSecondary Sources\nCalifornia: Codes\nColorado: C.R.S.\nNevada:\nNRS\nNew York: Laws\nOregon:\nOAR, ORS\nTexas:\nStatutes\nWorld:\nRome Statute, International Dictionary\nLocation: https://newyork.public.law/laws/n.y._state_finance_law_section_179-i\nOriginal Source: Section 179-I \u2014 Exclusion of interest from reimbursement rates, https://www. nysenate. gov/legislation/laws/STF/179-I (last\nac cessed Aug. 20, 2023).\nBlank Outline Levels\n\u00d7\nThe legislature occasionally skips outline levels. For example:\n(3) A person may apply [...]\n(4)(a) A person petitioning for relief [...]\nIn this example, (3), (4), and (4)(a) are all outline levels, but (4) was omitted by its authors. It's only implied. This presents an interesting challenge\nwhen laying out the text. We've decided to display a blank section with this note, in order to aide readability.\nTrust but verify. Here is the original source for section 179-I\nDo you have an opinion about this solution? Drop us a line.\nClose\n NewYork.Public.Law \nLaws of New York\nSearch\nRemove ads\nLogin\n1. \n2. Laws\n3. State Fin. Law\n4. Art. 11-A. Interest Payments On Certain Amounts Owed By State\n5.",
  "metadata": {
    "site_url": "https://www.nysenate.gov/legislation/laws/STF/179-I",
    "code_title": "New York State Finance Law",
    "section_number": "\u00a7 179-I"
  }
}