{
  "text": "N.Y. State Finance Law Section 179-X\nFederal funds\nThe provisions of this article as they relate to federal funds shall only be applicable to the extent a state agency is in receipt of federal funds for a\nparticular program; provided however, the provisions of this article shall be applicable to federal funds, including but not limited to funds such as\npetroleum overcharge moneys, only to the extent that any required federal or court review or approval process concerning the use of such funds has\nbeen completed, and no noti\ufb01cation of disapproval has been received by a state agency. Any time frame contained within the provisions of this article\nshall run from the date of the noti\ufb01cation to a state agency of receipt of federal funds, or the completion of any required federal or court review or\napproval process, whichever is applicable, provided however that a not-for-pro\ufb01t organization receiving federal funds to which such timeframes are\napplicable shall be entitled to interest payments pursuant to",
  "metadata": {
    "site_url": "https://www.nysenate.gov/legislation/laws/STF/179-X",
    "code_title": "New York State Finance Law",
    "section_number": "\u00a7 179-X"
  }
}