{
  "text": "(Water pollution control revolving fund) not to exceed ten\nmillion dollars per \ufb01scal year for the water pollution control linked deposit program. \ue9cb\nSource: Section 237 \u2014 Establishment and purpose; water pollution control linked deposit program authorization, https://www. nysenate. \u2010\ngov/legislation/laws/STF/237 (updated Sep. 22, 2014; accessed Apr. 19, 2025).\n235\nShort title 236\nDe\ufb01nitions 237\nEstablishment and purpose 238\nLinked loans 239\nLinked loans interest rate 240\nApplication procedure 241\nEarly maturity 242\nMonitoring and reporting 243\nRules and regulations\nUp to date\nAccessed:\nApr. 19, 2025\nLast modified:\nSep. 22, 2014\n\u00a7 237\u2019s source at nysenate .gov\nLink Style\n Pragmatic\n Pedantic\nStay Connected\nJoin thousands of people who receive monthly site updates.\nSubscribe\n \n \n \nGet Legal Help\nThe New York State Bar Association runs a service for \ufb01nding an attorney in good standing. Initial consultations are usually free or discounted:\nLawyer Referral Service\nCommitted to Public Service\nWe will always provide free access to the current law. In addition, we provide special support for non-pro\ufb01t, educational, and government users.\nThrough social entre pre neurship, we\u2019re lowering the cost of legal services and increasing citizen access.\nNavigate\nFind a Lawyer\nBlog\nAbout Us\nContact Us\nReports\nSecondary Sources\nCalifornia: Codes\nColorado: C.R.S.\nNevada:\nNRS\nNew York: Laws\nOregon:\nOAR, ORS\nTexas:\nStatutes\nWorld:\nRome Statute, International Dictionary\nLocation: https://newyork.public.law/laws/n.y._state_finance_law_section_237\nOriginal Source: Section 237 \u2014 Establishment and purpose; water pollution control linked deposit program authorization, https://www. nysenate. \u2010\ngov/legislation/laws/STF/237 (last ac cessed Aug. 20, 2023).\nBlank Outline Levels\n\u00d7\nThe legislature occasionally skips outline levels. For example:\n(3) A person may apply [...]\n(4)(a) A person petitioning for relief [...]\nIn this example, (3), (4), and (4)(a) are all outline levels, but (4) was omitted by its authors. It's only implied. This presents an interesting challenge\nwhen laying out the text. We've decided to display a blank section with this note, in order to aide readability.\nTrust but verify. Here is the original source for section 237\nDo you have an opinion about this solution? Drop us a line.\nClose\n NewYork.Public.Law \nLaws of New York\nSearch\nRemove ads\nLogin\n1. \n2. Laws\n3. State Fin. Law\n4. Art. 16. Water Pollution Control Linked Deposit Program Act\n5.",
  "metadata": {
    "site_url": "https://www.nysenate.gov/legislation/laws/STF/1285-J",
    "code_title": "New York State Finance Law",
    "section_number": "\u00a7 1285-J"
  }
}