{
  "text": "N.Y. State Finance Law Section 159\nAssignments of mortgages\nreleases from judgments\nThe comptroller, on the written request of the owner in actual possession of real property mortgaged to the state, may assign such mortgage, with the\nbond or other instrument accompanying the same, on payment into the treasury of the amount of principal and interest unpaid on such mortgage. The\ncomptroller, with the consent of the attorney-general, if satis\ufb01ed that the interests of the state will not be prejudiced thereby, may release any portion\nof any real property subject to a judgment in favor of the people of the state from the lien created by such judgment.\nSource: Section 159 \u2014 Assignments of mortgages; releases from judgments, https://www. nysenate. gov/legislation/laws/STF/159 (updated\nSep. 22, 2014; accessed Apr. 19, 2025).\n150\nForeclosure of mortgages by the state 151\nWhen comptroller shall bid in premises 152\nConditions of sale 153\nSale in parcels 154\nSeparate accounts for lands purchased or mortgaged 155\nDischarge and cancellation of mortgages by the state 156\nSurplus moneys on sale of lands mortgaged to the state 157\nRelease of part of mortgaged premises 158\nPower of comptroller to maintain actions 159\nAssignments of mortgages\nUp to date\nAccessed:\nApr. 19, 2025\nLast modified:\nSep. 22, 2014\n\u00a7 159\u2019s source at nysenate .gov\nLink Style\n Pragmatic\n Pedantic\nStay Connected\nJoin thousands of people who receive monthly site updates.\nSubscribe\n \n \n \nGet Legal Help\nThe New York State Bar Association runs a service for \ufb01nding an attorney in good standing. Initial consultations are usually free or discounted:\nLawyer Referral Service\nCommitted to Public Service\nWe will always provide free access to the current law. In addition, we provide special support for non-pro\ufb01t, educational, and government users.\nThrough social entre pre neurship, we\u2019re lowering the cost of legal services and increasing citizen access.\nNavigate\nFind a Lawyer\nBlog\nAbout Us\nContact Us\nReports\nSecondary Sources\nCalifornia: Codes\nColorado: C.R.S.\nNevada:\nNRS\nNew York: Laws\nOregon:\nOAR, ORS\nTexas:\nStatutes\nWorld:\nRome Statute, International Dictionary\nLocation: https://newyork.public.law/laws/n.y._state_finance_law_section_159\nOriginal Source: Section 159 \u2014 Assignments of mortgages; releases from judgments, https://www. nysenate. gov/legislation/laws/STF/159 (last\nac cessed Aug. 20, 2023).\nBlank Outline Levels\n\u00d7\nThe legislature occasionally skips outline levels. For example:\n(3) A person may apply [...]\n(4)(a) A person petitioning for relief [...]\nIn this example, (3), (4), and (4)(a) are all outline levels, but (4) was omitted by its authors. It's only implied. This presents an interesting challenge\nwhen laying out the text. We've decided to display a blank section with this note, in order to aide readability.\nTrust but verify. Here is the original source for section 159\nDo you have an opinion about this solution? Drop us a line.\nClose\n NewYork.Public.Law \nLaws of New York\nSearch\nRemove ads\nLogin\n1. \n2. Laws\n3. State Fin. Law\n4. Art. 11. State Purchasing\n5.",
  "metadata": {
    "site_url": "https://www.nysenate.gov/legislation/laws/STF/159",
    "code_title": "New York State Finance Law",
    "section_number": "\u00a7 159"
  }
}