{
  "text": "N.Y. State Finance Law Section 179-R\nProgram plan submission\n1.\nEach state agency receiving an appropriation of state or federal funds for any program shall produce and immediately thereafter submit a program plan\nto the division of the budget, the senate \ufb01nance committee and the assembly ways and means committee. Such program plan shall be submitted not\nmore than forty-\ufb01ve days following the latest date on which any of the appropriations covered by the program plan become law except as provided by",
  "metadata": {
    "site_url": "https://www.nysenate.gov/legislation/laws/STF/179-R",
    "code_title": "New York State Finance Law",
    "section_number": "\u00a7 179-R"
  }
}