{
  "text": "N.Y. State Finance Law Section 182\nDeposit and investment of money paid into court\nAll funds or moneys paid into court shall be deposited in such savings bank, trust company, bank, banking association or with such banker, as shall be\ndesignated by the state comptroller, as soon as received by the custodian thereof. But the money must be deposited in the county where the fund\nbelongs, where it can be done conveniently and safely and with advantage to the parties interested. All moneys so paid into court may be invested by\nthe several county treasurers and in the city of New York by the commissioner of \ufb01nance without a speci\ufb01c direction of the court having jurisdiction,\nin securities that are legal investments for trustees, when the said county treasurers or commissioner of \ufb01nance deem it for the best interests of the\nfunds to make such investments. All moneys paid into a court of the uni\ufb01ed court system, other than a town or village court, pursuant to the provisions\nof title P of the criminal procedure law, which remain in the court\u2019s custody, shall, during such custody, be deposited in an interest-bearing account,\nand all interest thereupon received shall be paid to the state commissioner of taxation and \ufb01nance on a monthly basis no later than ten days after the\nlast day of each month. \ue9cb\nSource: Section 182 \u2014 Deposit and investment of money paid into court, https://www. nysenate. gov/legislation/laws/STF/182 (updated\nSep. 22, 2014; accessed Apr. 19, 2025).\n180\nExamination of money and securities paid into court 181\nTitle of successor of custodian of court funds 182\nDeposit and investment of money paid into court 183\nCustodian\u2019s books of account of court funds 184\nAnnual reports to comptroller of custodian of court funds 185\nAnnual report to chief administrator of the courts by custodian of court funds\nUp to date\nAccessed:\nApr. 19, 2025\nLast modified:\nSep. 22, 2014\n\u00a7 182\u2019s source at nysenate .gov\nLink Style\n Pragmatic\n Pedantic\nStay Connected\nJoin thousands of people who receive monthly site updates.\nSubscribe\n \n \n \nGet Legal Help\nThe New York State Bar Association runs a service for \ufb01nding an attorney in good standing. Initial consultations are usually free or discounted:\nLawyer Referral Service\nCommitted to Public Service\nWe will always provide free access to the current law. In addition, we provide special support for non-pro\ufb01t, educational, and government users.\nThrough social entre pre neurship, we\u2019re lowering the cost of legal services and increasing citizen access.\nNavigate\nFind a Lawyer\nBlog\nAbout Us\nContact Us\nReports\nSecondary Sources\nCalifornia: Codes\nColorado: C.R.S.\nNevada:\nNRS\nNew York: Laws\nOregon:\nOAR, ORS\nTexas:\nStatutes\nWorld:\nRome Statute, International Dictionary\nLocation: https://newyork.public.law/laws/n.y._state_finance_law_section_182\nOriginal Source: Section 182 \u2014 Deposit and investment of money paid into court, https://www. nysenate. gov/legislation/laws/STF/182 (last\nac cessed Aug. 20, 2023).\nBlank Outline Levels\n\u00d7\nThe legislature occasionally skips outline levels. For example:\n(3) A person may apply [...]\n(4)(a) A person petitioning for relief [...]\nIn this example, (3), (4), and (4)(a) are all outline levels, but (4) was omitted by its authors. It's only implied. This presents an interesting challenge\nwhen laying out the text. We've decided to display a blank section with this note, in order to aide readability.\nTrust but verify. Here is the original source for section 182\nDo you have an opinion about this solution? Drop us a line.\nClose\n NewYork.Public.Law \nLaws of New York\nSearch\nRemove ads\nLogin\n1. \n2. Laws\n3. State Fin. Law\n4. Art. 12. Court Funds\n5.",
  "metadata": {
    "site_url": "https://www.nysenate.gov/legislation/laws/STF/182",
    "code_title": "New York State Finance Law",
    "section_number": "\u00a7 182"
  }
}