{
  "text": "(Liability for certain acts) are likely to have occurred, and if the allegations in the pleading provide adequate notice of the speci\ufb01c nature of the alleged\nmisconduct to permit the state or a local government effectively to investigate and defendants fairly to defend the allegations made. \ue9cb\n2.\nIn any action brought under this article, the state, a local government that participates as a party in the action, or the person bringing the qui tam civil\naction, shall be required to prove all essential elements of the cause of action, including damages, by a preponderance of the evidence.\nSource: Section 192 \u2014 Limitation of actions, burden of proof, https://www. nysenate. gov/legislation/laws/STF/192 (updated Sep. 22, 2014;\naccessed Apr. 19, 2025).\n187\nShort title 188\nDe\ufb01nitions 189\nLiability for certain acts 190\nCivil actions for false claims 190\u2013A\nMonies recovered 190\u2013B\nMedicaid fraud recovery reporting 191\nRemedies 192\nLimitation of actions, burden of proof 193\nOther law enforcement authority and duties 194\nRegulations\nUp to date\nAccessed:\nApr. 19, 2025\nLast modified:\nSep. 22, 2014\n\u00a7 192\u2019s source at nysenate .gov\nLink Style\n Pragmatic\n Pedantic\nStay Connected\nJoin thousands of people who receive monthly site updates.\nSubscribe\n \n \n \nGet Legal Help\nThe New York State Bar Association runs a service for \ufb01nding an attorney in good standing. Initial consultations are usually free or discounted:\nLawyer Referral Service\nCommitted to Public Service\nWe will always provide free access to the current law. In addition, we provide special support for non-pro\ufb01t, educational, and government users.\nThrough social entre pre neurship, we\u2019re lowering the cost of legal services and increasing citizen access.\nNavigate\nFind a Lawyer\nBlog\nAbout Us\nContact Us\nReports\nSecondary Sources\nCalifornia: Codes\nColorado: C.R.S.\nNevada:\nNRS\nNew York: Laws\nOregon:\nOAR, ORS\nTexas:\nStatutes\nWorld:\nRome Statute, International Dictionary\nLocation: https://newyork.public.law/laws/n.y._state_finance_law_section_192\nOriginal Source: Section 192 \u2014 Limitation of actions, burden of proof, https://www. nysenate. gov/legislation/laws/STF/192 (last ac cessed\nAug. 20, 2023).\nBlank Outline Levels\n\u00d7\nThe legislature occasionally skips outline levels. For example:\n(3) A person may apply [...]\n(4)(a) A person petitioning for relief [...]\nIn this example, (3), (4), and (4)(a) are all outline levels, but (4) was omitted by its authors. It's only implied. This presents an interesting challenge\nwhen laying out the text. We've decided to display a blank section with this note, in order to aide readability.\nTrust but verify. Here is the original source for section 192\nDo you have an opinion about this solution? Drop us a line.\nClose\n NewYork.Public.Law \nLaws of New York\nSearch\nRemove ads\nLogin\n1. \n2. Laws\n3. State Fin. Law\n4. Art. 13. N.Y. False Claims Act\n5.",
  "metadata": {
    "site_url": "https://www.nysenate.gov/legislation/laws/STF/189",
    "code_title": "New York State Finance Law",
    "section_number": "\u00a7 189"
  }
}