{
  "text": "N.Y. State Finance Law Section 166\nRequirements for \ufb01nanced equipment acquisition or \ufb01nanced creation or improvement of\ninformation technology systems and related researc...\n\u00a7 166. Requirements for \ufb01nanced equipment acquisition or \ufb01nanced creation or improvement of information technology systems and related research\nand development.\n1.\na. No \ufb01nanced equipment acquisition may be approved by the state comptroller unless the acquisition has been approved by the director of the budget\nand the outright purchase cost of the equipment is at least \ufb01fty thousand dollars for new \ufb01nanced equipment acquisitions during the \ufb01scal year\nnineteen hundred eighty-eight--eighty-nine, and at least one hundred thousand dollars for new \ufb01nanced acquisitions during subsequent \ufb01scal years\nprovided, however, that the comptroller may issue regulations establishing higher minimum outright purchase costs. Multiple items of the same type\nof equipment or related items of equipment procured pursuant to a single request for proposals may be grouped under one or several contracts as part\nof a procurement package to reach the applicable minimum. The \ufb01nancing of the creation or improvement of information technology systems and\nrelated research and development is authorized pursuant to this section. \ue9cb\nb.\nNotwithstanding the provisions of paragraph a of this subdivision, which shall not apply to \ufb01nanced equipment acquisitions for units of the state\nuniversity and city university of New York, no \ufb01nanced equipment acquisition may be approved by the state comptroller for such units until the\ndirector of the budget has determined whether such \ufb01nanced equipment acquisition shall be \ufb01nanced by certi\ufb01cates of participation pursuant to",
  "metadata": {
    "site_url": "https://www.nysenate.gov/legislation/laws/STF/166",
    "code_title": "New York State Finance Law",
    "section_number": "\u00a7 166"
  }
}