{
  "text": "(Court facilities and combined occupancy structures), such political\nsubdivision shall be entitled to state assistance, to be paid during each state \ufb01scal year commencing on or after April \ufb01rst, nineteen hundred ninety-six,\nequaling one hundred percent of (i) the interest and principal on notes and bonds of the dormitory authority issued to provide facilities for the\ntransaction of business by an appellate division or to serve as chambers for a resident judge of the court of appeals included in the rentals or other\npayments required to be made during such \ufb01scal year under each such lease, sublease or other agreement with the dormitory authority, (ii) the interest\nand principal on notes and bonds issued by the political subdivision in connection with facilities for the transaction of business by an appellate\ndivision or to serve as chambers for a resident judge of the court of appeals, to be paid during such \ufb01scal year, and\n(iii)\nduring a state \ufb01scal year commencing on or after April \ufb01rst, nineteen hundred ninety-seven the amount paid by the political subdivision in such year\nfor rentals in connection with any lease it enters into to provide facilities for the transaction of business by an appellate division or to serve as\nchambers for a resident judge of the court of appeals where the term of such lease commences on or after April \ufb01rst, nineteen hundred ninety-eight\nplus any other amount paid by the political subdivision during the twelve month period concluding September thirtieth of the preceding state \ufb01scal\nyear to provide such facilities. For purposes of this paragraph, the provision of facilities to serve as chambers for a resident judge of the court of\nappeals shall include all furnishings and other items or services supplied by a political subdivision in connection therewith pursuant to County Law",
  "metadata": {
    "site_url": "https://www.nysenate.gov/legislation/laws/STF/1680-B",
    "code_title": "New York State Finance Law",
    "section_number": "\u00a7 1680-B"
  }
}