{
  "text": "N.Y. State Finance Law Section 179-T\nTime frames for the execution of renewal contracts\n1.\n(a) A state agency administering a contract shall notify the not-for-pro\ufb01t organization by mail of the agency\u2019s preliminary intention, subject to\nenactment of an appropriation, to renew or terminate the contract no later than ninety days prior to the end of the contract or any periods speci\ufb01ed\ntherein that require further contract documents in order to continue payments under the contract or thirty days after an appropriation providing funding\nfor continued payments shall become law, whichever is later. In the event an appropriation is not necessary to renew the contract, such noti\ufb01cation\nshall be mailed no later than ninety days prior to the end of the current contract. In the event an appropriation is necessary and a state budget has been\nenacted on or before the beginning of the state \ufb01scal year in which the contract is to be renewed or terminated, which provides suf\ufb01cient funding to\nthe state agency to enable it to renew the contract, such noti\ufb01cation shall be mailed no later than ninety days prior to the end of the current contract. In\nthe event a state budget has not been enacted by the beginning of the state \ufb01scal year in which the contract is to be renewed or terminated, such\nnoti\ufb01cation shall be mailed the later of: \ue9cb\n(i)\nthirty days after the enactment of a state budget which provides suf\ufb01cient funding to the state agency to enable it to renew the contract; or\n(ii)\nninety days prior to the end of the contract or any period speci\ufb01ed therein that require further contract documents in order to continue payments under\nthe contract.\n(b)\nIn the event that a state agency is unable to comply with the time frames set forth in paragraph (a) of this subdivision due to unusual circumstances\nbeyond the control of the state, no payment of interest shall be due to the not-for-pro\ufb01t organization. Such state agency shall document the unusual\ncircumstances which are the basis for its inability to comply in a written notice to the of\ufb01ce of the state comptroller, division of the budget and the not-\nfor-pro\ufb01t organization on or before the date set forth in this subdivision for renewal of the contract. For the purposes of this paragraph, \u201cunusual\ncircumstances\u201d does not mean such state agency\u2019s:\n(i)\nfailure to plan for implementation of a program;\n(ii)\nfailure to assign suf\ufb01cient staff resources to implement a program;\n(iii)\nfailure to establish a schedule for the implementation of a program; or\n(iv)\nfailure to anticipate any other reasonably foreseeable circumstance.\n(c)\nNot more than twenty days after the receipt of such written notice, the comptroller shall determine whether unusual circumstances beyond the control\nof the state warrant the denial of interest. The comptroller shall thereupon inform such state agency, the division of the budget, and such not-for-pro\ufb01t\norganization of such determination. If such determination concludes that the circumstances do not warrant a denial of interest, such state agency shall\nthen immediately submit for the comptroller\u2019s approval a voucher requesting the payment of interest to such not-for-pro\ufb01t organization as required by",
  "metadata": {
    "site_url": "https://www.nysenate.gov/legislation/laws/STF/179-T",
    "code_title": "New York State Finance Law",
    "section_number": "\u00a7 179-T"
  }
}