{
  "text": "N.Y. State Finance Law Section 139-B\nDisquali\ufb01cation to contract with state\n1.\nAny person who, when called before a grand jury, head of a state department, temporary state commission or other state agency, or the organized\ncrime task force in the department of law, which is empowered to compel the attendance of witnesses and examine them under oath, to testify in an\ninvestigation, concerning any transaction or contract had with the state, any political subdivision thereof, a public authority or with a public\ndepartment, agency or of\ufb01cial of the state or of any political subdivision thereof or of a public authority, refuses to sign a waiver of immunity against\nsubsequent criminal prosecution or to answer any relevant question concerning such transaction or contract, and any \ufb01rm, partnership or corporation\nof which any such person is a member, partner, director or of\ufb01cer shall be disquali\ufb01ed from thereafter selling to or submitting bids to or receiving\nawards from or entering into any contracts with the state or any public department, agency or of\ufb01cial thereof, for goods, work or services, for a period\nof \ufb01ve years after such refusal or until a disquali\ufb01cation shall be removed pursuant to the provisions of",
  "metadata": {
    "site_url": "https://www.nysenate.gov/legislation/laws/STF/139-B",
    "code_title": "New York State Finance Law",
    "section_number": "\u00a7 139-B"
  }
}