{
  "text": "N.Y. State Finance Law Section 22-A\nSynopsis of requests for appropriations\nsubmittal by budget director\nThe director of the budget shall, within thirty days following receipt of the requested appropriations pursuant to the \ufb01rst paragraph of section one of\narticle seven of the constitution, submit to the chairs of the assembly ways and means committee and the senate \ufb01nance committee a synopsis of such\nrequests, including but not limited to: \ue9cb\n(a)\na schedule of appropriations requested as compared to the prior year, (b) a brief description of the department\u2019s, division\u2019s or of\ufb01ce\u2019s priorities for\nreceiving funding, and\n(c)\na discussion of major changes or initiatives recommended for the ensuing \ufb01scal year.\nSource: Section 22-A \u2014 Synopsis of requests for appropriations; submittal by budget director, https://www. nysenate. \u2010\ngov/legislation/laws/STF/22-A (updated Sep. 22, 2014; accessed Apr. 19, 2025).\n20\nDivision of the budget 21\nAuxiliary powers of executive department 22\nThe budget 22\u2013A\nSynopsis of requests for appropriations 22\u2013B\nReport of the legislature on the enacted budget 22\u2013C\nCapital program and \ufb01nancing plan 23\nPlans and estimates 24\nBudget bills 25\nReappropriation bills 26\nMaintaining capital assets 27\nScheduled maintenance appropriations\nUp to date\nAccessed:\nApr. 19, 2025\nLast modified:\nSep. 22, 2014\n\u00a7 22-A\u2019s source at nysenate .gov\nLink Style\n Pragmatic\n Pedantic\nStay Connected\nJoin thousands of people who receive monthly site updates.\nSubscribe\n \n \n \nGet Legal Help\nThe New York State Bar Association runs a service for \ufb01nding an attorney in good standing. Initial consultations are usually free or discounted:\nLawyer Referral Service\nCommitted to Public Service\nWe will always provide free access to the current law. In addition, we provide special support for non-pro\ufb01t, educational, and government users.\nThrough social entre pre neurship, we\u2019re lowering the cost of legal services and increasing citizen access.\nNavigate\nFind a Lawyer\nBlog\nAbout Us\nContact Us\nReports\nSecondary Sources\nCalifornia: Codes\nColorado: C.R.S.\nNevada:\nNRS\nNew York: Laws\nOregon:\nOAR, ORS\nTexas:\nStatutes\nWorld:\nRome Statute, International Dictionary\nLocation: https://newyork.public.law/laws/n.y._state_finance_law_section_22-a\nOriginal Source: Section 22-A \u2014 Synopsis of requests for appropriations; submittal by budget director, https://www. nysenate. \u2010\ngov/legislation/laws/STF/22-A (last ac cessed Aug. 20, 2023).\nBlank Outline Levels\n\u00d7\nThe legislature occasionally skips outline levels. For example:\n(3) A person may apply [...]\n(4)(a) A person petitioning for relief [...]\nIn this example, (3), (4), and (4)(a) are all outline levels, but (4) was omitted by its authors. It's only implied. This presents an interesting challenge\nwhen laying out the text. We've decided to display a blank section with this note, in order to aide readability.\nTrust but verify. Here is the original source for section 22-A\nDo you have an opinion about this solution? Drop us a line.\nClose\n NewYork.Public.Law \nLaws of New York\nSearch\nRemove ads\nLogin\n1. \n2. Laws\n3. State Fin. Law\n4. Art. 3. The Budget\n5.",
  "metadata": {
    "site_url": "https://www.nysenate.gov/legislation/laws/STF/22-A",
    "code_title": "New York State Finance Law",
    "section_number": "\u00a7 22-A"
  }
}