{
  "text": "N.Y. State Finance Law Section 139-I\nObligations with respect to procurement contracts with New York state and foreign business\nenterprises\n1.\nAs used in this section, the following terms shall have the following meanings, unless a different meaning appears from the context:\n(a)\n\u201cForeign business enterprise\u201d shall mean a business enterprise, including a sole proprietorship, partnership or corporation, which offers for sale, lease\nor other form of exchange, goods sought by the state agency or department and which are substantially produced outside New York state, or services\nsought by the state agency or department and which are substantially performed outside New York state. \ue9cb\n(b)\n\u201cNew York state business enterprise\u201d shall mean a business enterprise, including a sole proprietorship, partnership, or corporation, which offers for\nsale or lease or other form of exchange, goods which are sought by the state agency or department and which are substantially manufactured,\nproduced or assembled in New York state, or services which are sought by the state agency or department and which are substantially performed\nwithin New York state.\n(c)\n\u201cNew York resident\u201d shall mean a natural person who maintains a \ufb01xed, permanent and principal home located within New York state and to which\nsuch person, whenever temporarily located, always intends to return.\n(d)\n\u201cProcurement contract\u201d shall have the same meaning as that set forth in subdivision two of Economic Development Law",
  "metadata": {
    "site_url": "https://www.nysenate.gov/legislation/laws/STF/139-I",
    "code_title": "New York State Finance Law",
    "section_number": "\u00a7 139-I"
  }
}