{
  "text": "N.Y. State Finance Law Section 84\nThe United States Olympic Committee/Lake Placid Olympic Training Center Fund\n1.\nThere is hereby established in the joint custody of the state comptroller and commissioner of taxation and \ufb01nance a special fund to be known as the\nUnited States Olympic Committee/Lake Placid Olympic Training Center fund. \ue9cb\n2.\nSuch fund shall consist of all revenues received from the implementation of Tax Law",
  "metadata": {
    "site_url": "https://www.nysenate.gov/legislation/laws/STF/84",
    "code_title": "New York State Finance Law",
    "section_number": "\u00a7 84"
  }
}