{
  "text": "N.Y. State Finance Law Section 66-G\nIndemni\ufb01cation\nAny agreement for the issuance of certi\ufb01cates of participation to fund installment purchases by the state may provide that the state will indemnify the\ntrustee, paying agent, service agent or any other person performing a similar or related function, but only to the extent that the liability triggering the\nevent of indemni\ufb01cation is the fault of the state.\nSource: Section 66-G \u2014 Indemnification, https://www. nysenate. gov/legislation/laws/STF/66-G (updated Sep. 22, 2014; accessed Apr. 19,\n2025).\n66\u2013A\nRestriction on issuance of certi\ufb01cates of participation 66\u2013B\nIssuance of certi\ufb01cates of participation 66\u2013C\nCerti\ufb01cates of participation not debt 66\u2013D\nAnnual ceiling on certi\ufb01cates of participation 66\u2013E\nRestrictions on the use of certi\ufb01cates of participation for real property 66\u2013F\nCertain interagency transfers authorized 66\u2013G\nIndemni\ufb01cation 66\u2013H\nRestriction on sale in the event of nonappropriation 66\u2013J\nAnnual report 66\u2013K\nCerti\ufb01cates of participation 66\u2013L\nCerti\ufb01cates of participation executed and delivered by the state of New York bond bank agency on behalf of a political subdivision\nUp to date\nAccessed:\nApr. 19, 2025\nLast modified:\nSep. 22, 2014\n\u00a7 66-G\u2019s source at nysenate .gov\nLink Style\n Pragmatic\n Pedantic\nStay Connected\nJoin thousands of people who receive monthly site updates.\nSubscribe\n \n \n \nGet Legal Help\nThe New York State Bar Association runs a service for \ufb01nding an attorney in good standing. Initial consultations are usually free or discounted:\nLawyer Referral Service\nCommitted to Public Service\nWe will always provide free access to the current law. In addition, we provide special support for non-pro\ufb01t, educational, and government users.\nThrough social entre pre neurship, we\u2019re lowering the cost of legal services and increasing citizen access.\nNavigate\nFind a Lawyer\nBlog\nAbout Us\nContact Us\nReports\nSecondary Sources\nCalifornia: Codes\nColorado: C.R.S.\nNevada:\nNRS\nNew York: Laws\nOregon:\nOAR, ORS\nTexas:\nStatutes\nWorld:\nRome Statute, International Dictionary\nLocation: https://newyork.public.law/laws/n.y._state_finance_law_section_66-g\nOriginal Source: Section 66-G \u2014 Indemni\ufb01cation, https://www. nysenate. gov/legislation/laws/STF/66-G (last ac cessed Aug. 20, 2023).\nBlank Outline Levels\n\u00d7\nThe legislature occasionally skips outline levels. For example:\n(3) A person may apply [...]\n(4)(a) A person petitioning for relief [...]\nIn this example, (3), (4), and (4)(a) are all outline levels, but (4) was omitted by its authors. It's only implied. This presents an interesting challenge\nwhen laying out the text. We've decided to display a blank section with this note, in order to aide readability.\nTrust but verify. Here is the original source for section 66-G\nDo you have an opinion about this solution? Drop us a line.\nClose\n NewYork.Public.Law \nLaws of New York\nSearch\nRemove ads\nLogin\n1. \n2. Laws\n3. State Fin. Law\n4. Art. 5-A. Certi\ufb01cates of Participation\n5.",
  "metadata": {
    "site_url": "https://www.nysenate.gov/legislation/laws/STF/66-G",
    "code_title": "New York State Finance Law",
    "section_number": "\u00a7 66-G"
  }
}