{
  "text": "(Powers, functions and duties of the New\nYork state public authorities control board). The authorized issuers shall not issue any revenue bonds in an amount in excess of statutory\nauthorizations for such authorized purposes. Authorizations for such authorized purposes shall be reduced in an amount equal to the amount of\nrevenue bonds issued for such authorized purposes under this article. Such reduction shall not be made in relation to revenue bonds issued to fund\nreserve funds, if any, and costs of issuance, if these items are not counted under existing authorizations, nor shall revenue bonds issued to refund\nbonds issued under existing authorizations reduce the amount of such authorizations.\n9.\nExcept upon the amendment of the New York state constitution allowing the issuance or assumption of bonds, notes or other obligations secured by\nrevenues, which may include the revenues securing revenue bonds of authorized issuers, and the af\ufb01rmative assumption of such bonds, notes or other\nobligations by the state, the revenue bonds of the authorized issuers authorized by this section shall not be a debt of the state and the state shall not be\nliable thereon, nor shall they be payable out of any funds other than those of the authorized issuers pledged therefor; and such revenue bonds shall\ncontain on the face thereof a statement to such effect. In addition, any agreements entered into by any entity pursuant to sections sixty-nine-o and\nninety-two-h of this chapter on behalf of the state to effect the implementation of any of the activities \ufb01nanced in whole or in part with proceeds of the\nobligations of the authorized issuers authorized in this section do not constitute or create a debt of the state, nor a contractual obligation in excess of\nthe amounts appropriated therefor and the state has no continuing legal or moral obligation to appropriate money for payments due under any such\nagreement.\n10.\nNothing in this article shall affect the authority of each of the authorized issuers to issue or incur indebtedness for any purposes otherwise authorized\nby law and nothing in this article shall be deemed to alter or affect the rights of outstanding bondholders or noteholders of any authorized issuer.\n11.\nThe authorization, sale and issuance of revenue bonds pursuant to this section shall not be deemed an action as such term is de\ufb01ned in article eight of\nthe environmental conservation law for the purposes of such article. Such exemption shall be strictly limited in its application to such \ufb01nancing\nactivities of the authorized issuers hereunder and does not exempt any other entity from compliance with such article.\n12.\nThe comptroller is hereby authorized to receive from the authorized issuers any portion of bond proceeds paid to provide funds for or reimburse the\nstate for its costs associated with such authorized purposes and to credit such amounts to the capital projects fund or any other appropriate fund.\nSource: Section 69-N \u2014 Issuance of bonds and notes, https://www. nysenate. gov/legislation/laws/STF/69-N (updated May 3, 2024;\naccessed Apr. 19, 2025).\n69\u2013M\nDe\ufb01nitions 69\u2013N\nIssuance of bonds and notes 69\u2013O\nPayments to authorized issuers\nUp to date\nAccessed:\nApr. 19, 2025\nLast modified:\nMay 3, 2024\n\u00a7 69-N\u2019s source at nysenate .gov\nLink Style\n Pragmatic\n Pedantic\nStay Connected\nJoin thousands of people who receive monthly site updates.\nSubscribe\n \n \n \nGet Legal Help\nThe New York State Bar Association runs a service for \ufb01nding an attorney in good standing. Initial consultations are usually free or discounted:\nLawyer Referral Service\nCommitted to Public Service\nWe will always provide free access to the current law. In addition, we provide special support for non-pro\ufb01t, educational, and government users.\nThrough social entre pre neurship, we\u2019re lowering the cost of legal services and increasing citizen access.\nNavigate\nFind a Lawyer\nBlog\nAbout Us\nContact Us\nReports\nSecondary Sources\nCalifornia: Codes\nColorado: C.R.S.\nNevada:\nNRS\nNew York: Laws\nOregon:\nOAR, ORS\nTexas:\nStatutes\nWorld:\nRome Statute, International Dictionary\nLocation: https://newyork.public.law/laws/n.y._state_finance_law_section_69-n\nOriginal Source: Section 69-N \u2014 Issuance of bonds and notes, https://www. nysenate. gov/legislation/laws/STF/69-N (last ac cessed May 4,\n2024).\nBlank Outline Levels\n\u00d7\nThe legislature occasionally skips outline levels. For example:\n(3) A person may apply [...]\n(4)(a) A person petitioning for relief [...]\nIn this example, (3), (4), and (4)(a) are all outline levels, but (4) was omitted by its authors. It's only implied. This presents an interesting challenge\nwhen laying out the text. We've decided to display a blank section with this note, in order to aide readability.\nTrust but verify. Here is the original source for section 69-N\nDo you have an opinion about this solution? Drop us a line.\nClose\n NewYork.Public.Law \nLaws of New York\nSearch\nRemove ads\nLogin\n1. \n2. Laws\n3. State Fin. Law\n4. Art. 5-F. Sales Tax Revenue Bond Financing Program\n5.",
  "metadata": {
    "site_url": "https://www.nysenate.gov/legislation/laws/STF/51",
    "code_title": "New York State Finance Law",
    "section_number": "\u00a7 51"
  }
}