{
  "text": "(Establishment of boards of cooperative\neducational services pending the creation of intermediate districts).\n(2)\nFor the purposes of this paragraph, \u201cfunctional consolidation\u201d shall mean one municipality completely providing a service or function for another\nmunicipality, which no longer provides such service or function. (ii) Within the annual amounts appropriated therefor, the secretary of state may award\ncompetitive grants to municipalities to cover costs associated with local government ef\ufb01ciency projects, including, but not limited to, planning for or\nimplementation of a municipal consolidation or dissolution, a functional consolidation, a city or county charter revision that includes functional\nconsolidation, shared or cooperative services, and regionalized delivery of services; provided, however, that such local government ef\ufb01ciency projects\nmust demonstrate new opportunities for \ufb01nancial savings and operational ef\ufb01ciencies; provided, further, that eligible local government ef\ufb01ciency\nprojects shall not include studies and plans for a local government re-organization eligible to receive a local government citizens re-organization\nempowerment grant pursuant to paragraph q of this subdivision. The secretary of state may focus the grant program in speci\ufb01c functional areas, within\ndistressed communities and areas of historically high local government costs and property taxes, or in areas of unique opportunity, in which case such\nareas of focus shall be detailed in a request for applications. (iii) Any approved project shall include an examination of \ufb01nancial savings, return on\npublic investment and management improvements resulting from project implementation. (iv) Local government ef\ufb01ciency grants may be used to\ncover costs including, but not limited to, legal and consultant services, capital improvements, transitional personnel costs and other necessary\nexpenses related to implementing the approved local government ef\ufb01ciency grant work plan. Grants may be used for capital improvements,\ntransitional personnel costs or joint equipment purchases only where such expenses are integral to implementation of the local government ef\ufb01ciency\nproject. No part of the grant shall be used by the applicant for recurring expenses such as salaries, except that the salaries of certain transitional\npersonnel essential for the implementation of the approved local government ef\ufb01ciency grant work plan shall be eligible for a period not to exceed\nthree years. The amounts awarded to a school district pursuant to this subparagraph shall not be included in the approved operating expense of the\nschool district as de\ufb01ned in paragraph t of subdivision one of Education Law",
  "metadata": {
    "site_url": "https://www.nysenate.gov/legislation/laws/STF/1950",
    "code_title": "New York State Finance Law",
    "section_number": "\u00a7 1950"
  }
}