{
  "text": "N.Y. State Finance Law Section 179-E\nDe\ufb01nitions\nAs used in this article, the following terms shall have the following meanings unless otherwise speci\ufb01ed: \ue9cb\n1.\n\u201cContract\u201d means an enforceable agreement entered into by a contractor and a state agency.\n2.\n\u201cContractor\u201d means any person, partnership, \ufb01rm, corporation, or association:\na.\nselling materials, equipment, or supplies or leasing property or equipment to a state agency;\nb.\nconstructing, reconstructing, rehabilitating, or repairing buildings or highways for, or on behalf of, a state agency; or\nc.\nrendering or providing services pursuant to a contract with a state agency.\n3.\n\u201cDesignated payment of\ufb01ce\u201d means the of\ufb01ce designated by the state agency to which a proper invoice is to be submitted by a contractor.\n4.\n\u201cPayment date\u201d means the date on which a check for payment pursuant to a contract is dated.\n5.\n\u201cProper invoice\u201d means a written request for a contract payment that is submitted by a contractor setting forth the description, price, and quantity of\ngoods, property, or services delivered or rendered, in such form and supported by such other substantiating documentation as the state comptroller or\nindividual state agency may reasonably require.\n6.\n\u201cReceipt of an invoice\u201d means (a) the date on which a proper invoice is actually received in the designated payment of\ufb01ce, or\n(b)\nthe date on which the state agency receives the purchased goods, property, or services covered by the proper invoice, whichever is later, or\n(c)\nin regard to \ufb01nal payments on highway construction contracts, the date determined in accordance with the provisions of paragraph (g) of subdivision\nseven of Highway Law",
  "metadata": {
    "site_url": "https://www.nysenate.gov/legislation/laws/STF/179-E",
    "code_title": "New York State Finance Law",
    "section_number": "\u00a7 179-E"
  }
}