{
  "text": "(Issuance of certi\ufb01cates of participation). The director of the budget shall make such determination no later than thirty days following the submission\nof documentation, satisfactory to the director from the state university or city university of New York. If within such period of time the director does\nnot indicate that such \ufb01nanced equipment acquisition shall be \ufb01nanced by certi\ufb01cates of participation, the state university or city university of New\nYork may proceed with a \ufb01nanced equipment acquisition in accordance with any other applicable provision of law. The board of trustees of the city\nuniversity of New York and the board of trustees of the state university of New York shall each promulgate regulations in consultation with the\ncomptroller and subject to the approval of the director of the budget regarding the circumstances under which units of the respective universities may\nuse certi\ufb01cates of participation or other \ufb01nanced equipment acquisitions. Such regulations shall include but not be limited to: the establishment of\nminimum \ufb01nance acquisition cost; restrictions on the use of certi\ufb01cates of participation; and annual ceilings on \ufb01nanced equipment acquisitions. Each\nboard shall \ufb01le copies of its regulations with the director of the budget, the comptroller, and the chairs of the senate \ufb01nance committee and the\nassembly ways and means committee.\n2.\nThe director of the budget shall transmit to the state comptroller and the chairs of the senate \ufb01nance committee and assembly ways and means\ncommittee a quarterly report on new \ufb01nanced equipment acquisitions approved by the director of the budget during the previous quarter. The report\nshall identify the following:\na.\nThe agency and program procuring the equipment.\nb.\nA brief description of the equipment.\nc.\nThe cost of the equipment if purchased outright.\nd.\nThe interest rates and terms of such \ufb01nancing.\ne.\nThe total lease purchase or installment purchase payments for the equipment.\nf.\nThe lease purchase or installment purchase payments by \ufb01scal year for the current \ufb01scal year and the next \ufb01ve \ufb01scal years.\ng.\nThe anticipated source of funds to make lease purchase or installment purchase payments.\nSource: Section 166 \u2014 Requirements for financed equipment acquisition or financed creation or improvement of information technology systems\nand related researc..., https://www. nysenate. gov/legislation/laws/STF/166 (updated Sep. 22, 2014; accessed Apr. 19, 2025).\n160\nDe\ufb01nitions 161\nState procurement council 162\nPreferred sources 162\u2013A\nThe New York state buy American salt act 163\nPurchasing services and commodities 163\u2013A\nVendor preparation of speci\ufb01cations for technology procurements 163\u2013B\nEnvironmentally-sensitive cleaning and maintenance products 163\u2013C\nPurchase or lease of zero emission vehicles and charging or fueling infrastructure 163\u2013D\nDecarbonization plans for state-owned \ufb02eet vehicles 164\nExemptions 165\nPurchasing restrictions 165\u2013A\nIran divestment 166\nRequirements for \ufb01nanced equipment acquisition or \ufb01nanced creation or improvement of information technology systems and related researc... 167\nTransfer and disposal of personal property 168\nThe management of surplus computer equipment\nUp to date\nAccessed:\nApr. 19, 2025\nLast modified:\nSep. 22, 2014\n\u00a7 166\u2019s source at nysenate .gov\nLink Style\n Pragmatic\n Pedantic\nStay Connected\nJoin thousands of people who receive monthly site updates.\nSubscribe\n \n \n \nGet Legal Help\nThe New York State Bar Association runs a service for \ufb01nding an attorney in good standing. Initial consultations are usually free or discounted:\nLawyer Referral Service\nCommitted to Public Service\nWe will always provide free access to the current law. In addition, we provide special support for non-pro\ufb01t, educational, and government users.\nThrough social entre pre neurship, we\u2019re lowering the cost of legal services and increasing citizen access.\nNavigate\nFind a Lawyer\nBlog\nAbout Us\nContact Us\nReports\nSecondary Sources\nCalifornia: Codes\nColorado: C.R.S.\nNevada:\nNRS\nNew York: Laws\nOregon:\nOAR, ORS\nTexas:\nStatutes\nWorld:\nRome Statute, International Dictionary\nLocation: https://newyork.public.law/laws/n.y._state_finance_law_section_166\nOriginal Source: Section 166 \u2014 Requirements for \ufb01nanced equipment acquisition or \ufb01nanced creation or improvement of information technology\nsystems and related researc..., https://www. nysenate. gov/legislation/laws/STF/166 (last ac cessed Aug. 20, 2023).\nBlank Outline Levels\n\u00d7\nThe legislature occasionally skips outline levels. For example:\n(3) A person may apply [...]\n(4)(a) A person petitioning for relief [...]\nIn this example, (3), (4), and (4)(a) are all outline levels, but (4) was omitted by its authors. It's only implied. This presents an interesting challenge\nwhen laying out the text. We've decided to display a blank section with this note, in order to aide readability.\nTrust but verify. Here is the original source for section 166\nDo you have an opinion about this solution? Drop us a line.\nClose\n NewYork.Public.Law \nLaws of New York\nSearch\nRemove ads\nLogin\n1. \n2. Laws\n3. State Fin. Law\n4. Art. 11. State Purchasing\n5.",
  "metadata": {
    "site_url": "https://www.nysenate.gov/legislation/laws/STF/66-B",
    "code_title": "New York State Finance Law",
    "section_number": "\u00a7 66-B"
  }
}