{
  "text": "(Prevailing wage\nrequirements applicable to construction projects performed under private contract) shall also be exempted from this section; and\n(b)\nthe term \u201cparking facility\u201d shall mean a parking garage, parking structure, or open parking lot that is paved and striped to designate individual parking\nspaces for vehicles and which has \ufb01fty parking spaces or more.\n2.\nAny construction project undertaken in this state where the scope of such project includes the construction of a new parking facility that offers\nbetween \ufb01fty and two hundred parking spaces shall deliver a parking facility capable of supporting electric vehicle charging stations for a minimum of\nten percent of available parking spaces through one or more electrical raceways to the electric supply panel serving such parking facility that shall be\ncapable of providing a minimum of forty amperes and two hundred eight volts of electrical capacity to each charging station connected to the raceway.\nA common raceway may be used to serve multiple parking spaces. Each raceway shall terminate in close proximity to the parking spaces designated\nfor electric vehicles and into a suitable listed cabinet, box, or other enclosure. Each such raceway, cabinet, box and enclosure and all other components\nand work appurtenant thereto shall be in accordance with all applicable state, county, city, town, or village electrical codes.\n3.\nAny construction project undertaken in this state where the scope of such project includes the construction of a new parking facility that offers more\nthan two hundred parking spaces shall deliver a parking facility capable of supporting electric vehicle charging stations for a minimum of twenty\npercent of available parking spaces through one or more electrical raceways to the electric supply panel serving such parking facility that shall be\ncapable of providing a minimum of forty amperes and two hundred eight volts of electrical capacity to each charging station connected to the raceway.\nA common raceway may be used to serve multiple parking spaces. Each raceway shall terminate in close proximity to the parking spaces designated\nfor electric vehicles and into a suitable listed cabinet, box, or other enclosure. Each such raceway, cabinet, box, and enclosure and all other\ncomponents and work appurtenant thereto shall be in accordance with all applicable state, county, city, town, or village electrical codes.\n4.\nNothing in this section shall require the installation of electric vehicle charging stations or any other infrastructure in any parking facility except as\nprovided in subdivisions two and three of this section; provided that any construction projects undertaken pursuant to subdivisions two and three of\nthis section shall be subject to the provisions of section two hundred twenty-four-a of the labor law as applicable, provided, however, that any\ninstallation of electric vehicle charging stations or any other infrastructure shall comply with the provisions of article eight of the labor law, including\nthe payment of prevailing wage pursuant to Labor Law",
  "metadata": {
    "site_url": "https://www.nysenate.gov/legislation/laws/STF/224-A",
    "code_title": "New York State Finance Law",
    "section_number": "\u00a7 224-A"
  }
}