{
  "text": "N.Y. State Finance Law Section 219\nApplication procedure\n1.\nThe commissioner of economic development shall establish procedures and other requirements for participation in the program, and shall provide a\nsimpli\ufb01ed application form to the participating lenders for linked deposits. Such form shall re\ufb02ect the qualifying information required by this article\nfor eligible businesses and shall contain a statement by the applicant that inability to obtain the reduced interest rate provided by the program would\nimpede the ability of the applicant to undertake the eligible project. Upon completion of any application for a linked deposit, the lender shall send the\napplication, together with the interest rate certi\ufb01cation required pursuant to",
  "metadata": {
    "site_url": "https://www.nysenate.gov/legislation/laws/STF/219",
    "code_title": "New York State Finance Law",
    "section_number": "\u00a7 219"
  }
}