{
  "text": "N.Y. State Finance Law Section 54-G\nState assistance to local governments for support of activities related to \ufb01re prevention and\nbuilding codes\n1.\nBeginning in March, nineteen hundred eighty-two and annually thereafter, each city, village, and town shall receive from moneys appropriated by the\nstate in support of activities related to the administration and enforcement in the previous calendar year of \ufb01re prevention and building codes the sum\nof the amounts computed in paragraphs a and b below. \ue9cb\na.\nOne-half the amount appropriated multiplied by the proportion which the population of the city, village or town outside a village bears to the\npopulation of the state taken as a whole.\nb.\nOne-half the amount appropriated multiplied by the proportion which the full value of the city, village or town outside a village bears to the full value\nof the state taken as a whole. The amount otherwise payable to a local government under this subdivision shall be reduced by the amount of state aid\nto local governments for housing maintenance code enforcement payable to such local government in the same state \ufb01scal year under the provisions of",
  "metadata": {
    "site_url": "https://www.nysenate.gov/legislation/laws/STF/54-G",
    "code_title": "New York State Finance Law",
    "section_number": "\u00a7 54-G"
  }
}