{
  "text": "N.Y. State Finance Law Section 240\nApplication procedure\n1.\nThe corporation shall provide an application form to lenders for linked deposits. Such form shall re\ufb02ect the qualifying information as developed by the\ncommissioner of agriculture and markets for eligible borrowers involved in agricultural operations and as developed by the secretary of state for\neligible borrowers involved in residential and small business on-site wastewater treatment system projects. The lender shall forward the completed\napplication, its \ufb01nding that the borrower is creditworthy, and the interest rate certi\ufb01cation required pursuant to",
  "metadata": {
    "site_url": "https://www.nysenate.gov/legislation/laws/STF/240",
    "code_title": "New York State Finance Law",
    "section_number": "\u00a7 240"
  }
}