{
  "text": "N.Y. State Finance Law Section 139-E\nSecurity bonds\nmunicipal projects\nWhenever a security bond is posted by a successful bidder for the faithful performance of a municipal project, for which state aid is approved, the\nname and address of the bonding company or person issuing the security bond, the number of such bond, and such other information as may be\nrequired by the state department or agency responsible for supervising the aid program regarding the project, shall be transmitted to such department\nor agency, where it shall be reviewed to determine its authenticity prior to award of such contract. The original of such bond shall remain in the of\ufb01ce\nof the municipality. Upon request of such department or agency, the superintendent of \ufb01nancial services shall render such assistance as is necessary to\ndetermine the authenticity of the security bond. \ue9cb\nSource: Section 139-E \u2014 Security bonds; municipal projects, https://www. nysenate. gov/legislation/laws/STF/139-E (updated Sep. 22,\n2014; accessed Apr. 19, 2025).\n135\nSeparate speci\ufb01cations for contract work for the state 135\u2013A\nDe\ufb01nitions 136\nContracts in pursuance of appropriations 136\u2013A\nContracts for architectural, engineering, geological, landscape architecture and surveying services 136\u2013B\nSelection of underwriters by state agencies 136\u2013C\nContracts for employee training and organizational development services 136\u2013D\nContracts involving industrial painting and industrial coatings 136\u2013D*2\nContracts involving low embodied carbon concrete 137\nBond to secure payment of certain claims arising from a public improvement 138\nState contracts not to be assigned without consent 138\u2013A\nCommencement of actions on state public works contracts 139\nRetained percentages 139\u2013A\nGround for cancellation of contract by state 139\u2013B\nDisquali\ufb01cation to contract with state 139\u2013C\nRemoval of disquali\ufb01cation of public contractors by petition 139\u2013D\nStatement of non-collusion in bids to the state 139\u2013E\nSecurity bonds 139\u2013F\nPayment on public work projects 139\u2013G\nObligations to make contracts available to small and certi\ufb01ed women and minority-owned business concerns 139\u2013H\nParticipation in an international boycott prohibited 139\u2013I\nObligations with respect to procurement contracts with New York state and foreign business enterprises 139\u2013J\nRestrictions on contacts during the procurement process 139\u2013K\nDisclosure of contacts and responsibility of offerers 139\u2013L\nStatement on sexual harassment, in bids 140\nDisposition of deposit accompanying bid 141\nClaims against contractors 142\nWorkmen\u2019s compensation insurance on public works 143\nDeposits on plans and speci\ufb01cations for contracts for public work 144\nOpening and reading of bids for contracts for public work 145\nAcceptance of \ufb01nal payment under a state contract 146\nCertain construction contracts involving steel 147\nMentor-protege program 148\nCertain contracts involving personal protective equipment and medical supplies\nUp to date\nAccessed:\nApr. 19, 2025\nLast modified:\nSep. 22, 2014\n\u00a7 139-E\u2019s source at nysenate .gov\nLink Style\n Pragmatic\n Pedantic\nStay Connected\nJoin thousands of people who receive monthly site updates.\nSubscribe\n \n \n \nGet Legal Help\nThe New York State Bar Association runs a service for \ufb01nding an attorney in good standing. Initial consultations are usually free or discounted:\nLawyer Referral Service\nCommitted to Public Service\nWe will always provide free access to the current law. In addition, we provide special support for non-pro\ufb01t, educational, and government users.\nThrough social entre pre neurship, we\u2019re lowering the cost of legal services and increasing citizen access.\nNavigate\nFind a Lawyer\nBlog\nAbout Us\nContact Us\nReports\nSecondary Sources\nCalifornia: Codes\nColorado: C.R.S.\nNevada:\nNRS\nNew York: Laws\nOregon:\nOAR, ORS\nTexas:\nStatutes\nWorld:\nRome Statute, International Dictionary\nLocation: https://newyork.public.law/laws/n.y._state_finance_law_section_139-e\nOriginal Source: Section 139-E \u2014 Security bonds; municipal projects, https://www. nysenate. gov/legislation/laws/STF/139-E (last ac cessed\nAug. 20, 2023).\nBlank Outline Levels\n\u00d7\nThe legislature occasionally skips outline levels. For example:\n(3) A person may apply [...]\n(4)(a) A person petitioning for relief [...]\nIn this example, (3), (4), and (4)(a) are all outline levels, but (4) was omitted by its authors. It's only implied. This presents an interesting challenge\nwhen laying out the text. We've decided to display a blank section with this note, in order to aide readability.\nTrust but verify. Here is the original source for section 139-E\nDo you have an opinion about this solution? Drop us a line.\nClose\n NewYork.Public.Law \nLaws of New York\nSearch\nRemove ads\nLogin\n1. \n2. Laws\n3. State Fin. Law\n4. Art. 9. Contracts\n5.",
  "metadata": {
    "site_url": "https://www.nysenate.gov/legislation/laws/STF/139-E",
    "code_title": "New York State Finance Law",
    "section_number": "\u00a7 139-E"
  }
}