{
  "text": "N.Y. State Finance Law Section 57\nIssuance of state bonds\n1.\nWhenever the legislature, after authorization of a bond issue by the people at a general election, as provided by section eleven of article seven of the\nstate constitution, or as provided by section three of article eighteen of the state constitution, shall have authorized, by one or more laws, the creation\nof a state debt or debts, bonds of the state, to the amount of the debt or debts so authorized, shall be issued and sold by the state comptroller. Any\nappropriation from the proceeds of the sale of bonds, pursuant to this section, shall be deemed to be an authorization for the creation of a state debt or\ndebts to the extent of such appropriation. The state comptroller may issue and sell a single series of bonds pursuant to one or more such authorizations\nand for one or more duly authorized works or purposes. As part of the proceedings for each such issuance and sale of bonds, the state comptroller shall\ndesignate the works or purposes for which they are issued. It shall not be necessary for him to designate the works or purposes for which the bonds are\nissued on the face of the bonds. The proceeds from the sale of bonds for more than one work or purpose shall be separately accounted for according to\nthe works or purposes designated for such sale by the comptroller and the proceeds received for each work or purpose shall be expended only for such\nwork or purpose. The bonds shall bear interest at such rate or rates as in the judgment of the state comptroller may be suf\ufb01cient or necessary to effect a\nsale of the bonds, and such interest shall be payable at least semi-annually, in the case of bonds with a \ufb01xed interest rate, and at least annually, in the\ncase of bonds with an interest rate that varies periodically, in the city of New York unless annual payments of principal and interest result in\nsubstantially level or declining debt service payments over the life of an issue of bonds pursuant to paragraph (b) of subdivision two of this section or\nunless accrued interest is contributed to a sinking fund in accordance with subdivision three of section twelve of article seven of the state constitution,\nin which case interest shall be paid at such times and at such places as shall be determined by the state comptroller prior to issuance of the bonds. \ue9cb\n2.\nSuch bonds, or the portion thereof at any time issued, shall be made payable (a) in equal annual principal installments or (b) in annual installments of\nprincipal and interest which result in substantially level or declining debt service payments, over the life of the bonds, the \ufb01rst of which annual\ninstallments shall be payable not more than one year from the date of issue and the last of which shall be payable at such time as the comptroller may\ndetermine but not more than forty years or state \ufb01scal years after the date of issue, not more than \ufb01fty years after the date of issue in the case of\nhousing bonds, and not more than twenty-\ufb01ve years in the case of urban renewal bonds. Where bonds are payable pursuant to paragraph (b) of this\nsubdivision, except for the year or state \ufb01scal year of initial issuance if less than a full year of debt service is to become due in that year or state \ufb01scal\nyear, either (i) the greatest aggregate amount of debt service payable in any year or state \ufb01scal year shall not differ from the lowest aggregate amount\nof debt service payable in any other year or state \ufb01scal year by more than \ufb01ve percent or (ii) the aggregate amount of debt service in each year or state\n\ufb01scal year shall be less than the aggregate amount of debt service in the immediately preceding year or state \ufb01scal year. For purposes of this\nsubdivision, debt service shall include all principal, redemption price, sinking fund installments or contributions, and interest scheduled to become\ndue. For purposes of determining whether debt service is level or declining on bonds issued with a variable rate of interest pursuant to paragraph b of\nsubdivision four of this section, the comptroller shall assume a market rate of interest as of the date of issuance. Where the comptroller determines that\ninterest on any bonds shall be compounded and payable at maturity, such bonds shall be payable only in accordance with paragraph (b) of this\nsubdivision unless accrued interest is contributed to a sinking fund in accordance with subdivision three of section twelve of article seven of the state\nconstitution. In no case shall any bonds or portion thereof be issued for a period longer than the probable life of the work or purpose, or part thereof, to\nwhich the proceeds of the bonds are to be applied, or in the alternative, the weighted average period of the probable life of the works or purposes to\nwhich the proceeds of the bonds are to be applied taking into consideration the respective amounts of bonds issued for each work or purpose, as may\nbe determined under",
  "metadata": {
    "site_url": "https://www.nysenate.gov/legislation/laws/STF/57",
    "code_title": "New York State Finance Law",
    "section_number": "\u00a7 57"
  }
}