{
  "text": "N.Y. State Finance Law Section 191\nRemedies\n1.\nAny current or former employee, contractor, or agent of any private or public employer who is discharged, demoted, suspended, threatened, harassed\nor in any other manner discriminated against in the terms and conditions of employment, or otherwise harmed or penalized by an employer, or a\nprospective employer, because of lawful acts done by the employee, contractor, agent, or associated others in furtherance of an action brought under\nthis article or other efforts to stop one or more violations of this article, shall be entitled to all relief necessary to make the employee, contractor or\nagent whole. Such relief shall include but not be limited to:\n(a)\nan injunction to restrain continued discrimination; \ue9cb\n(b)\nhiring, contracting or reinstatement to the position such person would have had but for the discrimination or to an equivalent position;\n(c)\nreinstatement of full fringe bene\ufb01ts and seniority rights;\n(d)\npayment of two times back pay, plus interest; and\n(e)\ncompensation for any special damages sustained as a result of the discrimination, including litigation costs and reasonable attorneys\u2019 fees.\n2.\nFor purposes of this section, a \u201clawful act\u201d shall include, but not be limited to, obtaining or transmitting to the state, a local government, a qui tam\nplaintiff, or private counsel solely employed to investigate, potentially \ufb01le, or \ufb01le a cause of action under this article, documents, data,\ncorrespondence, electronic mail, or any other information, even though such act may violate a contract, employment term, or duty owed to the\nemployer or contractor, so long as the possession and transmission of such documents are for the sole purpose of furthering efforts to stop one or more\nviolations of this article. Nothing in this subdivision shall be interpreted to prevent any law enforcement authority from bringing a civil or criminal\naction against any person for violating any provision of law.\n3.\nAn employee, contractor or agent described in subdivision one of this section may bring an action in the appropriate supreme court for the relief\nprovided in this section.\nSource: Section 191 \u2014 Remedies, https://www. nysenate. gov/legislation/laws/STF/191 (updated Sep. 22, 2014; accessed Apr. 19, 2025).\n187\nShort title 188\nDe\ufb01nitions 189\nLiability for certain acts 190\nCivil actions for false claims 190\u2013A\nMonies recovered 190\u2013B\nMedicaid fraud recovery reporting 191\nRemedies 192\nLimitation of actions, burden of proof 193\nOther law enforcement authority and duties 194\nRegulations\nUp to date\nAccessed:\nApr. 19, 2025\nLast modified:\nSep. 22, 2014\n\u00a7 191\u2019s source at nysenate .gov\nLink Style\n Pragmatic\n Pedantic\nStay Connected\nJoin thousands of people who receive monthly site updates.\nSubscribe\n \n \n \nGet Legal Help\nThe New York State Bar Association runs a service for \ufb01nding an attorney in good standing. Initial consultations are usually free or discounted:\nLawyer Referral Service\nCommitted to Public Service\nWe will always provide free access to the current law. In addition, we provide special support for non-pro\ufb01t, educational, and government users.\nThrough social entre pre neurship, we\u2019re lowering the cost of legal services and increasing citizen access.\nNavigate\nFind a Lawyer\nBlog\nAbout Us\nContact Us\nReports\nSecondary Sources\nCalifornia: Codes\nColorado: C.R.S.\nNevada:\nNRS\nNew York: Laws\nOregon:\nOAR, ORS\nTexas:\nStatutes\nWorld:\nRome Statute, International Dictionary\nLocation: https://newyork.public.law/laws/n.y._state_finance_law_section_191\nOriginal Source: Section 191 \u2014 Remedies, https://www. nysenate. gov/legislation/laws/STF/191 (last ac cessed Aug. 20, 2023).\nBlank Outline Levels\n\u00d7\nThe legislature occasionally skips outline levels. For example:\n(3) A person may apply [...]\n(4)(a) A person petitioning for relief [...]\nIn this example, (3), (4), and (4)(a) are all outline levels, but (4) was omitted by its authors. It's only implied. This presents an interesting challenge\nwhen laying out the text. We've decided to display a blank section with this note, in order to aide readability.\nTrust but verify. Here is the original source for section 191\nDo you have an opinion about this solution? Drop us a line.\nClose\n NewYork.Public.Law \nLaws of New York\nSearch\nRemove ads\nLogin\n1. \n2. Laws\n3. State Fin. Law\n4. Art. 13. N.Y. False Claims Act\n5.",
  "metadata": {
    "site_url": "https://www.nysenate.gov/legislation/laws/STF/191",
    "code_title": "New York State Finance Law",
    "section_number": "\u00a7 191"
  }
}