{
  "text": "N.Y. State Finance Law Section 223\nPromotion of program\nThe department, through its regional of\ufb01ces and with the assistance of the department of \ufb01nancial services and other appropriate state agencies and\npublic bene\ufb01t corporations, shall actively market and promote awareness of the program in all geographical areas of the state among banks, banking\norganizations, manufacturing \ufb01rms, manufacturing organizations, and regional and local economic development agencies. In soliciting lenders to\nparticipate in the program, on or before April \ufb01rst, nineteen hundred ninety-six, the commissioner of economic development shall give priority to the\nsolicitation of lenders seeking to make linked loans in economic development regions in which fewer than ten linked loans have been made on or\nbefore April \ufb01rst, nineteen hundred ninety-\ufb01ve. Provided, however, that the granting of such priority shall in no way relieve the commissioner of\neconomic development of the duty and obligation to solicit lenders from all economic development regions of the state.\nSource: Section 223 \u2014 Promotion of program, https://www. nysenate. gov/legislation/laws/STF/223 (updated Sep. 22, 2014; accessed Apr.\n19, 2025).\n212\nShort title 213\nDe\ufb01nitions 214\nEstablishment and purpose 215\nResponsibilities of commissioner of economic development, comptroller, commissioner of taxation and \ufb01nance and superintendent of \ufb01nanci... 216\nTerm of program 217\nLinked loans 218\nInterest rate for linked loans 219\nApplication procedure 220\nRenewal of linked deposit 221\nLiability 222\nMonitoring and report 223\nPromotion of program 224\nRules and regulations\nUp to date\nAccessed:\nApr. 19, 2025\nLast modified:\nSep. 22, 2014\n\u00a7 223\u2019s source at nysenate .gov\nLink Style\n Pragmatic\n Pedantic\nStay Connected\nJoin thousands of people who receive monthly site updates.\nSubscribe\n \n \n \nGet Legal Help\nThe New York State Bar Association runs a service for \ufb01nding an attorney in good standing. Initial consultations are usually free or discounted:\nLawyer Referral Service\nCommitted to Public Service\nWe will always provide free access to the current law. In addition, we provide special support for non-pro\ufb01t, educational, and government users.\nThrough social entre pre neurship, we\u2019re lowering the cost of legal services and increasing citizen access.\nNavigate\nFind a Lawyer\nBlog\nAbout Us\nContact Us\nReports\nSecondary Sources\nCalifornia: Codes\nColorado: C.R.S.\nNevada:\nNRS\nNew York: Laws\nOregon:\nOAR, ORS\nTexas:\nStatutes\nWorld:\nRome Statute, International Dictionary\nLocation: https://newyork.public.law/laws/n.y._state_finance_law_section_223\nOriginal Source: Section 223 \u2014 Promotion of program, https://www. nysenate. gov/legislation/laws/STF/223 (last ac cessed Aug. 20, 2023).\nBlank Outline Levels\n\u00d7\nThe legislature occasionally skips outline levels. For example:\n(3) A person may apply [...]\n(4)(a) A person petitioning for relief [...]\nIn this example, (3), (4), and (4)(a) are all outline levels, but (4) was omitted by its authors. It's only implied. This presents an interesting challenge\nwhen laying out the text. We've decided to display a blank section with this note, in order to aide readability.\nTrust but verify. Here is the original source for section 223\nDo you have an opinion about this solution? Drop us a line.\nClose\n NewYork.Public.Law \nLaws of New York\nSearch\nRemove ads\nLogin\n1. \n2. Laws\n3. State Fin. Law\n4. Art. 15. Excelsior Linked Deposit Act\n5.",
  "metadata": {
    "site_url": "https://www.nysenate.gov/legislation/laws/STF/223",
    "code_title": "New York State Finance Law",
    "section_number": "\u00a7 223"
  }
}