{
  "text": "(Interest rate for linked loans), to the commissioner of economic\ndevelopment who shall either approve or reject the application within twenty-eight days. The commissioner of economic development shall evaluate\neach application based upon the following criteria:\n(a)\nthe signi\ufb01cance of the eligible project for improving the competitive position and pro\ufb01tability of the eligible business;\n(b)\nthe materiality of a reduced cost of borrowing through a linked loan to the ability of the eligible business to undertake the eligible project;\n(c)\nthe number of jobs likely to be created or retained, or other substantial economic bene\ufb01ts likely to be achieved as a result of the linked loan; and\n(d)\nsuch other criteria as the commissioner of economic development determines relevant.\n2.\nIf the deposit application is approved by the commissioner of economic development, the commissioner shall notify an authorized depositor that the\ncommissioner has determined that the application satis\ufb01es the requirements of this article, and the commissioner shall request the authorized depositor\nto deposit funds with the lender in accordance with",
  "metadata": {
    "site_url": "https://www.nysenate.gov/legislation/laws/STF/218",
    "code_title": "New York State Finance Law",
    "section_number": "\u00a7 218"
  }
}