{
  "text": "(Advance payments);\nprovided, however, that if the contract is not fully executed at the end of the period covered by such advance payment, the not-for-pro\ufb01t organization\nmay be eligible for interest payments in respect of services performed after such period.\n6.\nShould the attorney general or the comptroller disapprove a contract or renewal contract, the provisions of this section shall not be applicable.\n7.\na. If the timeframes for processing a contract are met and the state agency is liable for interest due to a retroactive contract start date, the state agency\nand the not-for-pro\ufb01t organization may mutually agree to waive any interest owed to the not-for-pro\ufb01t organization under the provisions of this article.\nWaiver of interest shall not be a prerequisite to execution of such contract. If interest is so waived, the state agency shall immediately provide the\nof\ufb01ce of the state comptroller, division of the budget and the not-for-pro\ufb01t organization with the written waiver of interest agreement signed by the\nnot-for-pro\ufb01t organization and documentation (i) showing that the applicable timeframes set forth in section one hundred seventy-nine-s or one\nhundred seventy-nine-t of this article have been met, and\n(ii)\nexplaining the reason for a retroactive contract start date.\nb.\nNot more than twenty days after the receipt of such written waiver of interest agreement and required documentation, the comptroller shall determine\nwhether the waiver of interest is warranted. The comptroller shall thereupon inform such state agency, the division of the budget, and such not-for-\npro\ufb01t organization of such determination. If such determination concludes that a waiver of interest is unwarranted, such state agency shall then\nimmediately submit for the comptroller\u2019s approval a voucher requesting the payment of interest to such not-for-pro\ufb01t organization as required by this\nsection. If such voucher is not received within thirty days after the comptroller\u2019s determination, the comptroller shall assess the amount of unpaid\ninterest in the manner prescribed by this section.\nSource: Section 179-V \u2014 Interest payments, https://www. nysenate. gov/legislation/laws/STF/179-V (updated Sep. 22, 2014; accessed Apr.\n19, 2025).\n179\u2013AA\nAdvisory committee 179\u2013BB\nReports 179\u2013CC\nJudicial review 179\u2013DD\nSeverability 179\u2013EE\nOther provisions for contracts and appropriations 179\u2013Q\nDe\ufb01nitions 179\u2013R\nProgram plan submission 179\u2013S\nTime frames for the implementation of new programs and the execution of new contracts 179\u2013T\nTime frames for the execution of renewal contracts 179\u2013U\nAdvance payments 179\u2013V\nInterest payments 179\u2013W\nNoti\ufb01cation and suspension 179\u2013X\nFederal funds 179\u2013Y\nDuties of the comptroller 179\u2013Z\nNot-for-pro\ufb01t short-term revolving loans\nUp to date\nAccessed:\nApr. 19, 2025\nLast modified:\nSep. 22, 2014\n\u00a7 179-V\u2019s source at nysenate .gov\nLink Style\n Pragmatic\n Pedantic\nStay Connected\nJoin thousands of people who receive monthly site updates.\nSubscribe\n \n \n \nGet Legal Help\nThe New York State Bar Association runs a service for \ufb01nding an attorney in good standing. Initial consultations are usually free or discounted:\nLawyer Referral Service\nCommitted to Public Service\nWe will always provide free access to the current law. In addition, we provide special support for non-pro\ufb01t, educational, and government users.\nThrough social entre pre neurship, we\u2019re lowering the cost of legal services and increasing citizen access.\nNavigate\nFind a Lawyer\nBlog\nAbout Us\nContact Us\nReports\nSecondary Sources\nCalifornia: Codes\nColorado: C.R.S.\nNevada:\nNRS\nNew York: Laws\nOregon:\nOAR, ORS\nTexas:\nStatutes\nWorld:\nRome Statute, International Dictionary\nLocation: https://newyork.public.law/laws/n.y._state_finance_law_section_179-v\nOriginal Source: Section 179-V \u2014 Interest payments, https://www. nysenate. gov/legislation/laws/STF/179-V (last ac cessed Aug. 20, 2023).\nBlank Outline Levels\n\u00d7\nThe legislature occasionally skips outline levels. For example:\n(3) A person may apply [...]\n(4)(a) A person petitioning for relief [...]\nIn this example, (3), (4), and (4)(a) are all outline levels, but (4) was omitted by its authors. It's only implied. This presents an interesting challenge\nwhen laying out the text. We've decided to display a blank section with this note, in order to aide readability.\nTrust but verify. Here is the original source for section 179-V\nDo you have an opinion about this solution? Drop us a line.\nClose\n NewYork.Public.Law \nLaws of New York\nSearch\nRemove ads\nLogin\n1. \n2. Laws\n3. State Fin. Law\n4. Art. 11-B. Prompt Contracting & Interest Payments For Not-for-pro\ufb01t Orgs.\n5.",
  "metadata": {
    "site_url": "https://www.nysenate.gov/legislation/laws/STF/179-U",
    "code_title": "New York State Finance Law",
    "section_number": "\u00a7 179-U"
  }
}