{
  "text": "N.Y. State Finance Law Section 137\nBond to secure payment of certain claims arising from a public improvement\nenforcement\n1.\nIn addition to other bond or bonds, if any, required by law for the completion of a work speci\ufb01ed in a contract for the prosecution of a public\nimprovement for the state of New York a municipal corporation, a public bene\ufb01t corporation or a commission appointed pursuant to law, or in the\nabsence of any such requirement, the comptroller may or the other appropriate of\ufb01cial, respectively, shall nevertheless require prior to the approval of\nany such contract a bond guaranteeing prompt payment of moneys due to all persons furnishing labor or materials to the contractor or any\nsubcontractors in the prosecution of the work provided for in such contract. Whenever a municipal corporation issues a permit subject to compliance\nwith Labor Law",
  "metadata": {
    "site_url": "https://www.nysenate.gov/legislation/laws/STF/137",
    "code_title": "New York State Finance Law",
    "section_number": "\u00a7 137"
  }
}