{
  "text": "(Creation of the court facilities capital review board).\n2.\n(a) (i) In addition to the assistance payable pursuant to subdivisions one and one-a of this section, the state shall apportion and pay during each state\n\ufb01scal year commencing on or after April \ufb01rst, nineteen hundred eighty-eight, but not later than April \ufb01rst, nineteen hundred ninety-nine, assistance to\neach political subdivision speci\ufb01ed in paragraph (a) of subdivision two of Judiciary Law",
  "metadata": {
    "site_url": "https://www.nysenate.gov/legislation/laws/STF/1680-C",
    "code_title": "New York State Finance Law",
    "section_number": "\u00a7 1680-C"
  }
}