{
  "text": "(Banking\ndevelopment districts). Subject to an agreement between such body or of\ufb01cer and such bank, trust company or national bank located in a banking\ndevelopment district, any such deposits made by the state or any of its public authorities or public bene\ufb01t corporations may earn a \ufb01xed interest rate\nwhich is at or below such banking institution\u2019s posted two year certi\ufb01cate of deposit rate.\nSource: Section 105 \u2014 Deposits in banks, https://www. nysenate. gov/legislation/laws/STF/105 (updated May 12, 2023; accessed Apr. 19,\n2025).\n100\nPublic accounts to be kept in dollars, dimes and cents 101\nChecks and accounts 102\nAmounts of unpaid checks, drafts or debit cards to be paid into abandoned property fund 103\nState papers and securities 104\nExamination and inventory of state securities 105\nDeposits in banks 106\nDeposit of moneys by state of\ufb01cers, state institutions and charitable and benevolent institutions 106\u2013A\nPublic funds on deposit 107\nMonthly statement of balances in state depositories 108\nApplication of federal moneys to expense of the audit and disbursement thereof 109\nProofs required upon audit by the comptroller 109\u2013A\nAlternative proofs authorized for audit by the comptroller 110\nCerti\ufb01cation or approval of accounts and vouchers 111\nPayment and refund of state moneys except upon audit by comptroller prohibited 112\nAccounting systems 113\nItemized accounts of public of\ufb01cers 114\nInspection of supplies 115\nCash advance accounts 116\nRendition of accounts 117\nStatements of accounts not rendered 118\nStatements of accounts rendered 119\nStatement of joint accounts 120\nOther remedies preserved 121\nPayments to state treasurer 122\nTransmission of public moneys 122\u2013A\nIndependent audit of annual \ufb01nancial statements\nUp to date\nAccessed:\nApr. 19, 2025\nLast modified:\nMay 12, 2023\n\u00a7 105\u2019s source at nysenate .gov\nLink Style\n Pragmatic\n Pedantic\nStay Connected\nJoin thousands of people who receive monthly site updates.\nSubscribe\n \n \n \nGet Legal Help\nThe New York State Bar Association runs a service for \ufb01nding an attorney in good standing. Initial consultations are usually free or discounted:\nLawyer Referral Service\nCommitted to Public Service\nWe will always provide free access to the current law. In addition, we provide special support for non-pro\ufb01t, educational, and government users.\nThrough social entre pre neurship, we\u2019re lowering the cost of legal services and increasing citizen access.\nNavigate\nFind a Lawyer\nBlog\nAbout Us\nContact Us\nReports\nSecondary Sources\nCalifornia: Codes\nColorado: C.R.S.\nNevada:\nNRS\nNew York: Laws\nOregon:\nOAR, ORS\nTexas:\nStatutes\nWorld:\nRome Statute, International Dictionary\nLocation: https://newyork.public.law/laws/n.y._state_finance_law_section_105\nOriginal Source: Section 105 \u2014 Deposits in banks, https://www. nysenate. gov/legislation/laws/STF/105 (last ac cessed Aug. 20, 2023).\nBlank Outline Levels\n\u00d7\nThe legislature occasionally skips outline levels. For example:\n(3) A person may apply [...]\n(4)(a) A person petitioning for relief [...]\nIn this example, (3), (4), and (4)(a) are all outline levels, but (4) was omitted by its authors. It's only implied. This presents an interesting challenge\nwhen laying out the text. We've decided to display a blank section with this note, in order to aide readability.\nTrust but verify. Here is the original source for section 105\nDo you have an opinion about this solution? Drop us a line.\nClose\n NewYork.Public.Law \nLaws of New York\nSearch\nRemove ads\nLogin\n1. \n2. Laws\n3. State Fin. Law\n4. Art. 7. Accounts & Audits\n5.",
  "metadata": {
    "site_url": "https://www.nysenate.gov/legislation/laws/STF/96-D",
    "code_title": "New York State Finance Law",
    "section_number": "\u00a7 96-D"
  }
}