{
  "text": "N.Y. State Finance Law Section 14-B\nCapital projects and maintenance statements\nThe head of each state agency shall furnish the governor, at the time and in the form he requires but in no event later than December \ufb01rst of each year,\na statement for which plans prepared to meet other existing statutory requirements may be accepted as a partial or complete substitute as determined\nby the director of the budget, copies of which shall forthwith be furnished to the chairman of the senate \ufb01nance committee and the chairman of the\nassembly ways and means committee, setting forth:\na.\na detailed schedule by fund, of all capital projects recommended to be undertaken or continued in any of the next \ufb01ve \ufb01scal years, which shall provide\nthe following information for each capital project:\n(1)\na description of the project in less than thirty words, (2) the estimated total cost of the project and, if appropriate, the useful life of the project, (3) the\ntotal of all disbursements for the project made prior to the then current \ufb01scal year, (4) the total amount of disbursements for the project recommended\nto be made during the current \ufb01scal year, and during each of the next ensuing \ufb01ve \ufb01scal years, provided however that (i) the information required by\nthis paragraph may be provided for groupings of projects in those cases where the director of the budget determines it cannot be provided on a project\nby project basis, (5) the estimated date of project completion, and\n(6)\nthe amount of the total project costs for which the state or state agency will be contractually obligated as of the close of the then current \ufb01scal year;\nb.\nsummaries of the following:\n(1)\nthe agency\u2019s proposed capital and maintenance activities, goals and objectives, including explanations of any changes to the goals and objectives\nresulting from new program initiatives, completion of prior program initiatives, or mandated legislative changes, (2) the agency\u2019s proposed new and\nanticipated future capital appropriations by capital projects funds and by comprehensive construction programs, (3) the agency\u2019s appropriations and\nreappropriations as currently enacted by capital projects funds and by comprehensive construction programs, (4) agency\u2019s projected capital\nconstruction contract commitments and a comparison with previous commitment plans, (5) the agency\u2019s total estimated disbursements, by capital\nprojects funds and comprehensive construction programs, from existing and proposed new and future appropriations, a discussion of the assumptions\nunderlying such estimated disbursements, and an explanation of the annual increase and/or decrease in such estimated disbursements, (6)\nrecommendations for \ufb01nancing the capital programs inclusive of pay-as-you-go \ufb01nancing, general fund revenues, special revenues such as user\ncharges and federal grants, existing debt authorization and new debt authorization, and an explanation of the relative advantages of the methods\nproposed over the alternative;\nc.\nfor the purposes of the subdivision, capital projects of less than \ufb01fty thousand dollars may be grouped into appropriate categories; and\nd.\na \ufb01ve-year scheduled maintenance plan for the agency\u2019s capital assets prepared in accordance with",
  "metadata": {
    "site_url": "https://www.nysenate.gov/legislation/laws/STF/14-B",
    "code_title": "New York State Finance Law",
    "section_number": "\u00a7 14-B"
  }
}