{
  "text": "N.Y. State Finance Law Section 194\nRegulations\nThe attorney general is authorized to adopt such rules and regulations as is necessary to effectuate the purposes of this article.\nSource: Section 194 \u2014 Regulations, https://www. nysenate. gov/legislation/laws/STF/194 (updated Sep. 22, 2014; accessed Apr. 19, 2025).\n187\nShort title 188\nDe\ufb01nitions 189\nLiability for certain acts 190\nCivil actions for false claims 190\u2013A\nMonies recovered 190\u2013B\nMedicaid fraud recovery reporting 191\nRemedies 192\nLimitation of actions, burden of proof 193\nOther law enforcement authority and duties 194\nRegulations\nUp to date\nAccessed:\nApr. 19, 2025\nLast modified:\nSep. 22, 2014\n\u00a7 194\u2019s source at nysenate .gov\nLink Style\n Pragmatic\n Pedantic\nStay Connected\nJoin thousands of people who receive monthly site updates.\nSubscribe\n \n \n \nGet Legal Help\nThe New York State Bar Association runs a service for \ufb01nding an attorney in good standing. Initial consultations are usually free or discounted:\nLawyer Referral Service\nCommitted to Public Service\nWe will always provide free access to the current law. In addition, we provide special support for non-pro\ufb01t, educational, and government users.\nThrough social entre pre neurship, we\u2019re lowering the cost of legal services and increasing citizen access.\nNavigate\nFind a Lawyer\nBlog\nAbout Us\nContact Us\nReports\nSecondary Sources\nCalifornia: Codes\nColorado: C.R.S.\nNevada:\nNRS\nNew York: Laws\nOregon:\nOAR, ORS\nTexas:\nStatutes\nWorld:\nRome Statute, International Dictionary\nLocation: https://newyork.public.law/laws/n.y._state_finance_law_section_194\nOriginal Source: Section 194 \u2014 Regulations, https://www. nysenate. gov/legislation/laws/STF/194 (last ac cessed Aug. 20, 2023).\nBlank Outline Levels\n\u00d7\nThe legislature occasionally skips outline levels. For example:\n(3) A person may apply [...]\n(4)(a) A person petitioning for relief [...]\nIn this example, (3), (4), and (4)(a) are all outline levels, but (4) was omitted by its authors. It's only implied. This presents an interesting challenge\nwhen laying out the text. We've decided to display a blank section with this note, in order to aide readability.\nTrust but verify. Here is the original source for section 194\nDo you have an opinion about this solution? Drop us a line.\nClose\n NewYork.Public.Law \nLaws of New York\nSearch\nRemove ads\nLogin\n1. \n2. Laws\n3. State Fin. Law\n4. Art. 14. Salaries & Emp. Bene\ufb01ts\n5.",
  "metadata": {
    "site_url": "https://www.nysenate.gov/legislation/laws/STF/194",
    "code_title": "New York State Finance Law",
    "section_number": "\u00a7 194"
  }
}