{
  "text": "N.Y. State Finance Law Section 82\nGifts to food banks fund\n1.\nThere is hereby established in the sole custody of the commissioner of taxation and \ufb01nance a special fund to be known as the \u201cgifts to food banks\nfund\u201d. Monies in the fund shall be kept separate from and not commingled with other funds held in the sole custody of the commissioner of taxation\nand \ufb01nance.\n2.\nSuch fund shall consist of all revenues received by the department of taxation and \ufb01nance pursuant to the provisions of Tax Law",
  "metadata": {
    "site_url": "https://www.nysenate.gov/legislation/laws/STF/82",
    "code_title": "New York State Finance Law",
    "section_number": "\u00a7 82"
  }
}