{
  "text": "(Additional de\ufb01nitions), within each function. For the \ufb01scal year beginning in nineteen\nhundred ninety-three, such summary shall be presented within ten days of the budget submission for the general fund, special revenue funds-other,\ncapital projects funds and debt service funds. For the \ufb01scal year beginning in nineteen hundred ninety-four, such summary shall be presented with the\nbudget for the general fund and within ten days of the budget submission for special revenue funds-other, capital projects funds and debt service\nfunds. For \ufb01scal years beginning in nineteen hundred ninety-\ufb01ve and thereafter, such summary shall be presented with the budget.\n10.\nInclude a statement showing projected disbursement for the current \ufb01scal year and proposed disbursements for the ensuing \ufb01scal year by agency and\nbill and fund type. For the \ufb01scal year beginning in nineteen hundred ninety-three, such statement shall be presented within ten days of the budget\nsubmission for the general fund, special revenue funds-other, capital projects funds and debt service funds. For the \ufb01scal year beginning in nineteen\nhundred ninety-four, such summary shall be presented with the budget for the general fund and within ten days of the budget submission for special\nrevenue funds-other, capital projects funds and debt service funds. For \ufb01scal years beginning in nineteen hundred ninety-\ufb01ve and thereafter, such\nsummary shall be presented with the budget.\n11.\nWithin ten days following the submission of the \ufb01nancial plans presented in accordance with subdivisions one and two of this section, the director of\nthe budget shall submit to the chairs of the senate \ufb01nance committee and the assembly ways and means committee for the prior, the current and next\nensuing \ufb01scal years detailed schedules by agency for the general fund showing proposed appropriations in the state operations and aid to localities\nbudget bills with disbursements to be made against such appropriations, as well as disbursements to be made against any existing appropriations.\n12.\na. With respect to any proposed appropriations for the purpose of remedying state agency violations or past problems of the environmental\nconservation law or regulations adopted thereunder within the proposed budget submitted annually by the governor to the legislature shall, set forth\nthe amount recommended to remedy each functional category of violation. A priority criterion to be considered in determining such recommended\nappropriations shall be the ranking of such violations and past problems as determined by the agency pursuant to paragraph b of subdivision one of\nEnvironmental Conservation Law \u00a7 3-0311 (Municipal noti\ufb01cation of environmental violations), with any reordering of rankings as determined by the\ndepartment of environmental conservation. Amounts appropriated shall be disbursed for remediation of the violation or problem only after review and\ndetermination by the department of environmental conservation of the adequacy of the remedial plan pursuant to paragraph g of subdivision three of\nEnvironmental Conservation Law \u00a7 3-0311 (Municipal noti\ufb01cation of environmental violations).\nb.\nWithin thirty days following the submission of the budget by the governor for each \ufb01scal year, beginning with the nineteen hundred ninety-three--\nninety-four \ufb01scal year, the director of the budget shall transmit to the chairs of the senate \ufb01nance committee and the assembly ways and means\ncommittee a report which includes project speci\ufb01c information for proposed appropriations for the purposes of remedying state agency environmental\nviolations or problems, as identi\ufb01ed pursuant to Environmental Conservation Law \u00a7 3-0311 (Municipal noti\ufb01cation of environmental violations),\ncontained within such submitted budget.\n13.\nInclude a summary \ufb01nancial plan for all research institutes which shall set forth:\na.\nestimates of all revenues and all expenses for the current and succeeding \ufb01scal years, along with the actual results from the prior \ufb01scal year; and\nb.\nany agreement whereby any state agency will provide \ufb01nancial support or any other assistance to cover any operating loss for such research\ninstitute.\n14.\na. With respect to information technology projects, dependent on funding in the executive budget, involving one or more contracts projected to total\nten million dollars or more, within thirty days following the submission of the budget by the governor for each \ufb01scal year, beginning with the two\nthousand eight--two thousand nine \ufb01scal year, the director of the budget shall transmit to the chairs of the senate \ufb01nance committee and the assembly\nways and means committee a report which shall set forth the following: (1) project summary describing the project purpose, proposed approach, key\nmilestones, current status and timetable; (2) the proposed method of procurement, including whether the project will, in whole or in part, utilize a\ncentralized contract or a sole-source contract; and (3) the proposed funding source, \ufb01nancing method and estimated costs by \ufb01scal year.\nb.\nInformation provided pursuant to paragraph a of this subdivision may not be disclosed to any party other than a governmental entity as de\ufb01ned in",
  "metadata": {
    "site_url": "https://www.nysenate.gov/legislation/laws/STF/2-A",
    "code_title": "New York State Finance Law",
    "section_number": "\u00a7 2-A"
  }
}