{
  "text": "N.Y. State Finance Law Section 61\nProbable life of certain works or purposes of state debt\nIn compliance with section twelve of article seven of the state constitution, it is hereby determined that the probable life of each of the following\ndescribed types of buildings, structures, improvements, acquisitions or purposes, as a work or purpose, or part of a work or purpose, for which a state\ndebt shall be contracted pursuant to such article of the constitution, is determined to be as follows: BUILDINGS AND APPURTENANCES 1. Thirty\nyears. Class A buildings. Buildings, the walls of which are constructed of brick, stone, concrete, metal or other incombustible material, and in which\nthere are no wood beams or lintels, and in which the \ufb02oors, roofs, stair halls, and other means of vertical communication between \ufb02oors and their\nenclosures are built entirely of brick, stone, metal or other incombustible materials, and in which no woodwork or other in\ufb02ammable material is used\nin any of the rough partition, \ufb02oor or ceiling structures. \ue9cb\n2.\nTwenty years. Class B buildings. Buildings, the outer walls of which are constructed of brick, stone, concrete, metal, stucco or other \ufb01re-resisting\nmaterial, including a building which is rebuilt or altered so that it, together with additions or vertical or other extensions or replacements, are \ufb01re-\nresisting.\n3.\nFifteen years. Class C buildings. Buildings that are neither class A nor class B as de\ufb01ned in subdivisions one and two, including any such building\nwhich is rebuilt or altered so that any addition or vertical or other extension is not \ufb01re-proof or \ufb01re-resisting, as thus de\ufb01ned.\n4.\nFifteen years. Plumbing, heating, lighting, power, water supply, refrigeration, sewerage or drainage plants or systems, or two or more of them whether\nwithin or in connection with a building above described, or otherwise, except that where the proceeds of a bond issue are to be expended for any such\nsystem or plant and also for the construction of a building in or in connection with which the system or plant shall be constructed, the probable life of\nboth, as an entirety, is the same as the probable life of the building as above determined. STATE HIGHWAYS, PARKWAYS, ARTERIAL\nHIGHWAYS, STATE AND FEDERALLY-AIDED HIGHWAY AND HIGHWAY- TRANSPORTATION PROJECTS, ROADS AND STREETS 5.\n(a)\nTwenty years. Construction or reconstruction of state highways, state parkways, state arterial highways in cities, other state and federally-aided\nhighway and highway-transportation projects and related facilities and structures.\n(b)\nTen years. Improvement, including but not limited to reconditioning and preservation, including critical structural repairs, of state highways and\nparkways, state arterial highways in cities, and bridges thereon; local streets and highways off the state highway system, and bridges thereon; other\nstate, state-aided and/or federally-aided highway and highway-transportation projects and related facilities and structures; construction, reconstruction\nor improvement of a road, street or trail, whether without or within state parks, whether or not including contemporaneous construction of sidewalks,\ncurbs, gutters or drains, and whether or not including grading, if the surface is laid on a solid foundation, or is of concrete; commuter parking\nfacilities; highway and bridge projects undertaken by localities pursuant to subdivision four of Highway Law",
  "metadata": {
    "site_url": "https://www.nysenate.gov/legislation/laws/STF/61",
    "code_title": "New York State Finance Law",
    "section_number": "\u00a7 61"
  }
}