{
  "text": "N.Y. State Finance Law Section 68-B\nIssuance of bonds and notes\n1.\n(a) Authorized issuers shall have the power and are hereby authorized from time to time to issue revenue bonds, in such principal amount or amounts,\nsubject to subdivision eight of this section and as the director of the budget shall determine to be necessary, to provide suf\ufb01cient funds for authorized\npurposes, the establishment of reserves to secure such revenue bonds, the payment of amounts required under revenue bonds or agreements relating\nthereto, and the payment of all costs of issuance of their revenue bonds. \ue9cb\n(b)\nThe authorized issuers shall have the power and are hereby authorized from time to time to issue (i) revenue bonds to renew notes, (ii) revenue bonds\nto pay notes, and\n(iii)\nwhenever it deems refunding expedient, to refund any bonds, notes, or other obligations issued for an authorized purpose or purposes, by the issuance\nof new revenue bonds, including bonds, notes, or other obligations that were issued prior to the enactment of this article, whether the bonds, notes, or\nother obligations to be refunded have or have not matured, and to issue revenue bonds in part to refund bonds, notes, or other obligations then\noutstanding and in part for any of its other authorized purposes. The refunding revenue bonds may be exchanged for bonds, notes, or other obligations\nto be refunded, or sold and the proceeds applied to the purchase, redemption or payment of such bonds, notes, or other obligations.\n(c)\nExcept as may otherwise be expressly provided by an authorized issuer, every issue of revenue bonds of an authorized issuer pursuant to this section\nshall be special obligations of the authorized issuer payable solely out of any revenues paid over to such authorized issuer from the revenue bond tax\nfund, established pursuant to",
  "metadata": {
    "site_url": "https://www.nysenate.gov/legislation/laws/STF/68-B",
    "code_title": "New York State Finance Law",
    "section_number": "\u00a7 68-B"
  }
}