{
  "text": "(General powers), shall be executed or become effective, such contract shall \ufb01rst be approved by the\ncomptroller and \ufb01led in his or her of\ufb01ce. Provided, however, that the comptroller shall make a \ufb01nal written determination with respect to approval of\nsuch contract within seventy-\ufb01ve days of the submission of such contract to his or her of\ufb01ce unless the comptroller shall notify, in writing, the state\nagency, department, board, of\ufb01cer, commission, or institution, prior to the expiration of the seventy-\ufb01ve day period, and for good cause, of the need\nfor an extension of not more than \ufb01fteen days, or a reasonable period of time agreed to by such state agency, department, board, of\ufb01cer, commission,\nor institution and provided, further, that such written determination or extension shall be made part of the procurement record pursuant to paragraph f\nof subdivision one of",
  "metadata": {
    "site_url": "https://www.nysenate.gov/legislation/laws/STF/6275",
    "code_title": "New York State Finance Law",
    "section_number": "\u00a7 6275"
  }
}