{
  "text": "N.Y. State Finance Law Section 78-B\nNew York higher education loan program \ufb01xed rate default reserve fund\n1.\nThere is hereby created and established in the sole custody of the state comptroller a special fund to be known as the New York higher education loan\nprogram \ufb01xed rate default reserve fund which shall be for the exclusive bene\ufb01t of the holders of \ufb01xed rate education loans originated pursuant to the\nNew York higher education loan program codi\ufb01ed in part V of article fourteen of the education law, other than \ufb01xed rate education loans described in\nsubdivision six of Public Authorities Law",
  "metadata": {
    "site_url": "https://www.nysenate.gov/legislation/laws/STF/78-B",
    "code_title": "New York State Finance Law",
    "section_number": "\u00a7 78-B"
  }
}