{
  "text": "(Credit needs of local communities). D. In lieu of a security\nbond as prescribed under subdivision A of this section or other security as prescribed under subdivision B of this section, the comptroller may\nauthorize a designated bank or trust company to arrange for the redeposit of the moneys through a deposit placement program that meets all of the\nfollowing conditions:\n(1)\nThe designated bank or trust company arranges for the redeposit of the moneys into deposit accounts with one or more banking institutions, as de\ufb01ned\nin Banking Law",
  "metadata": {
    "site_url": "https://www.nysenate.gov/legislation/laws/STF/28-B",
    "code_title": "New York State Finance Law",
    "section_number": "\u00a7 28-B"
  }
}