{
  "text": "(Duties of commissioner of education);\n(vi)\nany quali\ufb01ed non-pro\ufb01t-making agency for the blind approved by the commissioner of the of\ufb01ce of children and family services or the of\ufb01ce of\ntemporary and disability assistance;\n(vii)\nany quali\ufb01ed charitable non-pro\ufb01t-making agency for the severely disabled approved by the commissioner of education;\n(viii)\nany hospital or residential health care facility as de\ufb01ned in Public Health Law",
  "metadata": {
    "site_url": "https://www.nysenate.gov/legislation/laws/STF/4201",
    "code_title": "New York State Finance Law",
    "section_number": "\u00a7 4201"
  }
}