{
  "text": "N.Y. State Finance Law Section 10\nCompromise of old judgments and debts\nThe attorney-general and comptroller, or either of them, may acknowledge satisfaction of a judgment in favor of the people of the state when the same\nis settled or discharged. The comptroller, with the approval of the attorney-general, may compromise, settle, release and discharge any judgment or\ncontract debt not in judgment in favor of the state, after the lapse of ten years since the recovery of the judgment, or since the debt became due, on\nsuch terms as the comptroller and attorney-general deem for the best interest of the state.\nSource: Section 10 \u2014 Compromise of old judgments and debts, https://www. nysenate. gov/legislation/laws/STF/10 (updated Sep. 22,\n2014; accessed Apr. 19, 2025).\n2\nDe\ufb01nitions 2\u2013A\nAdditional de\ufb01nitions 3\nFiscal year 4\nPayments, transfers and deposits 4\u2013A\nElectronic value transfer program 5\nDeferred compensation 7\nDuties of department of taxation and \ufb01nance 8\nDuties of the comptroller 8\u2013A\nDeviations from generally accepted accounting principles 8\u2013B\nAdditional duties of the comptroller 8\u2013C\nEnterprise fraud prevention and detection system 9\nSubpoenas 10\nCompromise of old judgments and debts 11\nGifts, devises and bequests 12\nAnnual reports to legislature by institutions entitled to receive money from state 13\nBoards of visitors 14\nDepartmental statements 14\u2013A\nTax audit reporting system 14\u2013B\nCapital projects and maintenance statements 15\nFees to be charged for certain documents 16\nRate of interest on judgments and accrued claims against the state 17\nReports on \ufb01nanced equipment acquisitions 18\nInterest and collection fees assessed on debts owed to the state 19\nReturned check charge 19\u2013A\nParking facilities\nUp to date\nAccessed:\nApr. 19, 2025\nLast modified:\nSep. 22, 2014\n\u00a7 10\u2019s source at nysenate .gov\nLink Style\n Pragmatic\n Pedantic\nStay Connected\nJoin thousands of people who receive monthly site updates.\nSubscribe\n \n \n \nGet Legal Help\nThe New York State Bar Association runs a service for \ufb01nding an attorney in good standing. Initial consultations are usually free or discounted:\nLawyer Referral Service\nCommitted to Public Service\nWe will always provide free access to the current law. In addition, we provide special support for non-pro\ufb01t, educational, and government users.\nThrough social entre pre neurship, we\u2019re lowering the cost of legal services and increasing citizen access.\nNavigate\nFind a Lawyer\nBlog\nAbout Us\nContact Us\nReports\nSecondary Sources\nCalifornia: Codes\nColorado: C.R.S.\nNevada:\nNRS\nNew York: Laws\nOregon:\nOAR, ORS\nTexas:\nStatutes\nWorld:\nRome Statute, International Dictionary\nLocation: https://newyork.public.law/laws/n.y._state_finance_law_section_10\nOriginal Source: Section 10 \u2014 Compromise of old judgments and debts, https://www. nysenate. gov/legislation/laws/STF/10 (last ac cessed\nAug. 20, 2023).\nBlank Outline Levels\n\u00d7\nThe legislature occasionally skips outline levels. For example:\n(3) A person may apply [...]\n(4)(a) A person petitioning for relief [...]\nIn this example, (3), (4), and (4)(a) are all outline levels, but (4) was omitted by its authors. It's only implied. This presents an interesting challenge\nwhen laying out the text. We've decided to display a blank section with this note, in order to aide readability.\nTrust but verify. Here is the original source for section 10\nDo you have an opinion about this solution? Drop us a line.\nClose\n NewYork.Public.Law \nLaws of New York\nSearch\nRemove ads\nLogin\n1. \n2. Laws\n3. State Fin. Law\n4. Art. 2. Gen. Fiscal Provisions\n5.",
  "metadata": {
    "site_url": "https://www.nysenate.gov/legislation/laws/STF/10",
    "code_title": "New York State Finance Law",
    "section_number": "\u00a7 10"
  }
}