{
  "text": "N.Y. State Finance Law Section 123-F\nTermination of action\nNo action brought pursuant to this article shall be compromised, discontinued or dismissed by consent, default, or neglect to prosecute, except with\napproval of the court.\nSource: Section 123-F \u2014 Termination of action, https://www. nysenate. gov/legislation/laws/STF/123-F (updated Sep. 22, 2014; accessed\nApr. 19, 2025).\n123\nLegislative purpose 123\u2013A\nDe\ufb01nitions 123\u2013B\nAction for declaratory and equitable relief 123\u2013C\nPleadings and procedure 123\u2013D\nSecurity for costs 123\u2013E\nRelief by the court 123\u2013F\nTermination of action 123\u2013G\nCosts and fees 123\u2013I\nExisting rights and remedies preserved 123\u2013J\nSeparability\nUp to date\nAccessed:\nApr. 19, 2025\nLast modified:\nSep. 22, 2014\n\u00a7 123-F\u2019s source at nysenate .gov\nLink Style\n Pragmatic\n Pedantic\nStay Connected\nJoin thousands of people who receive monthly site updates.\nSubscribe\n \n \n \nGet Legal Help\nThe New York State Bar Association runs a service for \ufb01nding an attorney in good standing. Initial consultations are usually free or discounted:\nLawyer Referral Service\nCommitted to Public Service\nWe will always provide free access to the current law. In addition, we provide special support for non-pro\ufb01t, educational, and government users.\nThrough social entre pre neurship, we\u2019re lowering the cost of legal services and increasing citizen access.\nNavigate\nFind a Lawyer\nBlog\nAbout Us\nContact Us\nReports\nSecondary Sources\nCalifornia: Codes\nColorado: C.R.S.\nNevada:\nNRS\nNew York: Laws\nOregon:\nOAR, ORS\nTexas:\nStatutes\nWorld:\nRome Statute, International Dictionary\nLocation: https://newyork.public.law/laws/n.y._state_finance_law_section_123-f\nOriginal Source: Section 123-F \u2014 Termination of action, https://www. nysenate. gov/legislation/laws/STF/123-F (last ac cessed Aug. 20, 2023).\nBlank Outline Levels\n\u00d7\nThe legislature occasionally skips outline levels. For example:\n(3) A person may apply [...]\n(4)(a) A person petitioning for relief [...]\nIn this example, (3), (4), and (4)(a) are all outline levels, but (4) was omitted by its authors. It's only implied. This presents an interesting challenge\nwhen laying out the text. We've decided to display a blank section with this note, in order to aide readability.\nTrust but verify. Here is the original source for section 123-F\nDo you have an opinion about this solution? Drop us a line.\nClose\n NewYork.Public.Law \nLaws of New York\nSearch\nRemove ads\nLogin\n1. \n2. Laws\n3. State Fin. Law\n4. Art. 7-A. Citizen-taxpayer Actions\n5.",
  "metadata": {
    "site_url": "https://www.nysenate.gov/legislation/laws/STF/123-F",
    "code_title": "New York State Finance Law",
    "section_number": "\u00a7 123-F"
  }
}