{
  "text": "N.Y. State Finance Law Section 220\nRenewal of linked deposit\nA lender may, on behalf of a borrower, apply to the commissioner of economic development to request a renewal of the linked deposit for an\nadditional four year period to correspond with a second four year period of a borrower\u2019s linked loan. The commissioner may grant such application if\nthe commissioner determines that the borrower, during the second four year period of the linked loan, will create additional industrial modernization\nbene\ufb01ts or additional export trade bene\ufb01ts or additional jobs. If the commissioner of economic development grants such application, the commissioner\nshall notify the authorized depositor who made the linked deposit that the commissioner has determined that the application satis\ufb01es the requirements\nof this article and shall request the authorized depositor to continue the linked deposit with the lender for an additional four year period in accordance\nwith",
  "metadata": {
    "site_url": "https://www.nysenate.gov/legislation/laws/STF/220",
    "code_title": "New York State Finance Law",
    "section_number": "\u00a7 220"
  }
}