{
  "text": "(De\ufb01nitions), included in the rentals or other payments required to be made during such state \ufb01scal year under each such lease, sublease\nor other agreement with the dormitory authority and the interest on such notes and bonds included in the rentals or other payments required to be made\nduring each of the state \ufb01scal years commencing prior to April \ufb01rst, nineteen hundred eighty-eight under each such lease, sublease or other agreement\nwith the dormitory authority and (b) a percentage of the interest on notes or bonds issued by such political subdivision after July \ufb01rst, nineteen\nhundred seventy-seven in connection with facilities for the transaction of business by the uni\ufb01ed court system, to be paid during such state \ufb01scal year\nand the interest on such notes and bonds paid by such political subdivision during each of the state \ufb01scal years commencing prior to April \ufb01rst,\nnineteen hundred eighty-eight. The percentage of such interest shall be determined as follows: \ue9cb\n(i)\nif the taxing capacity of the political subdivision is not more than eighty-\ufb01ve percent of the average taxing capacity, thirty-three percent;\n(ii)\nif the taxing capacity of the political subdivision is more than eighty-\ufb01ve percent and not more than ninety-one percent of the average taxing capacity,\nthirty-one percent;\n(iii)\nif the taxing capacity of the political subdivision is more than ninety-one percent and not more than ninety-nine percent of the average taxing capacity,\ntwenty-nine percent;\n(iv)\nif the taxing capacity of the political subdivision is more than ninety-nine percent and not more than one hundred seven percent of the average taxing\ncapacity, twenty-seven percent;\n(v)\nif the taxing capacity of the political subdivision is more than one hundred seven percent and not more than one hundred \ufb01fteen percent of the average\ntaxing capacity, twenty-six percent; and\n(vi)\nif the taxing capacity of the political subdivision is more than one hundred \ufb01fteen percent of the average taxing capacity, twenty-\ufb01ve percent.\nNotwithstanding the foregoing, in the event the dormitory authority enters into an interest rate exchange agreement or similar agreement pursuant to\nsections sixteen hundred eighty-b and twenty-nine hundred twenty-six of the public authorities law with respect to \ufb01xed rate bonds, the amount of\nstate assistance payable in accordance with this subdivision on an annual basis shall not exceed the amount that would have been payable without\ngiving effect to such interest rate exchange agreement or similar agreement; provided further, that no payments payable on account of an interest rate\nexchange agreement or similar agreement, other than the periodic \ufb02oating rate payments to be made by or for the political subdivision resulting in a\nreduction in the amount of interests payable by the political subdivision to the dormitory authority on account of the bonds or notes issued by such\nauthority, shall be aidable for purposes of state assistance payable pursuant to this subdivision. 1-a. (a) Where a political subdivision speci\ufb01ed in\nparagraph (a) of subdivision two of Judiciary Law",
  "metadata": {
    "site_url": "https://www.nysenate.gov/legislation/laws/STF/1676",
    "code_title": "New York State Finance Law",
    "section_number": "\u00a7 1676"
  }
}