{
  "text": "N.Y. State Finance Law Section 156\nSurplus moneys on sale of lands mortgaged to the state\nIf real property mortgaged to the state, or purchased for the bene\ufb01t of the state, or for which a certi\ufb01cate has been given to a former purchaser, is sold\nby the comptroller or the commissioner of general services for a greater sum than the amount due to the state, with the costs and expenses of the\nforeclosure or resale, the surplus moneys received after a conveyance has been executed to the purchaser, shall be paid to the person legally entitled to\nsuch real property at the time of the foreclosure or of the forfeiture of the original contract. On the sale of such real property by the comptroller or the\ncommissioner of general services, the comptroller shall give credit to the mortgagor on his bond or to the original purchaser on his contract, for the\namount at which such property has been sold, after deducting therefrom all the costs, charges and expenses of the sale. If interfering claims to such\nsurplus moneys be made, they shall be referred by the comptroller to the attorney-general, whose decision as to the rights of the respective claimants\nshall be \ufb01nal and conclusive as to any claim against the state. The comptroller shall not pay any moneys authorized by this section to be refunded,\nexcept on satisfactory proof, by af\ufb01davit or otherwise, of the legal right of the person in whose favor such warrant is applied for. \ue9cb\nSource: Section 156 \u2014 Surplus moneys on sale of lands mortgaged to the state, https://www. nysenate. gov/legislation/laws/STF/156\n(updated Sep. 22, 2014; accessed Apr. 19, 2025).\n150\nForeclosure of mortgages by the state 151\nWhen comptroller shall bid in premises 152\nConditions of sale 153\nSale in parcels 154\nSeparate accounts for lands purchased or mortgaged 155\nDischarge and cancellation of mortgages by the state 156\nSurplus moneys on sale of lands mortgaged to the state 157\nRelease of part of mortgaged premises 158\nPower of comptroller to maintain actions 159\nAssignments of mortgages\nUp to date\nAccessed:\nApr. 19, 2025\nLast modified:\nSep. 22, 2014\n\u00a7 156\u2019s source at nysenate .gov\nLink Style\n Pragmatic\n Pedantic\nStay Connected\nJoin thousands of people who receive monthly site updates.\nSubscribe\n \n \n \nGet Legal Help\nThe New York State Bar Association runs a service for \ufb01nding an attorney in good standing. Initial consultations are usually free or discounted:\nLawyer Referral Service\nCommitted to Public Service\nWe will always provide free access to the current law. In addition, we provide special support for non-pro\ufb01t, educational, and government users.\nThrough social entre pre neurship, we\u2019re lowering the cost of legal services and increasing citizen access.\nNavigate\nFind a Lawyer\nBlog\nAbout Us\nContact Us\nReports\nSecondary Sources\nCalifornia: Codes\nColorado: C.R.S.\nNevada:\nNRS\nNew York: Laws\nOregon:\nOAR, ORS\nTexas:\nStatutes\nWorld:\nRome Statute, International Dictionary\nLocation: https://newyork.public.law/laws/n.y._state_finance_law_section_156\nOriginal Source: Section 156 \u2014 Surplus moneys on sale of lands mortgaged to the state, https://www. nysenate. gov/legislation/laws/STF/156\n(last ac cessed Aug. 20, 2023).\nBlank Outline Levels\n\u00d7\nThe legislature occasionally skips outline levels. For example:\n(3) A person may apply [...]\n(4)(a) A person petitioning for relief [...]\nIn this example, (3), (4), and (4)(a) are all outline levels, but (4) was omitted by its authors. It's only implied. This presents an interesting challenge\nwhen laying out the text. We've decided to display a blank section with this note, in order to aide readability.\nTrust but verify. Here is the original source for section 156\nDo you have an opinion about this solution? Drop us a line.\nClose\n NewYork.Public.Law \nLaws of New York\nSearch\nRemove ads\nLogin\n1. \n2. Laws\n3. State Fin. Law\n4. Art. 10. Mortgages\n5.",
  "metadata": {
    "site_url": "https://www.nysenate.gov/legislation/laws/STF/156",
    "code_title": "New York State Finance Law",
    "section_number": "\u00a7 156"
  }
}