{
  "text": "(Industrial and utility\nservice account) to any not-for-pro\ufb01t organization in receipt of a written directive from a state agency. The state comptroller may provide such a loan\nto a not-for-pro\ufb01t organization upon receipt of a written agreement providing reasonable assurances of repayment that is satisfactory to the\ncomptroller. Such loan shall not bear interest and repayment of such loan may be prorated over the term of the expected or renewal contract, provided\nthe term of the loan does not exceed one year. The amount of each such loan shall not exceed one-half of the \ufb01rst quarter payment of the subject\ncontract.\n2.\nThe state comptroller shall only make loans after \ufb01nding that the not-for-pro\ufb01t organization has a written directive from a state agency and cannot\nprovide or continue to provide services without a loan from the not-for-pro\ufb01t short-term revolving loan fund.\n3.\nThe state comptroller shall promulgate rules and regulations within ninety days of the enactment date of this act for the operation of the not-for-pro\ufb01t\nshort-term revolving loan fund which shall include, but not be limited to, the criteria to be used in determining not-for-pro\ufb01t organizations eligible for\nassistance; a procedure and any necessary information that not-for-pro\ufb01t organizations need to submit applications for a loan from the not-for-pro\ufb01t\nshort-term revolving loan fund; a schedule for reviewing such applications, not to exceed thirty days, and noti\ufb01cation to an applicant of approval or\ndisapproval of such application for interim funding, and any other requirements deemed necessary by the state comptroller.\n4.\nAny not-for-pro\ufb01t organization receiving a loan from the not-for-pro\ufb01t short-term revolving loan fund shall be ineligible to receive interest from a\nstate agency, notwithstanding the provisions of",
  "metadata": {
    "site_url": "https://www.nysenate.gov/legislation/laws/STF/97-JJ",
    "code_title": "New York State Finance Law",
    "section_number": "\u00a7 97-JJ"
  }
}