{
  "text": "(Personal service upon the state). Any complaint \ufb01led in a court of the state of\nNew York shall be \ufb01led in supreme court in camera, shall remain under seal for at least sixty days, and shall not be served on the defendant until the\ncourt so orders. The seal shall not preclude the attorney general, a local government, or the qui tam plaintiff from serving the complaint, any other\npleadings, or the written disclosure of substantially all material evidence and information possessed by the person bringing the action, on relevant state\nor local government agencies, or on law enforcement authorities of the state, a local government, or other jurisdictions, so that the actions may be\ninvestigated or prosecuted, except that such seal applies to the agencies or authorities so served to the same extent as the seal applies to other parties in\nthe action. If the allegations in the complaint allege a violation of",
  "metadata": {
    "site_url": "https://www.nysenate.gov/legislation/laws/STF/307",
    "code_title": "New York State Finance Law",
    "section_number": "\u00a7 307"
  }
}