{
  "text": "N.Y. State Finance Law Section 216\nTerm of program\n1.\nThe program shall exist for a term which expires on the date this article expires pursuant to chapter seven hundred \ufb01ve of the laws of nineteen hundred\nninety-three which added this article. Linked loans may be made only during the term of the program and linked deposits shall mature no later than\nfour years after the expiration of the term of the program.\n2.\nThe authorized depositor may permit funds released from a linked deposit relating to a linked loan to be made available for additional linked deposits\nunder this program. \ue9cb\nSource: Section 216 \u2014 Term of program, https://www. nysenate. gov/legislation/laws/STF/216 (updated Sep. 22, 2014; accessed Apr. 19,\n2025).\n212\nShort title 213\nDe\ufb01nitions 214\nEstablishment and purpose 215\nResponsibilities of commissioner of economic development, comptroller, commissioner of taxation and \ufb01nance and superintendent of \ufb01nanci... 216\nTerm of program 217\nLinked loans 218\nInterest rate for linked loans 219\nApplication procedure 220\nRenewal of linked deposit 221\nLiability 222\nMonitoring and report 223\nPromotion of program 224\nRules and regulations\nUp to date\nAccessed:\nApr. 19, 2025\nLast modified:\nSep. 22, 2014\n\u00a7 216\u2019s source at nysenate .gov\nLink Style\n Pragmatic\n Pedantic\nStay Connected\nJoin thousands of people who receive monthly site updates.\nSubscribe\n \n \n \nGet Legal Help\nThe New York State Bar Association runs a service for \ufb01nding an attorney in good standing. Initial consultations are usually free or discounted:\nLawyer Referral Service\nCommitted to Public Service\nWe will always provide free access to the current law. In addition, we provide special support for non-pro\ufb01t, educational, and government users.\nThrough social entre pre neurship, we\u2019re lowering the cost of legal services and increasing citizen access.\nNavigate\nFind a Lawyer\nBlog\nAbout Us\nContact Us\nReports\nSecondary Sources\nCalifornia: Codes\nColorado: C.R.S.\nNevada:\nNRS\nNew York: Laws\nOregon:\nOAR, ORS\nTexas:\nStatutes\nWorld:\nRome Statute, International Dictionary\nLocation: https://newyork.public.law/laws/n.y._state_finance_law_section_216\nOriginal Source: Section 216 \u2014 Term of program, https://www. nysenate. gov/legislation/laws/STF/216 (last ac cessed Aug. 20, 2023).\nBlank Outline Levels\n\u00d7\nThe legislature occasionally skips outline levels. For example:\n(3) A person may apply [...]\n(4)(a) A person petitioning for relief [...]\nIn this example, (3), (4), and (4)(a) are all outline levels, but (4) was omitted by its authors. It's only implied. This presents an interesting challenge\nwhen laying out the text. We've decided to display a blank section with this note, in order to aide readability.\nTrust but verify. Here is the original source for section 216\nDo you have an opinion about this solution? Drop us a line.\nClose\n NewYork.Public.Law \nLaws of New York\nSearch\nRemove ads\nLogin\n1. \n2. Laws\n3. State Fin. Law\n4. Art. 15. Excelsior Linked Deposit Act\n5.",
  "metadata": {
    "site_url": "https://www.nysenate.gov/legislation/laws/STF/216",
    "code_title": "New York State Finance Law",
    "section_number": "\u00a7 216"
  }
}