{
  "text": "N.Y. State Finance Law Section 72\nGeneral fund\n1.\nNotwithstanding any provision of law to the contrary, the general fund of this state shall be de\ufb01ned and maintained in accordance with the provisions\nof this section and shall account for all \ufb01nancial resources of the state except those required to be accounted for in other funds as de\ufb01ned in this\nchapter. \ue9cb\n2.\n(a) There shall be within the general fund a separate account which shall be designated and known as the local assistance account and shall re\ufb02ect all\nexpenditures made for local assistance.\n(b)\nThere shall be within the general fund a separate account which shall be designated and known as the state purposes account and shall re\ufb02ect all\nexpenditures made for state purposes.\n3.\nNotwithstanding any inconsistent provision of subdivision \ufb01ve of",
  "metadata": {
    "site_url": "https://www.nysenate.gov/legislation/laws/STF/72",
    "code_title": "New York State Finance Law",
    "section_number": "\u00a7 72"
  }
}