{
  "text": "(Municipal assistance state aid fund); (vi) Any amounts to be refunded to the general fund of the state of New York pursuant to the\nannual appropriation enacted for the municipal assistance state aid fund; (vii) To the state of New York municipal bond bank agency to the extent\nprovided by Public Authorities Law",
  "metadata": {
    "site_url": "https://www.nysenate.gov/legislation/laws/STF/92-E",
    "code_title": "New York State Finance Law",
    "section_number": "\u00a7 92-E"
  }
}