{
  "text": "N.Y. State Finance Law Section 66-J\nAnnual report\nOn or before February \ufb01fteenth of each \ufb01scal year, beginning with the nineteen hundred eighty-eight--eighty-nine \ufb01scal year and ending with the\nnineteen hundred ninety-seven--ninety-eight \ufb01scal year, and on or before February \ufb01fteenth and June \ufb01fteenth of each \ufb01scal year, beginning with the\nnineteen hundred ninety-eight--ninety-nine \ufb01scal year, the state comptroller shall submit an annual report to the director of the budget and the chairs of\nthe senate \ufb01nance committee and the assembly ways and means committee regarding the issuance of certi\ufb01cates of participation issued under this\narticle. Such report shall include a summary statement of the aggregate amount of certi\ufb01cates of participation issued under this article. Such report\nshall also include, but not be limited to, speci\ufb01c detail pertaining to each issuance, including the state department, agency, or unit of the state\nuniversity or city university of New York which entered into lease or installment purchases funded through the use of certi\ufb01cates of participation,\nincluding each issuance for the legislature or the judiciary, the amounts, purposes, and \ufb01nancing terms and payment schedule of each issuance, as well\nas any other matter which the comptroller deems advisable. \ue9cb\nSource: Section 66-J \u2014 Annual report, https://www. nysenate. gov/legislation/laws/STF/66-J (updated Sep. 22, 2014; accessed Apr. 19,\n2025).\n66\u2013A\nRestriction on issuance of certi\ufb01cates of participation 66\u2013B\nIssuance of certi\ufb01cates of participation 66\u2013C\nCerti\ufb01cates of participation not debt 66\u2013D\nAnnual ceiling on certi\ufb01cates of participation 66\u2013E\nRestrictions on the use of certi\ufb01cates of participation for real property 66\u2013F\nCertain interagency transfers authorized 66\u2013G\nIndemni\ufb01cation 66\u2013H\nRestriction on sale in the event of nonappropriation 66\u2013J\nAnnual report 66\u2013K\nCerti\ufb01cates of participation 66\u2013L\nCerti\ufb01cates of participation executed and delivered by the state of New York bond bank agency on behalf of a political subdivision\nUp to date\nAccessed:\nApr. 19, 2025\nLast modified:\nSep. 22, 2014\n\u00a7 66-J\u2019s source at nysenate .gov\nLink Style\n Pragmatic\n Pedantic\nStay Connected\nJoin thousands of people who receive monthly site updates.\nSubscribe\n \n \n \nGet Legal Help\nThe New York State Bar Association runs a service for \ufb01nding an attorney in good standing. Initial consultations are usually free or discounted:\nLawyer Referral Service\nCommitted to Public Service\nWe will always provide free access to the current law. In addition, we provide special support for non-pro\ufb01t, educational, and government users.\nThrough social entre pre neurship, we\u2019re lowering the cost of legal services and increasing citizen access.\nNavigate\nFind a Lawyer\nBlog\nAbout Us\nContact Us\nReports\nSecondary Sources\nCalifornia: Codes\nColorado: C.R.S.\nNevada:\nNRS\nNew York: Laws\nOregon:\nOAR, ORS\nTexas:\nStatutes\nWorld:\nRome Statute, International Dictionary\nLocation: https://newyork.public.law/laws/n.y._state_finance_law_section_66-j\nOriginal Source: Section 66-J \u2014 Annual report, https://www. nysenate. gov/legislation/laws/STF/66-J (last ac cessed Aug. 20, 2023).\nBlank Outline Levels\n\u00d7\nThe legislature occasionally skips outline levels. For example:\n(3) A person may apply [...]\n(4)(a) A person petitioning for relief [...]\nIn this example, (3), (4), and (4)(a) are all outline levels, but (4) was omitted by its authors. It's only implied. This presents an interesting challenge\nwhen laying out the text. We've decided to display a blank section with this note, in order to aide readability.\nTrust but verify. Here is the original source for section 66-J\nDo you have an opinion about this solution? Drop us a line.\nClose\n NewYork.Public.Law \nLaws of New York\nSearch\nRemove ads\nLogin\n1. \n2. Laws\n3. State Fin. Law\n4. Art. 5-A. Certi\ufb01cates of Participation\n5.",
  "metadata": {
    "site_url": "https://www.nysenate.gov/legislation/laws/STF/66-J",
    "code_title": "New York State Finance Law",
    "section_number": "\u00a7 66-J"
  }
}