{
  "text": "N.Y. State Finance Law Section 70\nClassi\ufb01cation of funds\n1.\nThe comptroller shall establish the necessary fund types required to comply with generally accepted accounting principles. When the establishment or\nelimination of a fund type would be required to implement a change in generally accepted accounting principles, the comptroller shall designate an\neffective date for the establishment or elimination of the fund type to coincide with the date of implementation of new accounting principles.\n2.\nThe comptroller shall classify each fund, not classi\ufb01ed by law, into a fund type for \ufb01nancial reporting purposes, provided that the classi\ufb01cation of\nfunds established by the comptroller shall conform with generally accepted accounting principles, except insofar as the comptroller may choose to\ndeviate from generally accepted accounting principles pursuant to",
  "metadata": {
    "site_url": "https://www.nysenate.gov/legislation/laws/STF/70",
    "code_title": "New York State Finance Law",
    "section_number": "\u00a7 70"
  }
}