{
  "text": "N.Y. State Finance Law Section 40-A\nRepayment of advances\n1.\nNotwithstanding any inconsistent provision of this chapter or of any other general, special or local law, every appropriation of state funds hereafter\nmade as an advance to or on behalf of any agency, authority, fund or corporation continued or created by the public authorities law or by any other act\nor law shall be identi\ufb01ed as an advance, and shall provide that in any event, and notwithstanding a repayment schedule, the unpaid balance of any\nmoneys appropriated as an advance shall be repaid to the state out of the proceeds of the \ufb01rst bonds issued by such agency, authority, fund or\ncorporation subsequent to the effective date of such appropriation. \ue9cb\n2.\nNo part of any appropriation made as an advance pursuant to this section shall be available for expenditure until a written repayment agreement is\nentered into by the agency, authority, fund or corporation to which the appropriation is made and the director of the budget. Each and every such\nrepayment agreement shall include a repayment schedule which states the date or dates on which the amount of each part or all of the appropriation\nmade as an advance shall be repaid to the state and meets such other terms and conditions as determined by the director of the budget. A copy of each\nsuch executed repayment agreement shall be \ufb01led with the chairman of the senate \ufb01nance committee, the chairman of the assembly ways and means\ncommittee, and the comptroller.\n3.\nThe state comptroller shall at the commencement of each month certify to the director of the budget, the chairman of the senate \ufb01nance committee and\nthe chairman of the assembly ways and means committee, and the chief executive of\ufb01cer of the agency, authority, fund or corporation to which the\nappropriation is made the amounts expended from such appropriation for the month preceding such certi\ufb01cation.\n4.\nRepayment of amounts expended from appropriations as advances by the state shall be received by the state comptroller and deposited in the treasury.\nSuch repayment shall, in total, be suf\ufb01cient to fully reimburse the state for the advances.\nSource: Section 40-A \u2014 Repayment of advances, https://www. nysenate. gov/legislation/laws/STF/40-A (updated Sep. 22, 2014; accessed\nApr. 19, 2025).\n40\nPeriod for which appropriations made 40\u2013A\nRepayment of advances 41\nIndebtedness not to be contracted without appropriation 42\nLimitation on expenditures 43\nSpeci\ufb01c appropriations limited as to use 43\u2013A\nPayment of judgments of the court of claims in certain cases arising out of the appropriation of property by the state 44\nAppropriations for personal service 47\nSubstitute employees 48\nTravel expenses for of\ufb01cers and employees 49\nSegregation of lump sum appropriations 50\nTransfers of appropriations 51\nInterchange of appropriations or items therein 52\nClassi\ufb01cation of expenditures 53\nSpecial emergency appropriations 53\u2013A\nFiling of notices of applications for state participation in certain federal programs 53\u2013B\nAuthorization of applications for state participation in certain grant or contract supported programs 53\u2013C\nReport on \ufb01nancial support of research institutes 53\u2013D\nEstimates of \ufb01scal impact\nUp to date\nAccessed:\nApr. 19, 2025\nLast modified:\nSep. 22, 2014\n\u00a7 40-A\u2019s source at nysenate .gov\nLink Style\n Pragmatic\n Pedantic\nStay Connected\nJoin thousands of people who receive monthly site updates.\nSubscribe\n \n \n \nGet Legal Help\nThe New York State Bar Association runs a service for \ufb01nding an attorney in good standing. Initial consultations are usually free or discounted:\nLawyer Referral Service\nCommitted to Public Service\nWe will always provide free access to the current law. In addition, we provide special support for non-pro\ufb01t, educational, and government users.\nThrough social entre pre neurship, we\u2019re lowering the cost of legal services and increasing citizen access.\nNavigate\nFind a Lawyer\nBlog\nAbout Us\nContact Us\nReports\nSecondary Sources\nCalifornia: Codes\nColorado: C.R.S.\nNevada:\nNRS\nNew York: Laws\nOregon:\nOAR, ORS\nTexas:\nStatutes\nWorld:\nRome Statute, International Dictionary\nLocation: https://newyork.public.law/laws/n.y._state_finance_law_section_40-a\nOriginal Source: Section 40-A \u2014 Repayment of advances, https://www. nysenate. gov/legislation/laws/STF/40-A (last ac cessed Aug. 20, 2023).\nBlank Outline Levels\n\u00d7\nThe legislature occasionally skips outline levels. For example:\n(3) A person may apply [...]\n(4)(a) A person petitioning for relief [...]\nIn this example, (3), (4), and (4)(a) are all outline levels, but (4) was omitted by its authors. It's only implied. This presents an interesting challenge\nwhen laying out the text. We've decided to display a blank section with this note, in order to aide readability.\nTrust but verify. Here is the original source for section 40-A\nDo you have an opinion about this solution? Drop us a line.\nClose\n NewYork.Public.Law \nLaws of New York\nSearch\nRemove ads\nLogin\n1. \n2. Laws\n3. State Fin. Law\n4. Art. 4. Appropriations\n5.",
  "metadata": {
    "site_url": "https://www.nysenate.gov/legislation/laws/STF/40-A",
    "code_title": "New York State Finance Law",
    "section_number": "\u00a7 40-A"
  }
}