{
  "text": "N.Y. State Finance Law Section 53\nSpecial emergency appropriations\n1.\nIf, for any \ufb01scal year, the legislature enacts a special emergency appropriation, no money shall be paid pursuant to any such appropriation unless an\namount of such appropriation which is equal to the amount to be paid shall have been transferred as authorized by the governor who may authorize the\ntransfer of all or a portion of such a special emergency appropriation only in accordance with the procedures and subject to the conditions and\nlimitations set forth in this section. \ue9cb\n2.\nThe governor may authorize the transfer of all or a portion of such a special emergency appropriation to the general fund or to a fund classi\ufb01ed as a\nspecial revenue or capital projects fund as de\ufb01ned in",
  "metadata": {
    "site_url": "https://www.nysenate.gov/legislation/laws/STF/53",
    "code_title": "New York State Finance Law",
    "section_number": "\u00a7 53"
  }
}