{
  "text": "N.Y. State Finance Law Section 4-A\nElectronic value transfer program\n1.\nDe\ufb01nitions. As used in this section the following terms shall have the following meanings:\na.\n\u201cElectronic value transfer device\u201d means a credit card, debit card, charge card, electronic fund transfer or other electronic value transfer mechanism\napproved by the electronic value transfer administrator.\nb.\n\u201cDevice issuer\u201d means an issuer of an electronic value transfer device.\nc.\n\u201cElectronic value transfer\u201d means any transfer of funds which is initiated directly or indirectly by the use of an electronic value transfer device so as to\norder, instruct or authorize a \ufb01nancing agency, device issuer or processor to initiate a transaction in any manner which results in a payment to a state\nagency.\nd.\n\u201cElectronic value transfer administrator\u201d means a state agency designated by the governor to administer electronic value transfer programs which shall\nhave the authority, duties, and responsibilities granted pursuant to this section.\ne.\n\u201cFinancing agency\u201d means any agency de\ufb01ned as such in subdivision eighteen of Personal Property Law",
  "metadata": {
    "site_url": "https://www.nysenate.gov/legislation/laws/STF/4-A",
    "code_title": "New York State Finance Law",
    "section_number": "\u00a7 4-A"
  }
}