{
  "text": "(Per capita state aid for the support of local government). \ue9cb\n2.\nTo the extent that any county, city or village from which moneys shall have been withheld as provided by this section shall, in the next succeeding\n\ufb01scal year of such county, city or village, levy or cause to be levied taxes upon real property to an amount less than the amount permitted under or\npursuant to the provisions of section ten of article eight of the constitution of this state, such withheld local assistance may be paid to such county, city\nor village, to the extent of such decrease, provided, however, that not more than the amount withheld may be so paid. The state comptroller shall make\nand \ufb01le his determination certifying the amount of such moneys so withheld to which the county, city or village may be entitled under the provisions\nof this subdivision. To the extent that such withheld moneys are not paid to such county, city or village as herein provided, they shall be retained in the\ngeneral fund of the state treasury to the credit of the local assistance fund therein, and such county, city or village shall have no further claim to the\npayment thereof.\n3.\nThe chief \ufb01scal of\ufb01cer of each county, city or village shall, not less than ten days prior to the adoption of its budget, \ufb01le with the state comptroller on\nforms to be furnished by him, a statement showing the amount which such county, city or village may raise by tax on real estate under the provisions\nof sections ten and eleven of article eight of the constitution of this state and the estimated amount of tax on real estate proposed to be levied on\naccount of such budget, and such chief \ufb01scal of\ufb01cer shall also within thirty days after the adoption of such budget, \ufb01le with the state comptroller a\ncerti\ufb01ed copy of such budget, the amount of its tax levy upon real estate on account of such budget, and such other information as the state\ncomptroller may require. Failure to comply with the provisions of this subdivision shall not invalidate a tax levied by any such county, city or\nvillage.\nSource: Section 54-A \u2014 Withholding of payment of local assistance by the state to counties, cities and villages, in certain cases, https://www. \u2010\nnysenate. gov/legislation/laws/STF/54-A (updated Sep. 22, 2014; accessed Apr. 19, 2025).\n54\nPer capita state aid for the support of local government 54\u2013A\nWithholding of payment of local assistance by the state to counties, cities and villages, in certain cases 54\u2013B\nState assistance to certain public corporations in which railroad real property is partially exempt from taxation 54\u2013C\nEmergency \ufb01nancial aid to certain cities 54\u2013D\nAdvance payment of state moneys 54\u2013E\nState assistance to reimburse municipalities for \ufb01re\ufb01ghting costs 54\u2013G\nState assistance to local governments for support of activities related to \ufb01re prevention and building codes 54\u2013H\nState aid to local governments for housing maintenance code enforcement 54\u2013I\nHuman services overburden aid to counties 54\u2013J\nCourt facilities incentive aid 54\u2013K\nAssistance to counties 54\u2013L\nState assistance to eligible cities and eligible municipalities in which a video lottery gaming facility is located 54\u2013M\nLocal share requirements associated with increasing the age of juvenile jurisdiction above \ufb01fteen years of age\nUp to date\nAccessed:\nApr. 19, 2025\nLast modified:\nSep. 22, 2014\n\u00a7 54-A\u2019s source at nysenate .gov\nLink Style\n Pragmatic\n Pedantic\nStay Connected\nJoin thousands of people who receive monthly site updates.\nSubscribe\n \n \n \nGet Legal Help\nThe New York State Bar Association runs a service for \ufb01nding an attorney in good standing. Initial consultations are usually free or discounted:\nLawyer Referral Service\nCommitted to Public Service\nWe will always provide free access to the current law. In addition, we provide special support for non-pro\ufb01t, educational, and government users.\nThrough social entre pre neurship, we\u2019re lowering the cost of legal services and increasing citizen access.\nNavigate\nFind a Lawyer\nBlog\nAbout Us\nContact Us\nReports\nSecondary Sources\nCalifornia: Codes\nColorado: C.R.S.\nNevada:\nNRS\nNew York: Laws\nOregon:\nOAR, ORS\nTexas:\nStatutes\nWorld:\nRome Statute, International Dictionary\nLocation: https://newyork.public.law/laws/n.y._state_finance_law_section_54-a\nOriginal Source: Section 54-A \u2014 Withholding of payment of local assistance by the state to counties, cities and villages, in certain cases,\nhttps://www. nysenate. gov/legislation/laws/STF/54-A (last ac cessed Aug. 20, 2023).\nBlank Outline Levels\n\u00d7\nThe legislature occasionally skips outline levels. For example:\n(3) A person may apply [...]\n(4)(a) A person petitioning for relief [...]\nIn this example, (3), (4), and (4)(a) are all outline levels, but (4) was omitted by its authors. It's only implied. This presents an interesting challenge\nwhen laying out the text. We've decided to display a blank section with this note, in order to aide readability.\nTrust but verify. Here is the original source for section 54-A\nDo you have an opinion about this solution? Drop us a line.\nClose\n NewYork.Public.Law \nLaws of New York\nSearch\nRemove ads\nLogin\n1. \n2. Laws\n3. State Fin. Law\n4. Art. 4-A. State Assistance to Local Gov\u2019t\n5.",
  "metadata": {
    "site_url": "https://www.nysenate.gov/legislation/laws/STF/54",
    "code_title": "New York State Finance Law",
    "section_number": "\u00a7 54"
  }
}