{
  "text": "N.Y. State Finance Law Section 69-I\nThe New York works task force\n1.\nThere shall be a New York works task force that will advise on coordinating the capital plans of New York state agencies and authorities, including\nleveraging and accelerating funding streams and \ufb01nancing mechanisms to enhance infrastructure investment throughout New York state.\n2.\nThe New York works task force shall:\n(a)\ndevelop a coordinated capital infrastructure plan among state agencies and authorities. The plan shall focus on the ef\ufb01cient and accelerated\ndeployment of resources to meet regional and statewide infrastructure needs and shall consider the extent to which the plan is consistent with the\nregional economic development plans designated by the chair of the urban development corporation; \ue9cb\n(b)\nrecommend prioritization of capital infrastructure projects and the allocation of capital resources;\n(c)\nmake recommendations on facilitating the expediting of permit approvals, regulatory approvals, and other state actions necessary to advance priority\ninfrastructure projects;\n(d)\nrecommend \ufb01nancing options for infrastructure projects including but not limited to state supported debt, federal funding and other \ufb01nance vehicles;\nand\n(e)\nadvise state agencies and authorities on the use of methods of procurement and contracting.\n3.\nThe department of transportation shall provide a two-year capital plan for the years two thousand thirteen--two thousand fourteen and two thousand\nfourteen--two thousand \ufb01fteen to the New York works task force for its advice and recommendations to coordinate and address regional transportation\nneeds.\n4.\nThe New York works task force shall produce an infrastructure report including the capital plan submitted to it pursuant to subdivision three of this\nsection to the governor, temporary president of the senate, speaker of the assembly, minority leader of the senate and minority leader of the assembly\nannually on September \ufb01rst.\nSource: Section 69-I \u2014 The New York works task force, https://www. nysenate. gov/legislation/laws/STF/69-I (updated Sep. 22, 2014;\naccessed Apr. 19, 2025).\n69\u2013I\nThe New York works task force 69\u2013J\nThe New York works task force 69\u2013K\nThe New York works task force 69\u2013L\nThe New York works task force\nUp to date\nAccessed:\nApr. 19, 2025\nLast modified:\nSep. 22, 2014\n\u00a7 69-I\u2019s source at nysenate .gov\nLink Style\n Pragmatic\n Pedantic\nStay Connected\nJoin thousands of people who receive monthly site updates.\nSubscribe\n \n \n \nGet Legal Help\nThe New York State Bar Association runs a service for \ufb01nding an attorney in good standing. Initial consultations are usually free or discounted:\nLawyer Referral Service\nCommitted to Public Service\nWe will always provide free access to the current law. In addition, we provide special support for non-pro\ufb01t, educational, and government users.\nThrough social entre pre neurship, we\u2019re lowering the cost of legal services and increasing citizen access.\nNavigate\nFind a Lawyer\nBlog\nAbout Us\nContact Us\nReports\nSecondary Sources\nCalifornia: Codes\nColorado: C.R.S.\nNevada:\nNRS\nNew York: Laws\nOregon:\nOAR, ORS\nTexas:\nStatutes\nWorld:\nRome Statute, International Dictionary\nLocation: https://newyork.public.law/laws/n.y._state_finance_law_section_69-i\nOriginal Source: Section 69-I \u2014 The New York works task force, https://www. nysenate. gov/legislation/laws/STF/69-I (last ac cessed Aug. 20,\n2023).\nBlank Outline Levels\n\u00d7\nThe legislature occasionally skips outline levels. For example:\n(3) A person may apply [...]\n(4)(a) A person petitioning for relief [...]\nIn this example, (3), (4), and (4)(a) are all outline levels, but (4) was omitted by its authors. It's only implied. This presents an interesting challenge\nwhen laying out the text. We've decided to display a blank section with this note, in order to aide readability.\nTrust but verify. Here is the original source for section 69-I\nDo you have an opinion about this solution? Drop us a line.\nClose\n NewYork.Public.Law \nLaws of New York\nSearch\nRemove ads\nLogin\n1. \n2. Laws\n3. State Fin. Law\n4. Art. 5-E. Infrastructure Investment\n5.",
  "metadata": {
    "site_url": "https://www.nysenate.gov/legislation/laws/STF/69-I",
    "code_title": "New York State Finance Law",
    "section_number": "\u00a7 69-I"
  }
}