{
  "text": "(Conditions under which library systems are entitled to state aid), provided however, that for the purposes of this de\ufb01nition, a public library\nsystem shall be considered a municipality only in instances where such public library system advances a joint application on behalf of its member\nlibraries, water authority, sewer authority, regional planning and development board, school district, or board of cooperative educational services;\nprovided, however, that for the purposes of this de\ufb01nition, a board of cooperative educational services shall be considered a municipality only in\ninstances where such board of cooperative educational services advances a joint application on behalf of school districts and other municipalities\nwithin the board of cooperative educational services region; provided, however, that any agreements with a board of cooperative educational services:\nshall not generate additional state aid; shall be deemed not to be a part of the program, capital and administrative budgets of the board of cooperative\neducational services for the purposes of computing charges upon component school districts pursuant to subdivision one and subparagraph seven of\nparagraph b of subdivision four of section nineteen hundred \ufb01fty and subdivision one of section nineteen hundred \ufb01fty-one of the education law; and\nshall be deemed to be a cooperative municipal service for purposes of subparagraph two of paragraph d of subdivision four of Education Law",
  "metadata": {
    "site_url": "https://www.nysenate.gov/legislation/laws/STF/272",
    "code_title": "New York State Finance Law",
    "section_number": "\u00a7\n272"
  }
}