{
  "text": "N.Y. State Finance Law Section 69-B\nLimitation on amount of variable rate debt instruments\nAs of the initial date of each issuance of variable rate bonds or the date of entering into any other variable rate debt instruments, or for debt issued on\nor before July \ufb01rst, two thousand \ufb01ve upon conversion of any state-supported debt to variable rate debt instruments, the total of the principal and\nnotional amounts of such variable rate debt instruments outstanding and in effect shall not exceed an amount equal to \ufb01fteen percent of the total\nprincipal amount of state-supported debt outstanding. \ue9cb\nSource: Section 69-B \u2014 Limitation on amount of variable rate debt instruments, https://www. nysenate. gov/legislation/laws/STF/69-B\n(updated Sep. 22, 2014; accessed Apr. 19, 2025).\n69\u2013A\nDe\ufb01nitions 69\u2013B\nLimitation on amount of variable rate debt instruments 69\u2013C\nVariable rate bonds 69\u2013D\nInterest rate exchange or similar agreements 69\u2013E\nApplicability\nUp to date\nAccessed:\nApr. 19, 2025\nLast modified:\nSep. 22, 2014\n\u00a7 69-B\u2019s source at nysenate .gov\nLink Style\n Pragmatic\n Pedantic\nStay Connected\nJoin thousands of people who receive monthly site updates.\nSubscribe\n \n \n \nGet Legal Help\nThe New York State Bar Association runs a service for \ufb01nding an attorney in good standing. Initial consultations are usually free or discounted:\nLawyer Referral Service\nCommitted to Public Service\nWe will always provide free access to the current law. In addition, we provide special support for non-pro\ufb01t, educational, and government users.\nThrough social entre pre neurship, we\u2019re lowering the cost of legal services and increasing citizen access.\nNavigate\nFind a Lawyer\nBlog\nAbout Us\nContact Us\nReports\nSecondary Sources\nCalifornia: Codes\nColorado: C.R.S.\nNevada:\nNRS\nNew York: Laws\nOregon:\nOAR, ORS\nTexas:\nStatutes\nWorld:\nRome Statute, International Dictionary\nLocation: https://newyork.public.law/laws/n.y._state_finance_law_section_69-b\nOriginal Source: Section 69-B \u2014 Limitation on amount of variable rate debt instruments, https://www. nysenate. gov/legislation/laws/STF/69-\nB (last ac cessed Aug. 20, 2023).\nBlank Outline Levels\n\u00d7\nThe legislature occasionally skips outline levels. For example:\n(3) A person may apply [...]\n(4)(a) A person petitioning for relief [...]\nIn this example, (3), (4), and (4)(a) are all outline levels, but (4) was omitted by its authors. It's only implied. This presents an interesting challenge\nwhen laying out the text. We've decided to display a blank section with this note, in order to aide readability.\nTrust but verify. Here is the original source for section 69-B\nDo you have an opinion about this solution? Drop us a line.\nClose\n NewYork.Public.Law \nLaws of New York\nSearch\nRemove ads\nLogin\n1. \n2. Laws\n3. State Fin. Law\n4. Art. 5-D. Variable Rate Debt Instruments\n5.",
  "metadata": {
    "site_url": "https://www.nysenate.gov/legislation/laws/STF/69-B",
    "code_title": "New York State Finance Law",
    "section_number": "\u00a7 69-B"
  }
}