{
  "text": "(Economic development regions).\n22.\n\u201cRenewal community\u201d means an area within the state that has been designated by such term in accordance with section 1400E of the federal Internal\nRevenue Code (26 United States Code \u00a7 1400E) under the federal Community Renewal Tax Relief Act of 2000.\n23.\n\u201cRenewal community business\u201d means a business that is designated by such term pursuant to section 1400G of the federal Internal Revenue Code (26\nUnited States Code \u00a7 1400G) under the federal Community Renewal Tax Relief Act of 2000.\n24.\n\u201cCredit union\u201d means any credit union chartered under article eleven of the banking law or any federal credit union.\n25.\n\u201cCommunity development \ufb01nancial institution\u201d means an organization as de\ufb01ned in 12 U.S.C. 4702(5)(a).\n26.\n\u201cCerti\ufb01ed service-disabled veteran-owned business enterprise\u201d means any service-disabled veteran-owned business enterprise as provided for in\narticle three of the veterans\u2019 services law.\nSource: Section 213 \u2014 Definitions, https://www. nysenate. gov/legislation/laws/STF/213 (updated Sep. 22, 2023; accessed Apr. 19, 2025).\n212\nShort title 213\nDe\ufb01nitions 214\nEstablishment and purpose 215\nResponsibilities of commissioner of economic development, comptroller, commissioner of taxation and \ufb01nance and superintendent of \ufb01nanci... 216\nTerm of program 217\nLinked loans 218\nInterest rate for linked loans 219\nApplication procedure 220\nRenewal of linked deposit 221\nLiability 222\nMonitoring and report 223\nPromotion of program 224\nRules and regulations\nUp to date\nAccessed:\nApr. 19, 2025\nLast modified:\nSep. 22, 2023\n\u00a7 213\u2019s source at nysenate .gov\nLink Style\n Pragmatic\n Pedantic\nStay Connected\nJoin thousands of people who receive monthly site updates.\nSubscribe\n \n \n \nGet Legal Help\nThe New York State Bar Association runs a service for \ufb01nding an attorney in good standing. Initial consultations are usually free or discounted:\nLawyer Referral Service\nCommitted to Public Service\nWe will always provide free access to the current law. In addition, we provide special support for non-pro\ufb01t, educational, and government users.\nThrough social entre pre neurship, we\u2019re lowering the cost of legal services and increasing citizen access.\nNavigate\nFind a Lawyer\nBlog\nAbout Us\nContact Us\nReports\nSecondary Sources\nCalifornia: Codes\nColorado: C.R.S.\nNevada:\nNRS\nNew York: Laws\nOregon:\nOAR, ORS\nTexas:\nStatutes\nWorld:\nRome Statute, International Dictionary\nLocation: https://newyork.public.law/laws/n.y._state_finance_law_section_213\nOriginal Source: Section 213 \u2014 De\ufb01nitions, https://www. nysenate. gov/legislation/laws/STF/213 (last ac cessed Sep. 23, 2023).\nBlank Outline Levels\n\u00d7\nThe legislature occasionally skips outline levels. For example:\n(3) A person may apply [...]\n(4)(a) A person petitioning for relief [...]\nIn this example, (3), (4), and (4)(a) are all outline levels, but (4) was omitted by its authors. It's only implied. This presents an interesting challenge\nwhen laying out the text. We've decided to display a blank section with this note, in order to aide readability.\nTrust but verify. Here is the original source for section 213\nDo you have an opinion about this solution? Drop us a line.\nClose\n NewYork.Public.Law \nLaws of New York\nSearch\nRemove ads\nLogin\n1. \n2. Laws\n3. State Fin. Law\n4. Art. 15. Excelsior Linked Deposit Act\n5.",
  "metadata": {
    "site_url": "https://www.nysenate.gov/legislation/laws/STF/230",
    "code_title": "New York State Finance Law",
    "section_number": "\u00a7 230"
  }
}