{
  "text": "N.Y. State Finance Law Section 78\nNew York state college choice tuition savings program trust fund\n1.\nThere is hereby established in the sole custody of the state comptroller a special fund to be known as the New York state college choice tuition savings\nprogram trust fund. All payments from such fund shall be made in accordance with article fourteen-A of the education law and the memorandum of\nunderstanding entered into pursuant thereto on the audit of the state comptroller. \ue9cb\n2.\nThe fund shall be a trust fund and shall consist of a trust account and an operating account. The trust account shall include amounts received by the\nNew York state college choice tuition savings program pursuant to tuition savings agreements, administrative charges, fees, and all other amounts\nreceived by the program from other sources, and interest and investment income earned by the trust fund. The comptroller shall, from time to time,\nmake transfers from the trust account to the operating account for the immediate payment of obligations under tuition savings agreements, operating\nexpenses and administrative costs of the New York state college choice tuition savings program. Administrative costs shall be paid out of the operating\naccount according to the terms and conditions established pursuant to the provisions of Education Law",
  "metadata": {
    "site_url": "https://www.nysenate.gov/legislation/laws/STF/78",
    "code_title": "New York State Finance Law",
    "section_number": "\u00a7 78"
  }
}