{
  "text": "N.Y. State Finance Law Section 69-A\nDe\ufb01nitions\nAs used throughout this article, the following terms shall have the following meanings:\n1.\n\u201cVariable rate bonds\u201d shall mean any State-supported debt which bears interest at a rate or rates which varies from time to time.\n2.\n\u201cInterest rate exchange or similar agreement\u201d shall mean a written contract entered into in connection with the issuance of State-supported debt, or in\nconnection with such State-supported debt already outstanding, with a counterparty to provide for an exchange of payments based upon \ufb01xed and/or\nvariable interest rates, and shall be for exchanges in currency of the United States of America only. \ue9cb\n3.\n\u201cState-supported debt\u201d shall mean all debt included in subdivision one of",
  "metadata": {
    "site_url": "https://www.nysenate.gov/legislation/laws/STF/69-A",
    "code_title": "New York State Finance Law",
    "section_number": "\u00a7 69-A"
  }
}