{
  "text": "N.Y. State Finance Law Section 127-A\nEnergy conservation in state-aided programs\n1.\nAs used in this section:\n(a)\n\u201cannual pro-rated project cost\u201d shall mean the amount of reimbursement per year which is suf\ufb01cient to reimburse an eligible facility, in accordance\nwith its state aid rate, for the cost of an energy conservation project by the \ufb01nal year of the payback period for such project.\n(b)\n\u201celigible facility\u201d shall mean a facility, other than a hospital or a residential health care facility as de\ufb01ned in article twenty-eight of the public health\nlaw, which has a current operating certi\ufb01cate from a state agency and which receives full or partial state reimbursement for energy costs. \ue9cb\n(c)\n\u201cenergy conservation measure\u201d shall mean any construction, alteration, repair or improvement of the capital assets of an eligible facility for the\npurpose of reducing the consumption of energy, but shall not include operating and maintenance measures.\n(d)\n\u201cenergy conservation project\u201d shall mean one or more energy conservation measures selected for implementation by an eligible facility.\n(e)\n\u201coperating and maintenance measures\u201d shall mean cost-free or low-cost procedures, or improvements or repairs to an eligible facility, which are\nintended to reduce energy consumption and which do not impose any costs on an eligible facility which are not reimbursable as operating costs of the\nfacility.\n(f)\n\u201cpayback period\u201d shall mean an estimated period of time, within which the costs of an energy conservation measure or project will be recovered from\nthe savings generated by the reduced energy consumption resulting therefrom.\n(g)\n\u201cstate aid rate\u201d shall mean the percentage of an eligible facility\u2019s energy costs which are reimbursed by the state.\n2.\nNotwithstanding any other provision of law, an eligible facility shall be reimbursed for the costs of implementing energy conservation projects in\naccordance with the provisions of this section.\n3.\n(a) Prior to implementing any energy conservation project for which reimbursement is sought pursuant to this section, an eligible facility shall obtain\nan analysis of its energy usage and available opportunities for energy conservation. Such analysis shall be conducted by an architect or engineer\nlicensed by the state of New York who has no \ufb01nancial interest in the facility or in the production, promotion or sale of any energy resource or any\nenergy conservation product or device.\n(b)\nThe required analysis shall be prepared after an on-site examination of the facility by the architect or engineer. The analysis shall include\nrecommendations for energy conservation measures and operating and maintenance measures appropriate for the facility, and estimated payback\nperiods for each recommended energy conservation measure. For the purposes of this section, payback period calculations shall take into account\nimplementation of all recommended operating and maintenance measures, shall be based on current energy prices, without any adjustment for\nanticipated changes in such prices, and shall be based on the average annual energy usage of the facility. The average annual energy usage shall be\nbased on the energy usage for the preceding three years, provided, however, that if the facility has not been in operation for the preceding three years,\nor if changes in the capacity or usage of the facility in the preceding three years have substantially altered the energy usage of the facility, the architect\nor engineer shall make and document reasonable assumptions concerning the average annual energy usage of the facility.\n(c)\nThe architect or engineer shall prepare a \ufb01nal report presenting a single payback period for the energy conservation project for which reimbursement\nis sought. The payback period shall be computed as provided in paragraph (b) of this subdivision, and shall take into account the interaction between\nconservation measures. The cost of such project shall include:\n(1)\nthe actual costs of all energy conservation measures selected for implementation by the eligible facility from among those recommended by the\narchitect or engineer;\n(2)\nthe fee, if any, charged by the architect or engineer; and\n(3)\nif the facility intends to \ufb01nance any energy conservation measures by loan or other \ufb01nancing arrangement, the cost of securing such loan or other\n\ufb01nancing arrangement, provided that no costs shall be included in the cost of the project which are attributable to:\n(i)\na \ufb01nancing rate in excess of three percentage points above the overpayment rate set by the commissioner of taxation and \ufb01nance pursuant to Tax Law",
  "metadata": {
    "site_url": "https://www.nysenate.gov/legislation/laws/STF/127-A",
    "code_title": "New York State Finance Law",
    "section_number": "\u00a7 127-A"
  }
}