{
  "text": "N.Y. State Finance Law Section 192\nLimitation of actions, burden of proof\n1.\nA civil action under this article shall be commenced no later than ten years after the date on which the violation of this article is committed.\nNotwithstanding any other provision of law, for the purposes of this article, an action under this article is commenced by the \ufb01ling of the complaint.\n(1-a) For purposes of applying rule three thousand sixteen of the civil practice law and rules, in pleading an action brought under this article the qui\ntam plaintiff shall not be required to identify speci\ufb01c claims that result from an alleged course of misconduct, or any speci\ufb01c records or statements\nused, if the facts alleged in the complaint, if ultimately proven true, would provide a reasonable indication that one or more violations of",
  "metadata": {
    "site_url": "https://www.nysenate.gov/legislation/laws/STF/192",
    "code_title": "New York State Finance Law",
    "section_number": "\u00a7 192"
  }
}