{
  "text": "N.Y. State Finance Law Section 153\nSale in parcels\nOn any such foreclosure, if any person having title to a part of the mortgaged premises, by conveyance from or through the mortgagor, delivers to the\ncomptroller an af\ufb01davit stating that he has such title, and describing with certainty such part, the comptroller on the sale under such foreclosure shall\ncause to be \ufb01rst sold that part of the mortgaged premises not speci\ufb01ed in the af\ufb01davit. If the part so sold does not produce enough to satisfy the\namount so unpaid and costs and expenses he shall immediately cause such part or parts of the premises as have been conveyed by the mortgagor and\ndescribed in any such af\ufb01davit, to be sold, and if more than one part of such premises has been so conveyed, and an af\ufb01davit made as herein required,\nthe comptroller shall cause such parts to be sold in the inverse order of the dates of such conveyances, if it is necessary to sell them, commencing with\nthe part last conveyed by the mortgagor, and such sale shall cease when the proceeds of the sale are suf\ufb01cient to satisfy the amount so unpaid and such\ncosts and expenses. \ue9cb\nSource: Section 153 \u2014 Sale in parcels, https://www. nysenate. gov/legislation/laws/STF/153 (updated Sep. 22, 2014; accessed Apr. 19,\n2025).\n150\nForeclosure of mortgages by the state 151\nWhen comptroller shall bid in premises 152\nConditions of sale 153\nSale in parcels 154\nSeparate accounts for lands purchased or mortgaged 155\nDischarge and cancellation of mortgages by the state 156\nSurplus moneys on sale of lands mortgaged to the state 157\nRelease of part of mortgaged premises 158\nPower of comptroller to maintain actions 159\nAssignments of mortgages\nUp to date\nAccessed:\nApr. 19, 2025\nLast modified:\nSep. 22, 2014\n\u00a7 153\u2019s source at nysenate .gov\nLink Style\n Pragmatic\n Pedantic\nStay Connected\nJoin thousands of people who receive monthly site updates.\nSubscribe\n \n \n \nGet Legal Help\nThe New York State Bar Association runs a service for \ufb01nding an attorney in good standing. Initial consultations are usually free or discounted:\nLawyer Referral Service\nCommitted to Public Service\nWe will always provide free access to the current law. In addition, we provide special support for non-pro\ufb01t, educational, and government users.\nThrough social entre pre neurship, we\u2019re lowering the cost of legal services and increasing citizen access.\nNavigate\nFind a Lawyer\nBlog\nAbout Us\nContact Us\nReports\nSecondary Sources\nCalifornia: Codes\nColorado: C.R.S.\nNevada:\nNRS\nNew York: Laws\nOregon:\nOAR, ORS\nTexas:\nStatutes\nWorld:\nRome Statute, International Dictionary\nLocation: https://newyork.public.law/laws/n.y._state_finance_law_section_153\nOriginal Source: Section 153 \u2014 Sale in parcels, https://www. nysenate. gov/legislation/laws/STF/153 (last ac cessed Aug. 20, 2023).\nBlank Outline Levels\n\u00d7\nThe legislature occasionally skips outline levels. For example:\n(3) A person may apply [...]\n(4)(a) A person petitioning for relief [...]\nIn this example, (3), (4), and (4)(a) are all outline levels, but (4) was omitted by its authors. It's only implied. This presents an interesting challenge\nwhen laying out the text. We've decided to display a blank section with this note, in order to aide readability.\nTrust but verify. Here is the original source for section 153\nDo you have an opinion about this solution? Drop us a line.\nClose\n NewYork.Public.Law \nLaws of New York\nSearch\nRemove ads\nLogin\n1. \n2. Laws\n3. State Fin. Law\n4. Art. 10. Mortgages\n5.",
  "metadata": {
    "site_url": "https://www.nysenate.gov/legislation/laws/STF/153",
    "code_title": "New York State Finance Law",
    "section_number": "\u00a7 153"
  }
}