{
  "text": "N.Y. State Finance Law Section 69-C\nVariable rate bonds\nNotwithstanding any other provision of law to the contrary, any State-supported debt may be issued as variable rate bonds. Notwithstanding any other\nprovision of law to the contrary, for purposes of calculating the present value of debt service and calculating savings in connection with the issuance\nof refunding indebtedness, (i) the effective interest rate and debt service payable on variable rate bonds in connection with which, and to the extent\nthat, an authorized issuer has entered into an interest rate exchange or similar agreement pursuant to which the authorized issuer makes payments\nbased on a \ufb01xed rate and receives payments based on a variable rate that is reasonably expected by such authorized issuer to be equivalent over time to\nthe variable rate paid on the related variable rate bonds, shall be calculated assuming that the rate of interest on such variable rate bonds is the \ufb01xed\nrate payable by the authorized issuer on such interest rate exchange or similar agreement for the scheduled term of such agreement; \ue9cb\n(ii)\nthe effective interest rate and debt service on variable rate bonds in connection with which, and to the extent that, an authorized issuer has not entered\ninto such an interest rate exchange or similar agreement shall be calculated assuming that interest on such variable interest rate bonds is payable at a\nrate or rates reasonably assumed by the authorized issuer;\n(iii)\nthe effective interest rate and debt service on any bonds subject to optional or mandatory tender shall be a rate or rates reasonably assumed by the\nauthorized issuer;\n(iv)\nany variable rate bonds that are converted or refunded to a \ufb01xed rate, whether or not \ufb01nanced on an interim basis with bond anticipation notes, shall be\nassumed to generate a present value savings; and\n(v)\notherwise, the effective interest rate and debt service on any bonds shall be calculated at a rate or rates reasonably assumed by the authorized issuer.\nNotwithstanding any other provision of law to the contrary, for calculating the present value of debt service and calculating savings in connection with\nthe issuance of refunding indebtedness, the refunding of variable rate debt instruments with new variable rate debt instruments shall be excluded from\nany such requirements, if effectuated for sound business purposes.\nSource: Section 69-C \u2014 Variable rate bonds, https://www. nysenate. gov/legislation/laws/STF/69-C (updated Sep. 22, 2014; accessed Apr.\n19, 2025).\n69\u2013A\nDe\ufb01nitions 69\u2013B\nLimitation on amount of variable rate debt instruments 69\u2013C\nVariable rate bonds 69\u2013D\nInterest rate exchange or similar agreements 69\u2013E\nApplicability\nUp to date\nAccessed:\nApr. 19, 2025\nLast modified:\nSep. 22, 2014\n\u00a7 69-C\u2019s source at nysenate .gov\nLink Style\n Pragmatic\n Pedantic\nStay Connected\nJoin thousands of people who receive monthly site updates.\nSubscribe\n \n \n \nGet Legal Help\nThe New York State Bar Association runs a service for \ufb01nding an attorney in good standing. Initial consultations are usually free or discounted:\nLawyer Referral Service\nCommitted to Public Service\nWe will always provide free access to the current law. In addition, we provide special support for non-pro\ufb01t, educational, and government users.\nThrough social entre pre neurship, we\u2019re lowering the cost of legal services and increasing citizen access.\nNavigate\nFind a Lawyer\nBlog\nAbout Us\nContact Us\nReports\nSecondary Sources\nCalifornia: Codes\nColorado: C.R.S.\nNevada:\nNRS\nNew York: Laws\nOregon:\nOAR, ORS\nTexas:\nStatutes\nWorld:\nRome Statute, International Dictionary\nLocation: https://newyork.public.law/laws/n.y._state_finance_law_section_69-c\nOriginal Source: Section 69-C \u2014 Variable rate bonds, https://www. nysenate. gov/legislation/laws/STF/69-C (last ac cessed Aug. 20, 2023).\nBlank Outline Levels\n\u00d7\nThe legislature occasionally skips outline levels. For example:\n(3) A person may apply [...]\n(4)(a) A person petitioning for relief [...]\nIn this example, (3), (4), and (4)(a) are all outline levels, but (4) was omitted by its authors. It's only implied. This presents an interesting challenge\nwhen laying out the text. We've decided to display a blank section with this note, in order to aide readability.\nTrust but verify. Here is the original source for section 69-C\nDo you have an opinion about this solution? Drop us a line.\nClose\n NewYork.Public.Law \nLaws of New York\nSearch\nRemove ads\nLogin\n1. \n2. Laws\n3. State Fin. Law\n4. Art. 5-D. Variable Rate Debt Instruments\n5.",
  "metadata": {
    "site_url": "https://www.nysenate.gov/legislation/laws/STF/69-C",
    "code_title": "New York State Finance Law",
    "section_number": "\u00a7 69-C"
  }
}