{
  "text": "(Judicial\nfacilities in certain counties) or undertook to design, acquire, construct, reconstruct, rehabilitate or improve facilities for the transaction of business by\nthe uni\ufb01ed court system and issued notes or bonds to fund the cost thereof; provided, however, that no political subdivision issuing notes or bonds\nafter the effective date of this section shall be entitled to state assistance pursuant to this subdivision unless, prior to the issuance of such notes or\nbonds, the chief administrator of the courts certi\ufb01es that the court facility or facilities in connection with which such notes or bonds are to be issued\nare consistent with the capital plan approved pursuant to Public Authorities Law",
  "metadata": {
    "site_url": "https://www.nysenate.gov/legislation/laws/STF/1680-A",
    "code_title": "New York State Finance Law",
    "section_number": "\u00a7 1680-A"
  }
}