{
  "text": "N.Y. State Finance Law Section 154\nSeparate accounts for lands purchased or mortgaged\nThe comptroller on application to him for that purpose, shall open an account in his of\ufb01ce against any person, for a part or subdivision of a lot of land\npurchased from or mortgaged to the state, for the proportionate part of the moneys on any such part or subdivision, and thereafter give credit on the\nseveral parts or subdivisions, as the persons making payments may require. He may credit any prior payment to a part or subdivision, if such payment\nappears by satisfactory proof to have been originally intended to be paid on such part or subdivision or by or for the use of the person claiming the\ncredit, whether so expressed in the receipts or not. No part of any such payments shall be applied to the reduction of the principal unpaid on any such\npart or subdivision, unless the payments exceed the interest, calculated on the principal due on such part, or subdivision, to the day when such part or\nsubdivision is to be paid off, or a new account opened therefor. If separate receipts be given by the treasurer, for any payments which are claimed to be\ncredited to the account of any such part or subdivision, the receipts shall be delivered to the comptroller and \ufb01led in his of\ufb01ce. Separate accounts shall\nnot be opened under this section unless a map and survey of the whole lot is \ufb01led with the comptroller, showing particularly the part or subdivision for\nwhich such account is to be opened, and satisfactory proof furnished the comptroller that the residue of the lot is suf\ufb01cient security for the sum\nremaining unpaid thereon. \ue9cb\nSource: Section 154 \u2014 Separate accounts for lands purchased or mortgaged, https://www. nysenate. gov/legislation/laws/STF/154\n(updated Sep. 22, 2014; accessed Apr. 19, 2025).\n150\nForeclosure of mortgages by the state 151\nWhen comptroller shall bid in premises 152\nConditions of sale 153\nSale in parcels 154\nSeparate accounts for lands purchased or mortgaged 155\nDischarge and cancellation of mortgages by the state 156\nSurplus moneys on sale of lands mortgaged to the state 157\nRelease of part of mortgaged premises 158\nPower of comptroller to maintain actions 159\nAssignments of mortgages\nUp to date\nAccessed:\nApr. 19, 2025\nLast modified:\nSep. 22, 2014\n\u00a7 154\u2019s source at nysenate .gov\nLink Style\n Pragmatic\n Pedantic\nStay Connected\nJoin thousands of people who receive monthly site updates.\nSubscribe\n \n \n \nGet Legal Help\nThe New York State Bar Association runs a service for \ufb01nding an attorney in good standing. Initial consultations are usually free or discounted:\nLawyer Referral Service\nCommitted to Public Service\nWe will always provide free access to the current law. In addition, we provide special support for non-pro\ufb01t, educational, and government users.\nThrough social entre pre neurship, we\u2019re lowering the cost of legal services and increasing citizen access.\nNavigate\nFind a Lawyer\nBlog\nAbout Us\nContact Us\nReports\nSecondary Sources\nCalifornia: Codes\nColorado: C.R.S.\nNevada:\nNRS\nNew York: Laws\nOregon:\nOAR, ORS\nTexas:\nStatutes\nWorld:\nRome Statute, International Dictionary\nLocation: https://newyork.public.law/laws/n.y._state_finance_law_section_154\nOriginal Source: Section 154 \u2014 Separate accounts for lands purchased or mortgaged, https://www. nysenate. gov/legislation/laws/STF/154\n(last ac cessed Aug. 20, 2023).\nBlank Outline Levels\n\u00d7\nThe legislature occasionally skips outline levels. For example:\n(3) A person may apply [...]\n(4)(a) A person petitioning for relief [...]\nIn this example, (3), (4), and (4)(a) are all outline levels, but (4) was omitted by its authors. It's only implied. This presents an interesting challenge\nwhen laying out the text. We've decided to display a blank section with this note, in order to aide readability.\nTrust but verify. Here is the original source for section 154\nDo you have an opinion about this solution? Drop us a line.\nClose\n NewYork.Public.Law \nLaws of New York\nSearch\nRemove ads\nLogin\n1. \n2. Laws\n3. State Fin. Law\n4. Art. 10. Mortgages\n5.",
  "metadata": {
    "site_url": "https://www.nysenate.gov/legislation/laws/STF/154",
    "code_title": "New York State Finance Law",
    "section_number": "\u00a7 154"
  }
}