{
  "text": "(De\ufb01nition of a small business),\nincluding farms, selling food or food products, animal or plant \ufb01ber products grown, produced, harvested, or processed in New York state or textile\nproducts manufactured from animal or plant \ufb01ber grown or produced predominantly in New York state and assist such businesses in identifying such\nfood, food products, or animal or plant \ufb01ber products and textile products which may help to meet state agencies\u2019 needs.\n(viii)\nmaintain a list of contractors which produce or manufacture or offer for sale environmentally-sensitive cleaning and maintenance products in the form,\nfunction and utility generally used by elementary and secondary schools in accordance with speci\ufb01cations or guidelines promulgated pursuant to\nEducation Law",
  "metadata": {
    "site_url": "https://www.nysenate.gov/legislation/laws/STF/131",
    "code_title": "New York State Finance Law",
    "section_number": "\u00a7 131"
  }
}