{
  "text": "(Authority to contract).\nb.\nThe commissioner shall:\n(i)\ndetermine, in cooperation with the state procurement council and state agencies, the identity, form, function and utility of those commodities which\nshall be made available on or through centralized contracts. Criteria may include, but need not be limited to, the availability of a volume discount,\nprior use of the commodity among state agencies and the relative cost of establishing the contract, its anticipated use and expected actual savings for\nthe state. The commissioner may also act as a broker for state agencies to procure commodities.\n(ii)\ndetermine the number and scope of centralized contracts for commodities to be let during any period, including the letting of multiple contracts to\nensure the suf\ufb01cient variety and uninterrupted availability of commodities for state agency use.\n(iii)\nmaintain lists of \ufb01rms which produce or manufacture or offer for sale commodities in the form, function and utility required by state agencies. The\ncommissioner shall ensure such lists are updated regularly. With the assistance of the department of economic development and other state agencies,\nbeginning on July \ufb01rst, two thousand one, ensure the availability to all authorized purchasers of a centralized list which identi\ufb01es commodities offered\nby New York state\u2019s small businesses and a centralized list which identi\ufb01es commodities and services offered by businesses certi\ufb01ed pursuant to\narticle \ufb01fteen-A of the executive law. Such lists shall be updated semiannually and designed to enable effective identi\ufb01cation of New York state\u2019s\nsmall businesses and businesses certi\ufb01ed pursuant to article \ufb01fteen-A of the executive law.\n(iv)\nensure the speci\ufb01cation of commodities for centralized contracts re\ufb02ect the form, function and utility required by state agencies and conform,\nwherever possible, to industry standards. Where necessary, the commissioner may develop speci\ufb01cations for commodities. When not otherwise\nforthcoming from a particular \ufb01rm or industry, the commissioner may request information from businesses for the purpose of establishing or\nimproving a speci\ufb01cation. The of\ufb01ce of general services may assist agencies in developing speci\ufb01cations for agency-procured commodity contracts\nwhen industry standards are not available or appropriate. In all cases, speci\ufb01cations shall be consistent with the requirements of state agencies.\n(v)\nWith the assistance of the department of economic development and other state agencies, provide a training program once per year, in each economic\ndevelopment region, as established in article eleven of the economic development law, beginning January \ufb01rst, two thousand one, for those businesses\ncerti\ufb01ed pursuant to article \ufb01fteen-A of the executive law and those interested in becoming certi\ufb01ed. Such training program shall provide assistance\nwith respect to participation as a vendor in the procurement process, as established in this article, and including without limitation educating minority\nand women contractors about surety bonding requirements on state contracts, and identifying resources available to such contractors in obtaining their\n\ufb01rst bond and in increasing their bonding capacity, including but not limited to the federal small business administration bond guarantee program.\n(vi)\nWith the assistance of the department of economic development and other state agencies, provide training once per year for staff of each state agency\u2019s\nminority and women business development of\ufb01ce, or if an agency does not have such an of\ufb01ce, then an agency\u2019s representative. Such training\nprogram shall consist of a meeting with such agencies\u2019 representatives to inform each agency of how to encourage procurement of commodities and\nservices from businesses certi\ufb01ed pursuant to article \ufb01fteen-A of the executive law.\n(vii)\nassist the department of agriculture and markets and the department of economic development in providing a training program once per year, in each\neconomic development region, established in article eleven of the economic development law, to encourage and increase participation in the\nprocurement process, pursuant to this article, by small businesses, as de\ufb01ned in Economic Development Law",
  "metadata": {
    "site_url": "https://www.nysenate.gov/legislation/laws/STF/2803-A",
    "code_title": "New York State Finance Law",
    "section_number": "\u00a7 2803-A"
  }
}