{
  "text": "(Ground for cancellation of contract by state).\n(c)\nThis section shall be applied in a manner consistent with the state\u2019s obligations under any applicable international agreements pertaining to\ngovernment procurement.\n2.\nDe\ufb01nitions. For the purposes of this section, the following words shall have the following meanings unless speci\ufb01ed otherwise:\n(a)\n\u201cPublic agency\u201d means a governmental entity as that term is de\ufb01ned in",
  "metadata": {
    "site_url": "https://www.nysenate.gov/legislation/laws/STF/139-A",
    "code_title": "New York State Finance Law",
    "section_number": "\u00a7 139-A"
  }
}