{
  "text": "(De\ufb01nitions). Notwithstanding the foregoing, any authorized issuer\nmay issue revenue bonds for any authorized purpose. Any such revenue bonds issued by the New York state thruway authority shall be subject to the\napproval of the New York state public authorities control board, pursuant to Public Authorities Law",
  "metadata": {
    "site_url": "https://www.nysenate.gov/legislation/laws/STF/69-M",
    "code_title": "New York State Finance Law",
    "section_number": "\u00a7 69-M"
  }
}