{
  "text": "N.Y. State Finance Law Section 207-A\nEmployee bene\ufb01t fund\nsecurity services\n1.\nDe\ufb01nitions. As used in this section, unless otherwise expressly stated:\na.\n\u201cDirector\u201d shall mean the director of employee relations.\nb.\n\u201cEmployee\u201d shall mean any person serving on a full-time annual salaried basis in the service of the state of New York who is appointed to and serving\nin a position in the collective negotiating unit designated as the security services unit or the security supervisors unit established pursuant to article\nfourteen of the civil service law.\n2.\nWhere and to the extent that an agreement between the state and an employee organization entered into pursuant to article fourteen of the civil service\nlaw or an interest arbitration award issued pursuant to subdivision four of Civil Service Law",
  "metadata": {
    "site_url": "https://www.nysenate.gov/legislation/laws/STF/207-A",
    "code_title": "New York State Finance Law",
    "section_number": "\u00a7 207-A"
  }
}