{
  "text": "N.Y. State Finance Law Section 80\nReal estate \ufb01nance bureau fund\n1.\nThere is hereby established in the custody of the state comptroller a special fund to be known as the \u201creal estate \ufb01nance bureau fund\u201d.\n2.\nThe real estate \ufb01nance bureau fund shall consist of moneys appropriated thereto, funds transferred from any other fund or sources, and moneys\ndeposited therein pursuant to paragraph (a) of subdivision seven of General Business Law",
  "metadata": {
    "site_url": "https://www.nysenate.gov/legislation/laws/STF/80",
    "code_title": "New York State Finance Law",
    "section_number": "\u00a7 80"
  }
}