{
  "text": "N.Y. State Finance Law Section 19-A\nParking facilities\nsupport for electric vehicle charging stations\n1.\nFor purposes of this section:\n(a)\nthe term \u201cconstruction project\u201d shall mean construction work involving or including the construction of a new parking facility done under contract\nwhich is paid for in whole or in part out of public funds as such term is de\ufb01ned in Labor Law",
  "metadata": {
    "site_url": "https://www.nysenate.gov/legislation/laws/STF/19-A",
    "code_title": "New York State Finance Law",
    "section_number": "\u00a7 19-A"
  }
}