{
  "text": "N.Y. State Finance Law Section 14\nDepartmental statements\nIn addition to the annual department reports prescribed by law, the head of each department of the state, on or before the \ufb01fteenth day of October in\neach year, shall submit to the governor a statement of the sources, amounts and disposition of all money received by such department, its divisions,\nbureaus or of\ufb01cers for the preceding \ufb01scal year other than money appropriated for such department by the legislature or money that was paid by such\ndepartment into the treasury. Such statement shall include a description of the nature and the amount of each fund, if any, then under the supervision or\ncontrol of such department or the head thereof or under the supervision or control of any division, bureau, commission, board or other organization\ntherein or under the supervision or control of the head or any other of\ufb01cer of such division, bureau, commission, board or organization, which was\nderived from any source whether or not deposited in the treasury, a citation of the statute authorizing the creation or establishment of each such fund\nand the nature and amount of any payments made therefrom during the preceding \ufb01scal year. The director of the budget in the executive department\nshall make rules, which shall be approved by the governor, regulating the form and contents of such statements. Copies of such statements shall be\nsimultaneously furnished to the senate \ufb01nance committee and the assembly ways and means committee for their information. The governor, in such\nform and with such explanation as the governor may desire, shall transmit to the legislature, with the annual budget, a recapitulation or summary of\nthe information contained in such statements arranged under appropriate headings for each department. The provisions of this section shall not apply\nto any funds received by the superintendent of \ufb01nancial services in a \ufb01duciary capacity or to the state teachers\u2019 retirement fund, or any state\nemployees\u2019 retirement and pension fund, but such exemption from the application of this section shall not affect any other provision of law requiring a\nreport or statement of such funds. \ue9cb\nSource: Section 14 \u2014 Departmental statements, https://www. nysenate. gov/legislation/laws/STF/14 (updated Sep. 22, 2014; accessed Apr.\n19, 2025).\n2\nDe\ufb01nitions 2\u2013A\nAdditional de\ufb01nitions 3\nFiscal year 4\nPayments, transfers and deposits 4\u2013A\nElectronic value transfer program 5\nDeferred compensation 7\nDuties of department of taxation and \ufb01nance 8\nDuties of the comptroller 8\u2013A\nDeviations from generally accepted accounting principles 8\u2013B\nAdditional duties of the comptroller 8\u2013C\nEnterprise fraud prevention and detection system 9\nSubpoenas 10\nCompromise of old judgments and debts 11\nGifts, devises and bequests 12\nAnnual reports to legislature by institutions entitled to receive money from state 13\nBoards of visitors 14\nDepartmental statements 14\u2013A\nTax audit reporting system 14\u2013B\nCapital projects and maintenance statements 15\nFees to be charged for certain documents 16\nRate of interest on judgments and accrued claims against the state 17\nReports on \ufb01nanced equipment acquisitions 18\nInterest and collection fees assessed on debts owed to the state 19\nReturned check charge 19\u2013A\nParking facilities\nUp to date\nAccessed:\nApr. 19, 2025\nLast modified:\nSep. 22, 2014\n\u00a7 14\u2019s source at nysenate .gov\nLink Style\n Pragmatic\n Pedantic\nStay Connected\nJoin thousands of people who receive monthly site updates.\nSubscribe\n \n \n \nGet Legal Help\nThe New York State Bar Association runs a service for \ufb01nding an attorney in good standing. Initial consultations are usually free or discounted:\nLawyer Referral Service\nCommitted to Public Service\nWe will always provide free access to the current law. In addition, we provide special support for non-pro\ufb01t, educational, and government users.\nThrough social entre pre neurship, we\u2019re lowering the cost of legal services and increasing citizen access.\nNavigate\nFind a Lawyer\nBlog\nAbout Us\nContact Us\nReports\nSecondary Sources\nCalifornia: Codes\nColorado: C.R.S.\nNevada:\nNRS\nNew York: Laws\nOregon:\nOAR, ORS\nTexas:\nStatutes\nWorld:\nRome Statute, International Dictionary\nLocation: https://newyork.public.law/laws/n.y._state_finance_law_section_14\nOriginal Source: Section 14 \u2014 Departmental statements, https://www. nysenate. gov/legislation/laws/STF/14 (last ac cessed Aug. 20, 2023).\nBlank Outline Levels\n\u00d7\nThe legislature occasionally skips outline levels. For example:\n(3) A person may apply [...]\n(4)(a) A person petitioning for relief [...]\nIn this example, (3), (4), and (4)(a) are all outline levels, but (4) was omitted by its authors. It's only implied. This presents an interesting challenge\nwhen laying out the text. We've decided to display a blank section with this note, in order to aide readability.\nTrust but verify. Here is the original source for section 14\nDo you have an opinion about this solution? Drop us a line.\nClose\n NewYork.Public.Law \nLaws of New York\nSearch\nRemove ads\nLogin\n1. \n2. Laws\n3. State Fin. Law\n4. Art. 2. Gen. Fiscal Provisions\n5.",
  "metadata": {
    "site_url": "https://www.nysenate.gov/legislation/laws/STF/14",
    "code_title": "New York State Finance Law",
    "section_number": "\u00a7 14"
  }
}