{
  "text": "(Uni\ufb01ed court budget) shall give notice of intention to apply for funds pursuant to this subdivision to and shall consult about the\nimplementation of the use of workfare participants with the employee organization representing the employees who clean and maintain the court\nfacilities to which the workfare participants will be assigned prior to taking action to implement such plan or to receive such funds. The chief\nadministrative judge shall consult with the capital facilities review board before approving any plan or dispersing funds to a political subdivision\npursuant to this subdivision.\n3.\nNot later than December \ufb01rst in each year commencing with December \ufb01rst, nineteen hundred eighty-seven: (a) Each political subdivision entitled to\nstate assistance under this section shall submit to the chief administrator a statement that (i) if submitted on or before December \ufb01rst, nineteen hundred\nninety-eight, details the expenses paid by such political subdivision during the twelve-month period running from October \ufb01rst of the preceding year\nthrough September thirtieth immediately preceding the December \ufb01rst on which the statement is required to be submitted for the operation and\nmaintenance of court facilities it owns, operates or otherwise provides for transaction of business by the courts and court-related agencies of the\nuni\ufb01ed court system; provided, however, that the statement submitted on or before December \ufb01rst, nineteen hundred eighty-seven shall detail only\nthose expenses paid during the period from the effective date of this section through September thirtieth, nineteen hundred eighty-seven and the\nstatement submitted during calendar year nineteen hundred ninety-eight shall detail only those expenses paid during the period from October \ufb01rst,\nnineteen hundred ninety-seven through March thirty-\ufb01rst, nineteen hundred ninety-eight; and\n(ii)\nsets forth the interest on notes and bonds speci\ufb01ed in subdivision one of this section and the interest and principal on notes and bonds speci\ufb01ed in\nsubdivision one-a of this section payable during the immediately succeeding state \ufb01scal year and, as to notes and bonds speci\ufb01ed in subdivision one of\nthis section, the interest thereon during each state \ufb01scal year commencing on or after April \ufb01rst, nineteen hundred seventy-seven to and including the\nstate \ufb01scal year ending March thirty-\ufb01rst, nineteen hundred eighty-eight; and\n(iii)\nsetting forth all payments by such political subdivision during the twelve-month period running from October \ufb01rst of the preceding year through\nSeptember thirtieth immediately preceding the December \ufb01rst on which the statement is required to be submitted on account of which such political\nsubdivision will be entitled to state assistance pursuant to subparagraph (iii) of paragraph (a) of subdivision one-a of this section during the \ufb01scal year\ncommencing next thereafter. As soon as possible following submission of the statement required hereby, the chief administrator shall certify to the\naccuracy of such statement and shall transmit it to the state comptroller, the state budget director, the chair of the senate \ufb01nance committee, and the\nchair of the assembly ways and means committee. (b) Beginning December \ufb01rst, nineteen hundred eighty-eight, the state comptroller shall compute\nand certify to the chief administrator, the state budget director, the chairman of the senate \ufb01nance committee, and the chairman of the assembly ways\nand means committee, the percentage or percentages to be applied in determining the amount of any state assistance payable under this section to each\npolitical subdivision entitled thereto during the immediately succeeding state \ufb01scal year; provided, however, that the certi\ufb01cate made on or before\nDecember \ufb01rst, nineteen hundred eighty-seven by the commissioner of taxation and \ufb01nance shall also certify the percentage or percentages to be\napplied in determining the amount of state assistance payable under subdivision one of this section for each state \ufb01scal year commencing on or after\nApril \ufb01rst, nineteen hundred seventy-seven, to and including the state \ufb01scal year ending on March thirty-\ufb01rst, nineteen hundred eighty-eight.\n4.\nThe state assistance apportioned under this section shall be determined by the chief administrator and paid out of the court facilities incentive aid fund\nat the times and in the amounts set forth in section ninety-four of this chapter; provided that the amount to be apportioned for a state \ufb01scal year ending\nprior to April \ufb01rst, nineteen hundred eighty-eight shall be paid in equal installments payable over the ten state \ufb01scal years next succeeding the state\n\ufb01scal year beginning April \ufb01rst, nineteen hundred eighty-seven. Notwithstanding the provisions hereof, the assistance payable pursuant to this section\nduring a state \ufb01scal year shall be limited to the amount of moneys in the court facilities incentive aid fund during such state \ufb01scal year. In the event\nthat the amount in the court facilities incentive aid fund during a state \ufb01scal year is not suf\ufb01cient to pay fully the amount apportioned during such\n\ufb01scal year to each political subdivision entitled thereto, each such political subdivision shall be entitled to receive only that portion of the moneys in\nthe court facilities incentive aid fund during the state \ufb01scal year which has been credited to the account herein established for such political\nsubdivision in accordance with",
  "metadata": {
    "site_url": "https://www.nysenate.gov/legislation/laws/STF/39",
    "code_title": "New York State Finance Law",
    "section_number": "\u00a7 39"
  }
}