{
  "text": "(Special apportionments and grants-in-aid to school districts) and undertaken pursuant to a\nchapter of the laws of two thousand fourteen, enacting and constituting the smart schools bond act of 2014. Thirty years for pre-kindergarten projects\nor transportable classroom unit replacement projects, twenty years for community connectivity projects, and eight years for classroom technology\nprojects or school safety and security technology projects. Notwithstanding the foregoing, for the purposes of calculating annual debt service, the state\ncomptroller shall apply a weighted average period of probable life of such smart schools projects, including with any other works or purposes to be\n\ufb01nanced with state debt. Weighted average period of probable life shall be determined by computing the sum of the products derived from multiplying\nthe dollar value of the portion of the debt contracted for each work or purpose (or class of works or purposes) by the probable life of such work or\npurpose (or class of works or purposes) and dividing the resulting sum by the dollar value of the entire debt after taking into consideration any original\nissue premium or discount.\n32.\nThirty years. For the payment of \u201c clean water, clean air, and green jobs\u201d projects, as de\ufb01ned in article \ufb01fty-eight of the environmental conservation\nlaw and undertaken pursuant to a chapter of the laws of two thousand twenty-one, enacting and constituting the clean water, clean air, and green jobs\nenvironmental bond act of 2022. Thirty years for \ufb02ood control infrastructure, other environmental infrastructure, wetland and other habitat restoration,\nwater quality projects, acquisition of land, including acquisition of real property, and renewable energy projects. Notwithstanding the foregoing, for\nthe purposes of calculating annual debt service, the state comptroller shall apply a weighted average period of probable life of clean water, clean air,\nand green jobs projects, including any other works or purposes to be \ufb01nanced with state debt. Weighted average period of probable life shall be\ndetermined by computing the sum of the products derived from multiplying the dollar value of the portion of the debt contracted for each work or\npurpose (or class of works or purposes) by the probable life of such work or purpose (or class of works or purposes) and dividing the resulting sum by\nthe dollar value of the entire debt after taking into consideration any original issue premium or discount.\nSource: Section 61 \u2014 Probable life of certain works or purposes of state debt, https://www. nysenate. gov/legislation/laws/STF/61\n(updated Aug. 18, 2023; accessed Apr. 19, 2025).\n55\nIssuance of tax and revenue anticipation notes and bond anticipation notes 56\nCall provision in state bonds 57\nIssuance of state bonds 61\nProbable life of certain works or purposes of state debt 62\nReplacement of lost certi\ufb01cates 63\nExpense of preparing and selling bonds 64\nContracts for dies, plates and engraving 65\nAppointment of \ufb01scal agent or trustee\nUp to date\nAccessed:\nApr. 19, 2025\nLast modified:\nAug. 18, 2023\n\u00a7 61\u2019s source at nysenate .gov\nLink Style\n Pragmatic\n Pedantic\nStay Connected\nJoin thousands of people who receive monthly site updates.\nSubscribe\n \n \n \nGet Legal Help\nThe New York State Bar Association runs a service for \ufb01nding an attorney in good standing. Initial consultations are usually free or discounted:\nLawyer Referral Service\nCommitted to Public Service\nWe will always provide free access to the current law. In addition, we provide special support for non-pro\ufb01t, educational, and government users.\nThrough social entre pre neurship, we\u2019re lowering the cost of legal services and increasing citizen access.\nNavigate\nFind a Lawyer\nBlog\nAbout Us\nContact Us\nReports\nSecondary Sources\nCalifornia: Codes\nColorado: C.R.S.\nNevada:\nNRS\nNew York: Laws\nOregon:\nOAR, ORS\nTexas:\nStatutes\nWorld:\nRome Statute, International Dictionary\nLocation: https://newyork.public.law/laws/n.y._state_finance_law_section_61\nOriginal Source: Section 61 \u2014 Probable life of certain works or purposes of state debt, https://www. nysenate. gov/legislation/laws/STF/61\n(last ac cessed Aug. 20, 2023).\nBlank Outline Levels\n\u00d7\nThe legislature occasionally skips outline levels. For example:\n(3) A person may apply [...]\n(4)(a) A person petitioning for relief [...]\nIn this example, (3), (4), and (4)(a) are all outline levels, but (4) was omitted by its authors. It's only implied. This presents an interesting challenge\nwhen laying out the text. We've decided to display a blank section with this note, in order to aide readability.\nTrust but verify. Here is the original source for section 61\nDo you have an opinion about this solution? Drop us a line.\nClose\n NewYork.Public.Law \nLaws of New York\nSearch\nRemove ads\nLogin\n1. \n2. Laws\n3. State Fin. Law\n4. Art. 5. Borrowing By the State\n5.",
  "metadata": {
    "site_url": "https://www.nysenate.gov/legislation/laws/STF/3641",
    "code_title": "New York State Finance Law",
    "section_number": "\u00a7 3641"
  }
}