{
  "text": "N.Y. State Finance Law Section 54-A\nWithholding of payment of local assistance by the state to counties, cities and villages, in\ncertain cases\n1.\nIn the event that any county, city or village, subject to the provisions of section ten of article eight of the constitution of this state, levies or causes to\nbe levied taxes upon real property in excess of the limitation prescribed by or pursuant to such section, the state comptroller, upon a determination of\nthe amount thereof as herein provided, shall withhold local assistance by the state as de\ufb01ned in",
  "metadata": {
    "site_url": "https://www.nysenate.gov/legislation/laws/STF/54-A",
    "code_title": "New York State Finance Law",
    "section_number": "\u00a7 54-A"
  }
}