{
  "text": "(Industrial commissioner\u2019s powers) or any other applicable provision of law. 12-g. Notwithstanding any other provision of the court of claims act or\nany other law to the contrary, thirty days before the comptroller issues a check for payment to an incarcerated individual serving a sentence of\nimprisonment with the department of corrections and community supervision or to a prisoner con\ufb01ned at a local correctional facility for any reason,\nincluding a payment made in satisfaction of any damage award in connection with any lawsuit brought by or on behalf of such incarcerated individual\nor prisoner against the state or any of its employees in federal court or any other court, the comptroller shall give written notice, if required pursuant to\nsubdivision two of Executive Law",
  "metadata": {
    "site_url": "https://www.nysenate.gov/legislation/laws/STF/530",
    "code_title": "New York State Finance Law",
    "section_number": "\u00a7 530"
  }
}