{
  "text": "(New York state waste\nprevention program) and that meets secondary material content requirements adopted by the of\ufb01ce of general services, which shall be consistent, to\nthe extent practicable, with regulations promulgated pursuant to Environmental Conservation Law \u00a7 27-0717 (Bureau of waste reduction and\nrecycling) or, if no such requirements have been adopted or no such product is available, meets the secondary material content requirements adopted\nby any state agency with respect to a speci\ufb01c commodity procurement by such agency. \u201cRemanufactured\u201d shall mean any commodity that has been\nrestored to its original performance standards and function and is thereby diverted from the solid waste stream, retaining, to the extent practicable,\ncomponents that have been through at least one life cycle and replacing consumable or normal wear components. \u201cRecyclable\u201d shall mean any\ncommodity that can be collected, separated, or otherwise recovered from the solid waste stream for reuse, remanufacture or assembly of another\ncommodity, through a widely available and easily accessible program.\nb.\nConsistent with determinations of need required by subdivision \ufb01ve of",
  "metadata": {
    "site_url": "https://www.nysenate.gov/legislation/laws/STF/261",
    "code_title": "New York State Finance Law",
    "section_number": "\u00a7 261"
  }
}