{
  "text": "N.Y. State Finance Law Section 160\nDe\ufb01nitions\nAs used in this article, the following terms shall have the following meanings unless speci\ufb01ed otherwise: \ue9cb\n1.\n\u201cCentralized contract\u201d means any contract for the purchase of commodities or services, established or approved by the commissioner of general\nservices as meeting the state\u2019s requirements including, but not limited to, any contract let by the federal government, other state or local governments\nor purchasing consortia.\n2.\n\u201cCommissioner\u201d means the commissioner of general services.\n3.\n\u201cCommodity\u201d or \u201ccommodities\u201d means material goods, supplies, products, construction items, electronic information resources or other standard\narticles of commerce which are the subject of any purchase or other exchange.\n4.\n\u201cConstruction item\u201d means any item or material used in construction and which is procured directly by a state agency or by a person other than a\nmunicipality under contract with a state agency.\n5.\n\u201cCosts\u201d as used in this article shall be quanti\ufb01able and may include, without limitation, the price of the given good or service being purchased; the\nadministrative, training, storage, maintenance or other overhead associated with a given good or service; the value of warranties, delivery schedules,\n\ufb01nancing costs and foregone opportunity costs associated with a given good or service; and the life span and associated life cycle costs of the given\ngood or service being purchased. Life cycle costs may include, but shall not be limited to, costs or savings associated with construction, energy use,\nmaintenance, operation, and salvage or disposal.\n6.\n\u201cPrice\u201d unless otherwise speci\ufb01ed means the amount of money set as consideration for the sale of a commodity or service and may include, but is not\nlimited to, when applicable and when speci\ufb01ed in the solicitation, delivery charges, installation charges and other costs.\n7.\n\u201cService\u201d or \u201cservices\u201d means the performance of a task or tasks and may include a material good or a quantity of material goods, and which is the\nsubject of any purchase or other exchange. For the purposes of this article, technology shall be deemed a service. Services, as de\ufb01ned in this article,\nshall not apply to those contracts for architectural, engineering or surveying services, or those contracts approved in accordance with article 11-B\n(Prompt Contracting and Interest Payments For Not-for-pro\ufb01t Organizations).\n8.\n\u201cSmall business concern\u201d or \u201csmall business\u201d means a business which is resident in this state, independently owned and operated, not dominant in its\n\ufb01eld and employs one hundred or less persons.\n9.\n\u201cState agency\u201d or \u201cstate agencies\u201d means all state departments, boards, commissions, of\ufb01ces or institutions but excludes, however, for the purposes of\nsubdivision \ufb01ve of Education Law",
  "metadata": {
    "site_url": "https://www.nysenate.gov/legislation/laws/STF/160",
    "code_title": "New York State Finance Law",
    "section_number": "\u00a7 160"
  }
}