{
  "text": "N.Y. State Finance Law Section 179-W\nNoti\ufb01cation and suspension\n1.\nAny determination or noti\ufb01cation pursuant to the provisions of this article shall be in writing and shall immediately be provided to any directly\naffected not-for-pro\ufb01t organization, the chairman of the senate \ufb01nance committee, the chairman of the assembly ways and means committee and the\nstate comptroller who shall include such noti\ufb01cation in the procurement record.\n2.\nIn the event that a state agency, including the comptroller, division of budget, or the attorney general shall determine that extenuating circumstances\nexist which prevent such agency from complying with the time frames required by this article, such agency shall immediately provide written\nnoti\ufb01cation of such determination to any directly affected not-for-pro\ufb01t organization, the of\ufb01ce of the state comptroller, the chairman of the senate\n\ufb01nance committee and the chairman of the assembly ways and means committee. Such written noti\ufb01cation shall include an explanation of the\ncircumstances and shall state the speci\ufb01c amount of the time for which the speci\ufb01ed provisions of this article relating to time frames shall be\nsuspended. Except as provided in subdivision three of this section, no suspension shall be valid unless it shall state such speci\ufb01c amount of time,\nprovided that the cumulative length of suspensions declared by any state agency pursuant to this section, except such subdivision three, when added\ntogether shall not be valid if declared for a period greater than four and one-half months in any \ufb01scal year. \ue9cb\n3.\nUpon determining that signi\ufb01cant and substantive differences exist between the state agency and the not-for-pro\ufb01t organization in the negotiation of a\ncontract or renewal contract or when the state agency makes a determination that the not-for-pro\ufb01t organization is not negotiating in good faith, such\nagency may suspend the written directive and any subsequent interest payments or subsequent advance payments required to be provided pursuant to\nthis article. Upon such suspension the state agency shall be required to provide the affected not-for-pro\ufb01t organization with written noti\ufb01cation of such\ndetermination and the reasons therefor, and also to provide such notice to the comptroller, who shall include it in the procurement record.\nSource: Section 179-W \u2014 Notification and suspension, https://www. nysenate. gov/legislation/laws/STF/179-W (updated Sep. 22, 2014;\naccessed Apr. 19, 2025).\n179\u2013AA\nAdvisory committee 179\u2013BB\nReports 179\u2013CC\nJudicial review 179\u2013DD\nSeverability 179\u2013EE\nOther provisions for contracts and appropriations 179\u2013Q\nDe\ufb01nitions 179\u2013R\nProgram plan submission 179\u2013S\nTime frames for the implementation of new programs and the execution of new contracts 179\u2013T\nTime frames for the execution of renewal contracts 179\u2013U\nAdvance payments 179\u2013V\nInterest payments 179\u2013W\nNoti\ufb01cation and suspension 179\u2013X\nFederal funds 179\u2013Y\nDuties of the comptroller 179\u2013Z\nNot-for-pro\ufb01t short-term revolving loans\nUp to date\nAccessed:\nApr. 19, 2025\nLast modified:\nSep. 22, 2014\n\u00a7 179-W\u2019s source at nysenate .gov\nLink Style\n Pragmatic\n Pedantic\nStay Connected\nJoin thousands of people who receive monthly site updates.\nSubscribe\n \n \n \nGet Legal Help\nThe New York State Bar Association runs a service for \ufb01nding an attorney in good standing. Initial consultations are usually free or discounted:\nLawyer Referral Service\nCommitted to Public Service\nWe will always provide free access to the current law. In addition, we provide special support for non-pro\ufb01t, educational, and government users.\nThrough social entre pre neurship, we\u2019re lowering the cost of legal services and increasing citizen access.\nNavigate\nFind a Lawyer\nBlog\nAbout Us\nContact Us\nReports\nSecondary Sources\nCalifornia: Codes\nColorado: C.R.S.\nNevada:\nNRS\nNew York: Laws\nOregon:\nOAR, ORS\nTexas:\nStatutes\nWorld:\nRome Statute, International Dictionary\nLocation: https://newyork.public.law/laws/n.y._state_finance_law_section_179-w\nOriginal Source: Section 179-W \u2014 Noti\ufb01cation and suspension, https://www. nysenate. gov/legislation/laws/STF/179-W (last ac cessed Aug. 20,\n2023).\nBlank Outline Levels\n\u00d7\nThe legislature occasionally skips outline levels. For example:\n(3) A person may apply [...]\n(4)(a) A person petitioning for relief [...]\nIn this example, (3), (4), and (4)(a) are all outline levels, but (4) was omitted by its authors. It's only implied. This presents an interesting challenge\nwhen laying out the text. We've decided to display a blank section with this note, in order to aide readability.\nTrust but verify. Here is the original source for section 179-W\nDo you have an opinion about this solution? Drop us a line.\nClose\n NewYork.Public.Law \nLaws of New York\nSearch\nRemove ads\nLogin\n1. \n2. Laws\n3. State Fin. Law\n4. Art. 11-B. Prompt Contracting & Interest Payments For Not-for-pro\ufb01t Orgs.\n5.",
  "metadata": {
    "site_url": "https://www.nysenate.gov/legislation/laws/STF/179-W",
    "code_title": "New York State Finance Law",
    "section_number": "\u00a7 179-W"
  }
}