{
  "text": "N.Y. State Finance Law Section 18\nInterest and collection fees assessed on debts owed to the state\n1.\nAs used in this section:\n(a)\n\u201cstate agency\u201d shall mean any state department, board, bureau, division, commission, committee, public authority, public bene\ufb01t corporation, council,\nof\ufb01ce, or other governmental entity performing a governmental or proprietary function for the state;\n(b)\n\u201cdebt\u201d shall mean any liquidated sum due and owing any state agency which has accrued pursuant to law or through contract, subrogation, tort or\nother cause of action, except a liability resulting from taxes or other impositions administered by the state commissioner of taxation and \ufb01nance,\nregardless of whether there is an outstanding judgment for that sum;\n(c)\n\u201cdebtor\u201d shall mean any individual, business, or other entity, which is not a state agency, municipal corporation or district corporation, having a debt\nwith any state agency;\n(d)\n\u201cliquidated\u201d shall mean an amount which is \ufb01xed or certain or capable of being readily calculated, whether or not the underlying liability or amount of\nthe debt is disputed; and\n(e)\n\u201coutstanding\u201d debt shall mean the amount set forth in the billing invoice or notice mailed to the debtor, together with late payment charges and\ninterest, less any payments made by or on behalf of the debtor.\n2.\nFor the purposes of this section, a state agency shall mail a dated billing invoice or notice on or about the day it is dated, and receipt by the debtor of a\nbilling invoice or notice is deemed to have occurred \ufb01ve days after its date.\n3.\nUnless provided otherwise by contract, statute or regulation, a debtor owing a debt to any state agency shall pay such debt on or before the thirtieth\nday following such debtor\u2019s receipt of any billing invoice or notice sent by the state agency that such debt is due and owing and that failure to make\ntimely payment, as stated in the billing invoice or notice, will result in the assessment of interest or a late payment charge and may result in a charge to\ncover the cost of processing, handling, and collecting such debt.\n4.\nUnless provided otherwise by contract, statute or regulation, a debtor that fails to make payment of a debt within the period set forth in subdivision\nthree of this section shall pay, in addition to the amount of debt, interest on the outstanding balance of the debt, accruing on the date on which the\nreceipt of the \ufb01rst billing invoice or \ufb01rst notice occurs, computed at the underpayment rate which is in effect on the date which the receipt of the \ufb01rst\nbilling invoice or \ufb01rst billing notice occurs. For the purposes of this section, the underpayment rate shall be that rate set by the commissioner of\ntaxation and \ufb01nance and published in the state register pursuant to subsection (e) of Tax Law",
  "metadata": {
    "site_url": "https://www.nysenate.gov/legislation/laws/STF/18",
    "code_title": "New York State Finance Law",
    "section_number": "\u00a7 18"
  }
}