{
  "text": "(Purchases through the of\ufb01ce of general\nservices by certain public associations);\n(iv)\nany association, consortium or group of privately owned or municipal, federal or state owned or operated hospitals, medical schools, other health\nrelated facilities or voluntary ambulance services, which have entered into a contract and made mutual arrangements for the joint purchase of\ncommodities, services and technology pursuant to Public Health Law",
  "metadata": {
    "site_url": "https://www.nysenate.gov/legislation/laws/STF/109-A",
    "code_title": "New York State Finance Law",
    "section_number": "\u00a7 109-A"
  }
}