{
  "text": "N.Y. State Finance Law Section 179-AA\nAdvisory committee\nThere is hereby established a not-for-pro\ufb01t contracting advisory committee. The advisory committee shall consist of sixteen members which shall\ninclude eight appointed members, four to be appointed by the governor who shall be representatives of not-for-pro\ufb01t organizations providing services\nin the state, and two each to be appointed by the governor upon recommendation of the temporary president of the senate and speaker of the assembly,\nand eight ex of\ufb01cio members of the committee, one each designated from the division of the budget, the department of law, the of\ufb01ce of the state\ncomptroller, and the education department. The governor shall also designate four members from among the following agencies: the department of\nstate, the of\ufb01ce of children and family services, the of\ufb01ce of temporary and disability assistance, the department of health, the of\ufb01ce of mental\nhygiene, the of\ufb01ce for people with developmental disabilities, and the department of labor. The governor shall designate an appointee to serve as chair\nof the committee. The advisory committee shall meet at least quarterly and upon its own initiative may: comment and report on the implementation\nand operation of the not-for-pro\ufb01t short-term revolving loan fund; advise the governor, comptroller and state agencies on the implementation and\noperation of this article; evaluate the bene\ufb01ts of requiring all state agencies to use standard contract language and the extent to which standard\nlanguage may be effectively included in contracts with not-for-pro\ufb01t organizations; review annually the report of the of\ufb01ce of the state comptroller\nmade pursuant to",
  "metadata": {
    "site_url": "https://www.nysenate.gov/legislation/laws/STF/179-AA",
    "code_title": "New York State Finance Law",
    "section_number": "\u00a7 179-AA"
  }
}