{
  "text": "(De\ufb01nitions).\n11.\nNotwithstanding any other inconsistent provision of law, the comptroller, after receipt of written directions of the director of employee relations, is\nauthorized to deduct from the salary of any employee of the state in the executive branch whose position is designated managerial or con\ufb01dential\npursuant to article fourteen of the civil service law, employees covered by Correction Law",
  "metadata": {
    "site_url": "https://www.nysenate.gov/legislation/laws/STF/2",
    "code_title": "New York State Finance Law",
    "section_number": "\u00a7 2"
  }
}