{
  "text": "N.Y. State Finance Law Section 24\nBudget bills\n1.\nThe budget submitted annually by the governor shall be simultaneously accompanied by a bill or bills for all proposed appropriations and\nreappropriations and for the proposed measures of taxation or other legislation, if any, recommended therein. Such bills shall be submitted by the\ngovernor and shall be known as budget bills.\n(a)\nFor all non-federal state operations appropriations, such bill or bills shall only contain itemized appropriations and shall be made, where practicable,\nby agency and within each agency by program and within each program at the following level of detail and in the following order:\n(i)\nby fund type, which at a minimum shall include general fund, special revenue-other funds, capital projects funds, and debt service funds;\n(ii)\nfor personal service appropriations, separate appropriations shall be made for regular personal service, temporary personal service, and holiday and\novertime pay;\n(iii)\nfor nonpersonal service appropriations, separate appropriations shall be made for supplies and materials, travel, contractual services, equipment, and\nfringe bene\ufb01ts, as appropriate.\n(b)\nAny appropriation for temporary assistance for needy families, the environmental protection fund, and the medical assistance program, shall only\ncontain itemized appropriations which shall not be in the form of lump sum appropriations, provided, however, for the purposes of the medical\nassistance program, itemized appropriations shall consist of categories-of-service with separate appropriations for hospital inpatient, hospital\noutpatient and emergency room, clinic, nursing home, other long-term care, managed care, pharmacy, dental, transportation, and other non-\ninstitutional services.\n2.\n(a) On or after January \ufb01rst, nineteen hundred eighty-four, no budget bill submitted by the governor may include any proposed appropriation or\nreappropriation for any capital project which is not included in the capital plan presented as part of the budget submitted pursuant to",
  "metadata": {
    "site_url": "https://www.nysenate.gov/legislation/laws/STF/24",
    "code_title": "New York State Finance Law",
    "section_number": "\u00a7 24"
  }
}