{
  "text": "N.Y. State Finance Law Section 237\nEstablishment and purpose\nwater pollution control linked deposit program authorization\nThe water pollution control linked deposit program is hereby created. The purpose of this program is to encourage and assist eligible borrowers within\nthe state to undertake eligible projects that reduce, control or prevent water pollution. The corporation is hereby authorized to use funds in the water\npollution control revolving fund established pursuant to Public Authorities Law",
  "metadata": {
    "site_url": "https://www.nysenate.gov/legislation/laws/STF/237",
    "code_title": "New York State Finance Law",
    "section_number": "\u00a7 237"
  }
}