{
  "text": "(Winery\nlicense).\nb.\nThe commissioner of taxation and \ufb01nance, in consultation with the commissioners of the state liquor authority shall prepare a list of wines that are\neligible as determined by the criteria in paragraph a of this subdivision and that are available and are being provided, for purchase by state agencies,\npublic bene\ufb01t corporations, commissions or political subdivisions from those entities which produce such New York state labelled wine. Such list may\ninclude references to catalogs and other descriptive literature which are available directly from any winery that produces wine accorded favored\nsource status under this subdivision. The commissioner shall make this list available to prospective vendors, state agencies, public bene\ufb01t\ncorporations, political subdivisions and other interested parties. Any wines that meet the criteria under paragraph a of this subdivision shall be eligible\nfor this favored source status.\nc.\nThe state procurement council in consultation with the commissioners of the state liquor authority, and upon application from a winery, will determine\nif a particular New York state labelled wine meets the required criteria under paragraph a of this subdivision for favored source status, and if so, such\nwine shall be added to the list of favored source status New York state labelled wines. In order to insure that such list re\ufb02ects current production and/or\navailability of commodities and services, the state procurement council may delete at the request of a winery a favored wine from the list established\nby the criteria in paragraph a of this subdivision. The state procurement council will also determine if a particular wine no longer meets the required\nde\ufb01nition under paragraph a of this subdivision for favored source status, and if it does not, such wine shall be deleted from the list of favored source\nstatus or favored wines.\nd.\nThe commissioners of the state liquor authority, in consultation with the commissioner of taxation and \ufb01nance and of\ufb01ce of general services, shall\nmake every effort to encourage state agencies, public authorities and political subdivisions when they purchase any quantity of wine to purchase those\nwines that have been granted favored source status as determined by the commissioners of the state liquor authority and the state procurement\ncouncil.\ne.\nThe list shall be maintained by the of\ufb01ce of general services in accordance with provisions of",
  "metadata": {
    "site_url": "https://www.nysenate.gov/legislation/laws/STF/76",
    "code_title": "New York State Finance Law",
    "section_number": "\u00a7 76"
  }
}