{
  "text": "N.Y. State Finance Law Section 54-B\nState assistance to certain public corporations in which railroad real property is partially\nexempt from taxation\n1.\nWhen used in this section, unless otherwise expressly stated:\na.\n\u201cPublic corporation\u201d means a county, city, town, village, school district, town or county improvement district, district corporation or special district in\nwhich real property is subject to taxation or special ad valorem levies.\nb.\n\u201cRailroad company\u201d means a corporation, joint stock company, association, partnership, individual or other person which is operating a railroad\nsystem as a common carrier by rail, including but not limited to a street, surface, underground or elevated railroad, whether as owner, lessee,\nmortgagee, trustee, receiver or assignee of railroad real property, and to which the provisions of title two-a of article four of the real property tax law\napply as a result of the exercise of the option provided in Real Property Tax Law",
  "metadata": {
    "site_url": "https://www.nysenate.gov/legislation/laws/STF/54-B",
    "code_title": "New York State Finance Law",
    "section_number": "\u00a7 54-B"
  }
}