{
  "text": "N.Y. State Finance Law Section 41\nIndebtedness not to be contracted without appropriation\nNo state of\ufb01cer, employee, board, department or commission shall contract indebtedness on behalf of the state, nor assume to bind the state, in an\namount in excess of money appropriated or otherwise lawfully available. This section shall not apply to a case where a statute expressly authorizes the\nmaking of a contract or contracts for a stated maximum amount which exceeds the money appropriateed or otherwise available for payments\nthereon.\nSource: Section 41 \u2014 Indebtedness not to be contracted without appropriation, https://www. nysenate. gov/legislation/laws/STF/41\n(updated Sep. 22, 2014; accessed Apr. 19, 2025).\n40\nPeriod for which appropriations made 40\u2013A\nRepayment of advances 41\nIndebtedness not to be contracted without appropriation 42\nLimitation on expenditures 43\nSpeci\ufb01c appropriations limited as to use 43\u2013A\nPayment of judgments of the court of claims in certain cases arising out of the appropriation of property by the state 44\nAppropriations for personal service 47\nSubstitute employees 48\nTravel expenses for of\ufb01cers and employees 49\nSegregation of lump sum appropriations 50\nTransfers of appropriations 51\nInterchange of appropriations or items therein 52\nClassi\ufb01cation of expenditures 53\nSpecial emergency appropriations 53\u2013A\nFiling of notices of applications for state participation in certain federal programs 53\u2013B\nAuthorization of applications for state participation in certain grant or contract supported programs 53\u2013C\nReport on \ufb01nancial support of research institutes 53\u2013D\nEstimates of \ufb01scal impact\nUp to date\nAccessed:\nApr. 19, 2025\nLast modified:\nSep. 22, 2014\n\u00a7 41\u2019s source at nysenate .gov\nLink Style\n Pragmatic\n Pedantic\nStay Connected\nJoin thousands of people who receive monthly site updates.\nSubscribe\n \n \n \nGet Legal Help\nThe New York State Bar Association runs a service for \ufb01nding an attorney in good standing. Initial consultations are usually free or discounted:\nLawyer Referral Service\nCommitted to Public Service\nWe will always provide free access to the current law. In addition, we provide special support for non-pro\ufb01t, educational, and government users.\nThrough social entre pre neurship, we\u2019re lowering the cost of legal services and increasing citizen access.\nNavigate\nFind a Lawyer\nBlog\nAbout Us\nContact Us\nReports\nSecondary Sources\nCalifornia: Codes\nColorado: C.R.S.\nNevada:\nNRS\nNew York: Laws\nOregon:\nOAR, ORS\nTexas:\nStatutes\nWorld:\nRome Statute, International Dictionary\nLocation: https://newyork.public.law/laws/n.y._state_finance_law_section_41\nOriginal Source: Section 41 \u2014 Indebtedness not to be contracted without appropriation, https://www. nysenate. gov/legislation/laws/STF/41\n(last ac cessed Aug. 20, 2023).\nBlank Outline Levels\n\u00d7\nThe legislature occasionally skips outline levels. For example:\n(3) A person may apply [...]\n(4)(a) A person petitioning for relief [...]\nIn this example, (3), (4), and (4)(a) are all outline levels, but (4) was omitted by its authors. It's only implied. This presents an interesting challenge\nwhen laying out the text. We've decided to display a blank section with this note, in order to aide readability.\nTrust but verify. Here is the original source for section 41\nDo you have an opinion about this solution? Drop us a line.\nClose\n NewYork.Public.Law \nLaws of New York\nSearch\nRemove ads\nLogin\n1. \n2. Laws\n3. State Fin. Law\n4. Art. 4. Appropriations\n5.",
  "metadata": {
    "site_url": "https://www.nysenate.gov/legislation/laws/STF/41",
    "code_title": "New York State Finance Law",
    "section_number": "\u00a7 41"
  }
}