{
  "text": "N.Y. State Finance Law Section 179-O\nCourt actions or other legal processes\n1.\nNotwithstanding any other provision of law to the contrary, the liability of the state government, insofar as incurring an obligation to make an interest\npayment to a contractor pursuant to the terms of this article is concerned, shall not extend beyond the date of a notice of intention to \ufb01le a claim, the\ndate of a notice of a claim, or the date commencing a legal action for the payment of such interest, whichever occurs \ufb01rst. Any such interest payment\nowed by the state government in accordance with the provisions of this article as of such date shall be paid as directed by the court and, to the extent\nthat the interest payment is attributable to processing delays caused by the state agency which received the proper invoice or by processing delays\ncaused by the department of audit and control, such interest payment shall be made from funds available to said state agency or to the department of\naudit and control at the time of \ufb01nal judgment.\n2.\nWith respect to the court actions or other legal processes referred to in subdivision one of this section, any interest obligation incurred by the state\ngovernment after the date speci\ufb01ed in such subdivision pursuant to any provision of law other than this article shall be determined as prescribed by\nsuch separate provision of law, shall be paid as directed by the court, and shall be paid from any appropriation available for that purpose.\nSource: Section 179-O \u2014 Court actions or other legal processes, https://www. nysenate. gov/legislation/laws/STF/179-O (updated Sep. 22,\n2014; accessed Apr. 19, 2025).\n179\u2013D\nLegislative intent 179\u2013E\nDe\ufb01nitions 179\u2013F\nDetermination of eligibility for payment of interest on amounts owed to contractors 179\u2013G\nComputation of interest payment 179\u2013H\nDetermination of appropriations against which interest payments are to be charged 179\u2013I\nExclusion of interest from reimbursement rates 179\u2013J\nDisclaimer of state responsibility for interest payments incurred by contractors 179\u2013K\nAcceptance of payment 179\u2013L\nProvisions to control 179\u2013M\nDuties of the comptroller 179\u2013N\nJudicial review 179\u2013O\nCourt actions or other legal processes 179\u2013P\nInapplicability of the provisions\nUp to date\nAccessed:\nApr. 19, 2025\nLast modified:\nSep. 22, 2014\n\u00a7 179-O\u2019s source at nysenate .gov\nLink Style\n Pragmatic\n Pedantic\nStay Connected\nJoin thousands of people who receive monthly site updates.\nSubscribe\n \n \n \nGet Legal Help\nThe New York State Bar Association runs a service for \ufb01nding an attorney in good standing. Initial consultations are usually free or discounted:\nLawyer Referral Service\nCommitted to Public Service\nWe will always provide free access to the current law. In addition, we provide special support for non-pro\ufb01t, educational, and government users.\nThrough social entre pre neurship, we\u2019re lowering the cost of legal services and increasing citizen access.\nNavigate\nFind a Lawyer\nBlog\nAbout Us\nContact Us\nReports\nSecondary Sources\nCalifornia: Codes\nColorado: C.R.S.\nNevada:\nNRS\nNew York: Laws\nOregon:\nOAR, ORS\nTexas:\nStatutes\nWorld:\nRome Statute, International Dictionary\nLocation: https://newyork.public.law/laws/n.y._state_finance_law_section_179-o\nOriginal Source: Section 179-O \u2014 Court actions or other legal processes, https://www. nysenate. gov/legislation/laws/STF/179-O (last ac -\ncessed Aug. 20, 2023).\nBlank Outline Levels\n\u00d7\nThe legislature occasionally skips outline levels. For example:\n(3) A person may apply [...]\n(4)(a) A person petitioning for relief [...]\nIn this example, (3), (4), and (4)(a) are all outline levels, but (4) was omitted by its authors. It's only implied. This presents an interesting challenge\nwhen laying out the text. We've decided to display a blank section with this note, in order to aide readability.\nTrust but verify. Here is the original source for section 179-O\nDo you have an opinion about this solution? Drop us a line.\nClose\n NewYork.Public.Law \nLaws of New York\nSearch\nRemove ads\nLogin\n1. \n2. Laws\n3. State Fin. Law\n4. Art. 11-A. Interest Payments On Certain Amounts Owed By State\n5.",
  "metadata": {
    "site_url": "https://www.nysenate.gov/legislation/laws/STF/179-O",
    "code_title": "New York State Finance Law",
    "section_number": "\u00a7 179-O"
  }
}