{
  "text": "(The\nbudget). Each proposed appropriation or reappropriation for a capital project shall bear the capital plan project reference number or numbers to which\nit shall pertain, and shall be classi\ufb01ed into the same category as the associated capital project or projects have been classi\ufb01ed in such capital plan.\nReappropriations of appropriations effective for \ufb01scal years beginning prior to April \ufb01rst, nineteen hundred eighty-four may be presented by the\ncategories of appropriation contained in the bill originally enacting such appropriation.\n(b)\nOn or after January \ufb01rst, two thousand ten, any budget bill submitted by the governor containing a proposed appropriation from the dedicated highway\nand bridge trust fund shall be itemized to show the following information for each such appropriation:\n(i)\neach amount appropriated from the dedicated highway and bridge trust fund for capital purposes;\n(ii)\nthe amount of each such appropriation to be used for personal service expenses; and\n(iii)\nthe amount of each such appropriation to be used for non-personal service expenses.\n3.\nAny appropriation for maintenance undistributed shall be shown as apportioned among the items covered to the extent practicable.\n4.\nAny appropriation added to such budget bills, pursuant to section four of article seven of the constitution, shall only contain itemized appropriations\nwhich shall not be in the form of lump sum appropriations, and provided further that for all non-federal state operations appropriations, such bill or\nbills shall only contain itemized appropriations and shall be made, where practicable, by agency, and within each agency by program and within each\nprogram at the following level of detail and in the following order:\n(a)\nby fund type, which at a minimum shall include general fund, special revenue-other funds, capital projects funds and debt service funds;\n(b)\nfor personal service appropriations, separate appropriations shall be made for regular personal service, temporary personal service, and holiday and\novertime pay;\n(c)\nfor nonpersonal service appropriations, separate appropriations shall be made for supplies and materials, travel, contractual services, equipment and\nfringe bene\ufb01ts, as appropriate.\n5.\nAny appropriation added pursuant to section four of article seven of the constitution without designating a grantee shall be allocated only pursuant to a\nplan setting forth an itemized list of grantees with the amount to be received by each, or the methodology for allocating such appropriation. Such plan\nshall be subject to the approval of the chair of the senate \ufb01nance committee, the chair of the assembly ways and means committee, and the director of\nthe budget, and thereafter shall be included in a concurrent resolution calling for the expenditure of such monies, which resolution must be approved\nby a majority vote of all members elected to each house upon a roll call vote.\nSource: Section 24 \u2014 Budget bills, https://www. nysenate. gov/legislation/laws/STF/24 (updated Sep. 22, 2014; accessed Apr. 19, 2025).\n20\nDivision of the budget 21\nAuxiliary powers of executive department 22\nThe budget 22\u2013A\nSynopsis of requests for appropriations 22\u2013B\nReport of the legislature on the enacted budget 22\u2013C\nCapital program and \ufb01nancing plan 23\nPlans and estimates 24\nBudget bills 25\nReappropriation bills 26\nMaintaining capital assets 27\nScheduled maintenance appropriations\nUp to date\nAccessed:\nApr. 19, 2025\nLast modified:\nSep. 22, 2014\n\u00a7 24\u2019s source at nysenate .gov\nLink Style\n Pragmatic\n Pedantic\nStay Connected\nJoin thousands of people who receive monthly site updates.\nSubscribe\n \n \n \nGet Legal Help\nThe New York State Bar Association runs a service for \ufb01nding an attorney in good standing. Initial consultations are usually free or discounted:\nLawyer Referral Service\nCommitted to Public Service\nWe will always provide free access to the current law. In addition, we provide special support for non-pro\ufb01t, educational, and government users.\nThrough social entre pre neurship, we\u2019re lowering the cost of legal services and increasing citizen access.\nNavigate\nFind a Lawyer\nBlog\nAbout Us\nContact Us\nReports\nSecondary Sources\nCalifornia: Codes\nColorado: C.R.S.\nNevada:\nNRS\nNew York: Laws\nOregon:\nOAR, ORS\nTexas:\nStatutes\nWorld:\nRome Statute, International Dictionary\nLocation: https://newyork.public.law/laws/n.y._state_finance_law_section_24\nOriginal Source: Section 24 \u2014 Budget bills, https://www. nysenate. gov/legislation/laws/STF/24 (last ac cessed Aug. 20, 2023).\nBlank Outline Levels\n\u00d7\nThe legislature occasionally skips outline levels. For example:\n(3) A person may apply [...]\n(4)(a) A person petitioning for relief [...]\nIn this example, (3), (4), and (4)(a) are all outline levels, but (4) was omitted by its authors. It's only implied. This presents an interesting challenge\nwhen laying out the text. We've decided to display a blank section with this note, in order to aide readability.\nTrust but verify. Here is the original source for section 24\nDo you have an opinion about this solution? Drop us a line.\nClose\n NewYork.Public.Law \nLaws of New York\nSearch\nRemove ads\nLogin\n1. \n2. Laws\n3. State Fin. Law\n4. Art. 3. The Budget\n5.",
  "metadata": {
    "site_url": "https://www.nysenate.gov/legislation/laws/STF/22",
    "code_title": "New York State Finance Law",
    "section_number": "\u00a7 22"
  }
}