{
  "text": "(De\ufb01nitions).\nd.\nThe board is also authorized to:\n(i)\nperiodically provide notice of the existence of such strategy so that MWBE asset managers, MWBE \ufb01nancial institutions and other MWBE\nprofessional service \ufb01rms are made aware of the opportunities made available pursuant to this strategy;\n(ii)\nwithin sixty days of the end of each \ufb01scal year following the effective date of this paragraph, the board shall report to the governor, legislature and the\nchief diversity of\ufb01cer of the state of New York on the participation of MWBE asset managers, MWBE \ufb01nancial institutions and MWBE professional\nservice providers in investment and brokerage transactions with or as providers of services for the deferred compensation plans, including a\ncomparative analysis of such activity relative to such activity with all asset managers, \ufb01nancial institutions and professional service providers for the\nrelevant period and on the progress and the success of the efforts undertaken during such period to achieve the goals of such strategy. Each report shall\nbe simultaneously published on the website of the deferred compensation plans for not less than sixty days following its release to the governor and\nthe other recipients named above;\n(iii)\nwork with the other \ufb01duciary-controlled entities to create a database of such MWBE entities; and\n(iv)\nperiodically, but not less than annually, hold a conference to promote such strategy in conjunction with the other \ufb01duciary-controlled entities.\ne.\nThe rules and regulations promulgated by the board shall establish standards for the selection of \ufb01nancial organizations, authorized to do business in\nthis state, to participate in such plans, including, but not limited to, the following criteria:\n(i)\nrates of commission, brokerage and other fees, administrative expenses and related service charges imposed by the \ufb01nancial organization, (ii) variety\nof types of investment opportunities offered by the \ufb01nancial organization and/or among the \ufb01nancial organizations selected and the ability to transfer\namong such opportunities, (iii) the stability of the \ufb01nancial organization as evidenced by experience, reputation, assets and holdings, ability to\nguarantee speci\ufb01c rates of return, (iv) ability to comply with reporting requirements to the board and to participants in such a plan, and\n(v)\nsuch other factors which would be considered by a prudent investor in such a plan.\nf.\nThe president of the state civil service commission, subject to the rules and regulations of the board, shall provide assistance to any public employer as\nis appropriate to the provisions of this section.\ng.\nAt the request of a state employee the comptroller shall, by payroll deduction, defer the payment of part of the compensation of such employee as\nprovided in a written statement by the employee and transfer the amount so deferred to the authorized \ufb01nancial organization.\nh.\nThe board may hire such employees as it deems necessary and prudent to assist in its administration. Such employees may be either:\n(i)\nin the unclassi\ufb01ed service of the state and, notwithstanding any other provision of law to the contrary, shall be designated managerial and, as such,\neligible for bene\ufb01ts provided by subdivision two of section eleven and subdivision (a) of section twelve of chapter four hundred sixty of the laws of\nnineteen hundred eighty-two, as amended; Civil Service Law",
  "metadata": {
    "site_url": "https://www.nysenate.gov/legislation/laws/STF/176",
    "code_title": "New York State Finance Law",
    "section_number": "\u00a7 176"
  }
}