{
  "text": "(Court facilities incentive aid fund).\n5.\nWhen used in this section, unless otherwise expressly stated, the following terms shall have the following meanings: (a) \u201cAverage taxing capacity\u201d\nmeans for counties not within the city of New York an amount equal to the taxing capacities for all such counties divided by the number of such\ncounties, and for cities an amount equal to the taxing capacity for all cities divided by the number of cities. (b) \u201cFull value\u201d means for each county and\neach city an amount equal to the total taxable assessed value of property on the most recently completed assessment roll as \ufb01led with the state\ncomptroller divided by the \ufb01nal state equalization rate established for such roll by the commissioner of taxation and \ufb01nance. (c) \u201cTaxing capacity\u201d\nmeans an amount equal to the full value of a county or a city divided by the population of such county or city. (d) \u201cOperation and maintenance of\ncourt facilities\u201d means the routine care and upkeep of such facilities in a manner consistent with such standards and policies relating to court facilities\nas may be promulgated pursuant to section twenty-eight of article six of the constitution. (e) \u201cPopulation\u201d means the \ufb01nal population as shown on the\nmost recent decennial federal census as certi\ufb01ed by the United States Bureau of Census.\nSource: Section 54-J \u2014 Court facilities incentive aid, https://www. nysenate. gov/legislation/laws/STF/54-J (updated Sep. 22, 2014;\naccessed Apr. 19, 2025).\n54\nPer capita state aid for the support of local government 54\u2013A\nWithholding of payment of local assistance by the state to counties, cities and villages, in certain cases 54\u2013B\nState assistance to certain public corporations in which railroad real property is partially exempt from taxation 54\u2013C\nEmergency \ufb01nancial aid to certain cities 54\u2013D\nAdvance payment of state moneys 54\u2013E\nState assistance to reimburse municipalities for \ufb01re\ufb01ghting costs 54\u2013G\nState assistance to local governments for support of activities related to \ufb01re prevention and building codes 54\u2013H\nState aid to local governments for housing maintenance code enforcement 54\u2013I\nHuman services overburden aid to counties 54\u2013J\nCourt facilities incentive aid 54\u2013K\nAssistance to counties 54\u2013L\nState assistance to eligible cities and eligible municipalities in which a video lottery gaming facility is located 54\u2013M\nLocal share requirements associated with increasing the age of juvenile jurisdiction above \ufb01fteen years of age\nUp to date\nAccessed:\nApr. 19, 2025\nLast modified:\nSep. 22, 2014\n\u00a7 54-J\u2019s source at nysenate .gov\nLink Style\n Pragmatic\n Pedantic\nStay Connected\nJoin thousands of people who receive monthly site updates.\nSubscribe\n \n \n \nGet Legal Help\nThe New York State Bar Association runs a service for \ufb01nding an attorney in good standing. Initial consultations are usually free or discounted:\nLawyer Referral Service\nCommitted to Public Service\nWe will always provide free access to the current law. In addition, we provide special support for non-pro\ufb01t, educational, and government users.\nThrough social entre pre neurship, we\u2019re lowering the cost of legal services and increasing citizen access.\nNavigate\nFind a Lawyer\nBlog\nAbout Us\nContact Us\nReports\nSecondary Sources\nCalifornia: Codes\nColorado: C.R.S.\nNevada:\nNRS\nNew York: Laws\nOregon:\nOAR, ORS\nTexas:\nStatutes\nWorld:\nRome Statute, International Dictionary\nLocation: https://newyork.public.law/laws/n.y._state_finance_law_section_54-j\nOriginal Source: Section 54-J \u2014 Court facilities incentive aid, https://www. nysenate. gov/legislation/laws/STF/54-J (last ac cessed Aug. 20,\n2023).\nBlank Outline Levels\n\u00d7\nThe legislature occasionally skips outline levels. For example:\n(3) A person may apply [...]\n(4)(a) A person petitioning for relief [...]\nIn this example, (3), (4), and (4)(a) are all outline levels, but (4) was omitted by its authors. It's only implied. This presents an interesting challenge\nwhen laying out the text. We've decided to display a blank section with this note, in order to aide readability.\nTrust but verify. Here is the original source for section 54-J\nDo you have an opinion about this solution? Drop us a line.\nClose\n NewYork.Public.Law \nLaws of New York\nSearch\nRemove ads\nLogin\n1. \n2. Laws\n3. State Fin. Law\n4. Art. 4-A. State Assistance to Local Gov\u2019t\n5.",
  "metadata": {
    "site_url": "https://www.nysenate.gov/legislation/laws/STF/94",
    "code_title": "New York State Finance Law",
    "section_number": "\u00a7 94"
  }
}