{
  "text": "N.Y. State Finance Law Section 236\nDe\ufb01nitions\nWhen used in this article, unless the context clearly indicates otherwise, the following terms shall have the following meanings: \ue9cb\n1.\n\u201cCorporation\u201d means the New York state environmental facilities corporation, as continued by Public Authorities Law",
  "metadata": {
    "site_url": "https://www.nysenate.gov/legislation/laws/STF/236",
    "code_title": "New York State Finance Law",
    "section_number": "\u00a7 236"
  }
}