{
  "text": "N.Y. State Finance Law Section 128\nDisposition of unclaimed personal property\n1.\nAny personal property, and any interest or increments accruing thereon, belonging or credited to a person in any institution under the jurisdiction of\nthe of\ufb01ce of children and family services, the department of health, the department of mental hygiene, the executive department, or the department of\ncorrections and community supervision who shall have been discharged from such institution or who shall have died or escaped before discharge or\nbefore termination of sentence, which is in the custody of the proper of\ufb01cer of such institution, shall, if unclaimed by such discharged or escaped\nperson or by the legal representative of such deceased person for a period of six months after the discharge, decease or escape of such person, be fully\ninventoried and a copy of such inventory shall be \ufb01led with the commissioner of such department having jurisdiction over such institution and with\nthe state comptroller. \ue9cb\n2.\nAny such personal property consisting of money or intangible property shall be paid or delivered forthwith, by such of\ufb01cer, to the state comptroller\npursuant to the provisions of Abandoned Property Law",
  "metadata": {
    "site_url": "https://www.nysenate.gov/legislation/laws/STF/128",
    "code_title": "New York State Finance Law",
    "section_number": "\u00a7 128"
  }
}