{
  "text": "N.Y. State Finance Law Section 188\nDe\ufb01nitions\nAs used in this article, the following terms shall mean: \ue9cb\n1.\n\u201cClaim\u201d (a) means any request or demand, whether under a contract or otherwise, for money or property that (i) is presented to an of\ufb01cer, employee or\nagent of the state or a local government; or\n(ii)\nis made to a contractor, grantee, or other recipient, if the money or property is to be spent or used on the state or a local government\u2019s behalf or to\nadvance a state or local government program or interest, and if the state or local government (A) provides or has provided any portion of the money or\nproperty requested or demanded; or (B) will reimburse such contractor, grantee, or other recipient for any portion of the money or property which is\nrequested or demanded; (b) does not include requests or demands for money or property that the state or a local government has already paid to an\nindividual as compensation for government employment or as an income subsidy with no restrictions on that individual\u2019s use of the money or\nproperty.\n2.\n\u201cFalse claim\u201d means any claim which is, either in whole or part, false or fraudulent.\n3.\n\u201cKnowing and knowingly\u201d (a) means that a person, with respect to information:\n(i)\nhas actual knowledge of the information;\n(ii)\nacts in deliberate ignorance of the truth or falsity of the information; or\n(iii)\nacts in reckless disregard of the truth or falsity of the information; and (b) require no proof of speci\ufb01c intent to defraud, provided, however that acts\noccurring by mistake or as a result of mere negligence are not covered by this article.\n4.\n\u201cObligation\u201d means an established duty, whether or not \ufb01xed, arising from an express or implied contractual, grantor-grantee, or licensor-licensee\nrelationship, from a fee-based or similar relationship, from statute or regulation, or from the retention of any overpayment.\n5.\n\u201cMaterial\u201d means having a natural tendency to in\ufb02uence, or be capable of in\ufb02uencing the payment or receipt of money or property.\n6.\n\u201cLocal government\u201d means any New York county, city, town, village, school district, board of cooperative educational services, local public bene\ufb01t\ncorporation or other municipal corporation or political subdivision of the state, or of such local government.\n7.\n\u201cOriginal source\u201d means a person who (a) prior to a public disclosure under paragraph (b) of subdivision nine of",
  "metadata": {
    "site_url": "https://www.nysenate.gov/legislation/laws/STF/188",
    "code_title": "New York State Finance Law",
    "section_number": "\u00a7 188"
  }
}