{
  "text": "N.Y. State Finance Law Section 179-G\nComputation of interest payment\nInterest payments on amounts due to a contractor pursuant to this article shall be paid to the contractor for the period beginning on the day after the\nrequired payment date and ending on the payment date for those payments required according to this article and shall be paid at the rate of interest in\neffect on the date when the interest payment is made. Notwithstanding any other provision of law to the contrary, interest shall be computed at the rate\nequal to the overpayment rate set by the commissioner of taxation and \ufb01nance pursuant to subsection (e) of Tax Law",
  "metadata": {
    "site_url": "https://www.nysenate.gov/legislation/laws/STF/179-G",
    "code_title": "New York State Finance Law",
    "section_number": "\u00a7 179-G"
  }
}