{
  "text": "N.Y. State Finance Law Section 162-A\nThe New York state buy American salt act\n1.\nUse of American materials.\n(a)\nNotwithstanding any other provision of law, when soliciting a contract for the purchase of rock salt or sodium chloride, any department or agency of\nthe state may award such contract to the responsible and reliable bidder offering to supply rock salt or sodium chloride that is mined or hand harvested\nin the United States, and which offer is within ten percent of the lowest price or best value offer, rather than to the lowest responsible and reliable\nbidder.\n(b)\nIf it has been determined by a court or federal or state agency that any person intentionally:\n(i)\naf\ufb01xed a label bearing a \u201cMade in America\u201d inscription, or any inscription with the same meaning, to any rock salt, or sodium chloride product used in\nprojects to which this section applies, sold in or shipped to the United States that was not mined or hand harvested in the United States; or\n(ii)\nrepresented that any rock salt, or sodium chloride product procured in a contract to which this section applies that was not produced in the United\nStates, was produced in the United States; then that person shall be ineligible to receive any contract or subcontract with this state pursuant to the\ndebarment or suspension provisions provided under",
  "metadata": {
    "site_url": "https://www.nysenate.gov/legislation/laws/STF/162-A",
    "code_title": "New York State Finance Law",
    "section_number": "\u00a7 162-A"
  }
}