{
  "text": "N.Y. State Finance Law Section 201\nDeductions from salaries\n1.\nThe comptroller of the state is hereby authorized to deduct from the salary of any employee of the state such amount as such employee may specify in\nwriting \ufb01led with the comptroller within the minimum and maximum amounts prescribed by the comptroller for the purchase for such employee of\nUnited States bonds and for contribution to federated community campaigns for health, welfare and recreational purposes on behalf of such employee\nand to the account of such employee with such federated community campaign. The comptroller is hereby authorized to make such rules and\nregulations governing the purchase of said bonds and contributions to federated community campaigns as he deems necessary, such rules and\nregulations to be incorporated in the employee\u2019s written authorization of payroll deduction \ufb01led in a manner determined by the comptroller. Any such\nwritten authorization may be withdrawn by such employee at any time upon \ufb01ling written notice of such withdrawal in a manner determined by the\ncomptroller. As used in this section, \u201cfederated community campaign\u201d means a charitable non-pro\ufb01t organization which solicits funds for distribution\namong a substantial number of charitable non-pro\ufb01t organizations, which has been approved as such by the commissioner of general services. The\ncommissioner of general services shall approve no more than one federated community campaign within a county or group of counties in which such\ncampaign is operating. He shall not approve a federated community campaign in any county or group of counties where, in his opinion and judgment,\nthe number of state employees to be solicited by such campaign is too small to make deductions or contributions by the comptroller practicable or\nfeasible. The commissioner of general services shall have power to make such reasonable rules and regulations not inconsistent with the law, as may\nbe necessary for the exercise of his authority under this section. \ue9cb\n2.\nThe comptroller is hereby authorized to deduct from the salary of any employee of the state such amount as such employee may specify in writing\n\ufb01led in a manner determined by the comptroller for the payment of membership dues in a duly organized association or organization of civil service\nemployees or faculty members of the state university and to transmit the sums so deducted to the said association or organization. Any such written\nauthorization shall remain in effect in accordance with subdivision one of Civil Service Law",
  "metadata": {
    "site_url": "https://www.nysenate.gov/legislation/laws/STF/201",
    "code_title": "New York State Finance Law",
    "section_number": "\u00a7 201"
  }
}