{
  "text": "N.Y. State Finance Law Section 66-D\nAnnual ceiling on certi\ufb01cates of participation\n1.\nThe governor shall include in the bills which he submits in connection with the executive budget his recommendation as to the total maximum amount\nof certi\ufb01cates of participation to be issued for purchases of personal property by state departments, agencies, and the city university of New York\npursuant to this article during the upcoming \ufb01scal year, exclusive of refunding and, in addition, a list of real property projects of state departments,\nagencies and the city university of New York contemplated to be \ufb01nanced through the use of certi\ufb01cates of participation. \ue9cb\n2.\nThe maximum amount of certi\ufb01cates of participation or similar instruments representing periodic payments due from the state of New York issued for\nstate departments, agencies and the city university of New York within a \ufb01scal year shall not exceed the maximum principal amount authorized in the\nbudget enacted into law for such \ufb01scal year, or in any other law as amended from time to time.\n3.\nCerti\ufb01cates of participation issued to refund or advance refund prior issues of certi\ufb01cates of participation or similar instruments including certi\ufb01cates\nof participation issued pursuant to",
  "metadata": {
    "site_url": "https://www.nysenate.gov/legislation/laws/STF/66-D",
    "code_title": "New York State Finance Law",
    "section_number": "\u00a7 66-D"
  }
}