{
  "text": "N.Y. State Finance Law Section 136-C\nContracts for employee training and organizational development services\nThe director of employee relations is hereby authorized to enter into contracts for use by all state departments and agencies for services to support\nemployee training and organizational development initiatives. Pursuant to procedures developed by the director of employee relations in consultation\nwith the state comptroller, agencies shall be permitted to access such contracts directly in a manner similar to that used for centralized commodity\ncontracts let by the commissioner of general services pursuant to State Finance Law",
  "metadata": {
    "site_url": "https://www.nysenate.gov/legislation/laws/STF/136-C",
    "code_title": "New York State Finance Law",
    "section_number": "\u00a7 136-C"
  }
}