{
  "text": "N.Y. State Finance Law Section 23\nPlans and estimates\n1.\nCapital projects design and construction plans; preparation, approval and implementation. It shall be the duty of the division of the budget to\ncoordinate the activities of the several departments and agencies of the state with respect to the planning and implementation of state capital projects\nproposed to be undertaken by the departments and agencies, and in the discharge of the duty the director of the budget shall, with the approval of the\ngovernor, establish appropriate procedures with respect to the planning and implementation. The head of any department or agency of the state\nproposing to undertake the design or construction of a capital project shall apply to the division of the budget and request approval for any such work\nto be undertaken. The director of the budget may approve or disapprove any such application, and if approved, may authorize the preparation of plans\nfor the project or the advertising for bids for the construction of the project and may allocate funds therefor from any moneys appropriated and\navailable for the purpose. \ue9cb\n2.\nCapital projects; initial submissions. So far as may be possible, the governor shall cause to be submitted to the chairman of the senate \ufb01nance\ncommittee and the chairman of the assembly ways and means committee for the use of the committees and the information of the legislature, at or\nprior to the time that the budget is submitted, preliminary plans and estimates relating to each of the capital projects for which appropriations are\nrecommended in the budget, and in the case of proposed acquisitions of land, a general approximation of the location of the land.\n3.\nFinancial plans and capital improvement program; revisions. Not later than thirty days after the legislature has completed action on the budget bills\nsubmitted by the governor and the period for the governor\u2019s review has elapsed, the governor shall cause to be submitted to the legislature the\nrevisions to the \ufb01nancial plans and the capital plan required by subdivisions one, two, four and \ufb01ve of",
  "metadata": {
    "site_url": "https://www.nysenate.gov/legislation/laws/STF/23",
    "code_title": "New York State Finance Law",
    "section_number": "\u00a7 23"
  }
}