{
  "text": "(New York adjusted gross income\nof a resident individual), of all residents of the state and of each county based on an examination of personal income tax returns \ufb01led with the state\ndepartment of taxation and \ufb01nance for the preceding taxable year under article twenty-two of the tax law.\ne.\n\u201cFull value per capita\u201d of a county, city, town, village or town outside village means the full value of such municipality or area, divided by the\npopulation thereof.\nf.\n\u201cPersonal income per capita\u201d of a county means the personal income of the county divided by the population of the county.\ng.\n\u201cAverage of full value and personal income per capita\u201d of a county means the average of the full value per capita and personal income per capita of\nthe county determined as provided by paragraphs e and f of this subdivision for payments to the county during the state \ufb01scal year except that the\namount for personal income per capita used in calculating such average shall be multiplied by the ratio computed to the sixth decimal point of the\naggregate full value of taxable real property in the state to the aggregate personal income of residents of the state, for the calendar year preceding the\nyear of the latest census to be used in the calculation of per capita aid payable to the county in such state \ufb01scal year. In computing such ratio full value\nshall be calculated upon the basis of assessment rolls completed in such calendar year and personal income shall be the estimate \ufb01led by the state tax\ncommission pursuant to paragraph d of this subdivision for the same calendar year.\nh.\n\u201cCounty\u201d, for the purposes of computation and payment of per capita aid to counties under this section, means each county located outside the city of\nNew York and the city of New York.\ni.\n\u201cTown outside village\u201d or \u201ctown outside village area\u201d means the area of any town which is not included within the boundaries of a village.\nj.\nThe comptroller and the commissioner of taxation and \ufb01nance shall jointly prepare by June \ufb01fteenth of each year, a certi\ufb01ed report setting forth total\nstate tax collections during the prior state \ufb01scal year. \u201cTotal state tax collections\u201d, for the purposes of computation and payment of aid under this\nsection, means all net revenues accrued to any fund of the state pursuant to the following provisions during the prior state \ufb01scal year:\n(1)\nsection twenty-\ufb01ve of chapter nine hundred twelve of the laws of nineteen hundred twenty, as amended;\n(2)\nsection two hundred nineteen of the racing, pari-mutuel wagering and breeding law, as amended;\n(3)\narticle nine of the tax law, except fees and considerations for releases of liens;\n(4)\narticle nine-A of the tax law, except fees and considerations for releases of liens;\n(5)\narticle ten of the tax law, except fees and considerations for releases of liens;\n(6)\narticle twelve of the tax law;\n(7)\narticle twelve-A of the tax law, except license fees under Tax Law",
  "metadata": {
    "site_url": "https://www.nysenate.gov/legislation/laws/STF/612",
    "code_title": "New York State Finance Law",
    "section_number": "\u00a7 612"
  }
}