{
  "text": "N.Y. State Finance Law Section 184\nAnnual reports to comptroller of custodian of court funds\nEvery treasurer or \ufb01nancial of\ufb01cer who has in his charge or possession or under his control, or who keeps a record of money, bonds, stocks, mortgages\nor any other securities or property deposited into court and held by him, must, once in each year, make a report to the state comptroller at the time and\nin the form and manner which he may prescribe, containing a true statement of his accounts for the preceding year or from the time of the last report.\nThis report must be veri\ufb01ed by the oath of such of\ufb01cer, and must be accompanied by the certi\ufb01cate of the proper of\ufb01cer of each bank or trust\ncompany, stating the exact amount on deposit with such corporation. Every savings bank, bank or trust company having in its possession, pursuant to\nan order of a court of record, money, bonds, stocks, mortgages or any other securities or property which were not \ufb01rst deposited in court and delivered\nto a county treasurer or commissioner of \ufb01nance of the city of New York, must, once in each year, make a report to the comptroller at such time as he\nshall prescribe, stating separately for each case the name of the court, the title of the action or proceeding, the date of the receipt, from whom received,\nfor whom received, the amount of money, if any, a description of the securities or other property, each addition of interest and each change of\ninvestment, the amount so held at the date of report, the date and description of each other directing payment and the dates and amounts of payments\nthereunder and to whom made. Every of\ufb01cer, or bank or trust company mentioned in this section, shall furnish any additional report to the comptroller\nor to the court at such time and in such detail as may be required. \ue9cb\nSource: Section 184 \u2014 Annual reports to comptroller of custodian of court funds, https://www. nysenate. gov/legislation/laws/STF/184\n(updated Sep. 22, 2014; accessed Apr. 19, 2025).\n180\nExamination of money and securities paid into court 181\nTitle of successor of custodian of court funds 182\nDeposit and investment of money paid into court 183\nCustodian\u2019s books of account of court funds 184\nAnnual reports to comptroller of custodian of court funds 185\nAnnual report to chief administrator of the courts by custodian of court funds\nUp to date\nAccessed:\nApr. 19, 2025\nLast modified:\nSep. 22, 2014\n\u00a7 184\u2019s source at nysenate .gov\nLink Style\n Pragmatic\n Pedantic\nStay Connected\nJoin thousands of people who receive monthly site updates.\nSubscribe\n \n \n \nGet Legal Help\nThe New York State Bar Association runs a service for \ufb01nding an attorney in good standing. Initial consultations are usually free or discounted:\nLawyer Referral Service\nCommitted to Public Service\nWe will always provide free access to the current law. In addition, we provide special support for non-pro\ufb01t, educational, and government users.\nThrough social entre pre neurship, we\u2019re lowering the cost of legal services and increasing citizen access.\nNavigate\nFind a Lawyer\nBlog\nAbout Us\nContact Us\nReports\nSecondary Sources\nCalifornia: Codes\nColorado: C.R.S.\nNevada:\nNRS\nNew York: Laws\nOregon:\nOAR, ORS\nTexas:\nStatutes\nWorld:\nRome Statute, International Dictionary\nLocation: https://newyork.public.law/laws/n.y._state_finance_law_section_184\nOriginal Source: Section 184 \u2014 Annual reports to comptroller of custodian of court funds, https://www. nysenate. \u2010\ngov/legislation/laws/STF/184 (last ac cessed Aug. 20, 2023).\nBlank Outline Levels\n\u00d7\nThe legislature occasionally skips outline levels. For example:\n(3) A person may apply [...]\n(4)(a) A person petitioning for relief [...]\nIn this example, (3), (4), and (4)(a) are all outline levels, but (4) was omitted by its authors. It's only implied. This presents an interesting challenge\nwhen laying out the text. We've decided to display a blank section with this note, in order to aide readability.\nTrust but verify. Here is the original source for section 184\nDo you have an opinion about this solution? Drop us a line.\nClose\n NewYork.Public.Law \nLaws of New York\nSearch\nRemove ads\nLogin\n1. \n2. Laws\n3. State Fin. Law\n4. Art. 12. Court Funds\n5.",
  "metadata": {
    "site_url": "https://www.nysenate.gov/legislation/laws/STF/184",
    "code_title": "New York State Finance Law",
    "section_number": "\u00a7 184"
  }
}