{
  "text": "(Gift for \ufb01sh and wildlife\nmanagement) were utilized during the preceding calendar year, and shall include: \ue9cb\n(i)\nthe amount of money dispersed from the fund and the award process used for such disbursements;\n(ii)\nrecipients of awards from the fund;\n(iii)\nthe amount awarded to each;\n(iv)\nthe purposes for which such awards were granted; and\n(v)\na summary \ufb01nancial plan for such monies which shall include estimates of all receipts and all disbursements for the current and succeeding \ufb01scal\nyears, along with the actual results from the prior \ufb01scal year.\n2.\n(i)\nMoneys collected pursuant to sections 13-0301, 13-0311 and 13-0315 of the environmental conservation law and all \ufb01nes and penalties collected\npursuant to article seventy-one of such law for illegal acts relating to shell\ufb01sh shall be deposited in a special account within the conservation fund, to\nbe known as the marine resources account, and shall be available to the department of environmental conservation, after appropriation, for the care,\nmanagement, protection and enlargement of marine \ufb01sh and shell\ufb01sh resources.\n(ii)\nNotwithstanding the provisions of subparagraph (i) of this paragraph, moneys arising out of the application of subdivision fourteen of Environmental\nConservation Law \u00a7 13-0309 (Taking, handling and importation of shell\ufb01sh), shall be deposited in a special account within the conservation fund, to\nbe known as the surf clam/ocean quahog account, and shall be available to the department of environmental conservation, including contracts for such\npurposes with a New York state institution of higher education currently involved in local marine research, after appropriation, for the research and\nstock assessment of surf clams and ocean quahogs. The department shall, at a minimum, undertake two stock assessments and issue reports detailing\nthe \ufb01ndings of such assessments to the governor and legislature. The \ufb01rst stock assessment shall be due no later than December thirty-\ufb01rst, two\nthousand two. The second stock assessment shall be due no later than December thirty-\ufb01rst, two thousand four, and shall be conducted in an area to be\ndetermined in consultation with the surf clam/ocean quahog management advisory board.\n3.\n(i)\nMoneys arising out of the application of article thirteen of the environmental conservation law shall be deposited in a special account within the\nconservation fund, to be known as the marine resources account, and shall be available to the department of environmental conservation, after\nappropriation, for the care, management, protection and enlargement of marine \ufb01sh and shell\ufb01sh resources.\n(ii)\nNotwithstanding the provisions of subparagraph (i) of this paragraph, moneys arising out of the application of subdivision fourteen of Environmental\nConservation Law \u00a7 13-0309 (Taking, handling and importation of shell\ufb01sh), shall be deposited in a special account within the conservation fund, to\nbe known as the surf clam/ocean quahog account, and shall be available to the department of environmental conservation, including contracts for such\npurposes with a New York State institution of higher education currently involved in local marine research, after appropriation, for the research and\nstock assessment of surf clams and ocean quahogs.\n4.\n(i)\nThere is hereby created a special account within the conservation fund to be known as the state \ufb01sh and game trust account to consist of all moneys\nreceived by the state from the sale of lifetime hunting, \ufb01shing, and trapping licenses, and lifetime archery and muzzle-loading privileges pursuant to\nEnvironmental Conservation Law \u00a7 11-0702 (Lifetime hunting, \ufb01shing, trapping, archery and muzzle-loading licenses) except those moneys deposited\nin the habitat conservation and access account pursuant to",
  "metadata": {
    "site_url": "https://www.nysenate.gov/legislation/laws/STF/625",
    "code_title": "New York State Finance Law",
    "section_number": "\u00a7 625"
  }
}