{
  "text": "(Issuance of tax and revenue anticipation notes and bond anticipation notes) the allowable bond yield on such\nobligations as such allowable bond yield is determined pursuant to the provisions of the internal revenue code of 1986, as amended. Prior to making of\na payment of any rebate to the federal government, the state comptroller shall certify to the director of the budget and the chairs of the senate \ufb01nance\ncommittee and the assembly ways and means committee the amount of the rebate required to be paid and the date prior to which such rebate must be\npaid in order to maintain the exemption from federal income taxation of the interest paid on the obligations for which the rebates are being made.\n6.\nNotwithstanding any other law, rule or regulation to the contrary, no monies shall be expended for the purpose of redeeming serial bonds to maintain\nthe exemption from federal taxation of the interest paid to holders of state obligations issued pursuant to sections \ufb01fty-\ufb01ve and \ufb01fty-seven of this\narticle, issued by the state of New York until the state comptroller has certi\ufb01ed to the director of the budget and the chairs of the senate \ufb01nance\ncommittee and the assembly ways and means committee their determination, the amount of such bonds to be redeemed and the date upon which such\nbonds are to be redeemed.\nSource: Section 56 \u2014 Call provision in state bonds; refunding state bonds, https://www. nysenate. gov/legislation/laws/STF/56 (updated\nMar. 14, 2025; accessed Apr. 19, 2025).\n55\nIssuance of tax and revenue anticipation notes and bond anticipation notes 56\nCall provision in state bonds 57\nIssuance of state bonds 61\nProbable life of certain works or purposes of state debt 62\nReplacement of lost certi\ufb01cates 63\nExpense of preparing and selling bonds 64\nContracts for dies, plates and engraving 65\nAppointment of \ufb01scal agent or trustee\nUp to date\nAccessed:\nApr. 19, 2025\nLast modified:\nMar. 14, 2025\n\u00a7 56\u2019s source at nysenate .gov\nLink Style\n Pragmatic\n Pedantic\nStay Connected\nJoin thousands of people who receive monthly site updates.\nSubscribe\n \n \n \nGet Legal Help\nThe New York State Bar Association runs a service for \ufb01nding an attorney in good standing. Initial consultations are usually free or discounted:\nLawyer Referral Service\nCommitted to Public Service\nWe will always provide free access to the current law. In addition, we provide special support for non-pro\ufb01t, educational, and government users.\nThrough social entre pre neurship, we\u2019re lowering the cost of legal services and increasing citizen access.\nNavigate\nFind a Lawyer\nBlog\nAbout Us\nContact Us\nReports\nSecondary Sources\nCalifornia: Codes\nColorado: C.R.S.\nNevada:\nNRS\nNew York: Laws\nOregon:\nOAR, ORS\nTexas:\nStatutes\nWorld:\nRome Statute, International Dictionary\nLocation: https://newyork.public.law/laws/n.y._state_finance_law_section_56\nOriginal Source: Section 56 \u2014 Call provision in state bonds; refunding state bonds, https://www. nysenate. gov/legislation/laws/STF/56 (last\nac cessed Apr. 2, 2025).\nBlank Outline Levels\n\u00d7\nThe legislature occasionally skips outline levels. For example:\n(3) A person may apply [...]\n(4)(a) A person petitioning for relief [...]\nIn this example, (3), (4), and (4)(a) are all outline levels, but (4) was omitted by its authors. It's only implied. This presents an interesting challenge\nwhen laying out the text. We've decided to display a blank section with this note, in order to aide readability.\nTrust but verify. Here is the original source for section 56\nDo you have an opinion about this solution? Drop us a line.\nClose\n NewYork.Public.Law \nLaws of New York\nSearch\nRemove ads\nLogin\n1. \n2. Laws\n3. State Fin. Law\n4. Art. 5. Borrowing By the State\n5.",
  "metadata": {
    "site_url": "https://www.nysenate.gov/legislation/laws/STF/55",
    "code_title": "New York State Finance Law",
    "section_number": "\u00a7 55"
  }
}