{
  "text": "N.Y. State Finance Law Section 54-L\nState assistance to eligible cities and eligible municipalities in which a video lottery gaming\nfacility is located\n1.\nDe\ufb01nitions. When used in this section, unless otherwise expressly stated:\na.\n\u201cEligible city\u201d shall mean a city with a population equal to or greater than one hundred twenty-\ufb01ve thousand and less than one million in which a\nvideo lottery gaming facility is located and operating as of January \ufb01rst, two thousand nine pursuant to Tax Law",
  "metadata": {
    "site_url": "https://www.nysenate.gov/legislation/laws/STF/54-L",
    "code_title": "New York State Finance Law",
    "section_number": "\u00a7 54-L"
  }
}