{
  "text": "N.Y. State Finance Law Section 5\nDeferred compensation\n1.\nThe deferred compensation board is hereby established, to consist of one member appointed by the governor, one member appointed by the temporary\npresident of the senate and one member appointed by the speaker of the assembly. The board shall adopt rules and regulations regarding the standards\nand requirements of all deferred compensation plans established pursuant to this section, including selection of \ufb01nancial organizations for investment\npurposes.\n2.\na. Notwithstanding any other provision of law, the deferred compensation board shall establish a deferred compensation plan, under the provisions of\nsection four hundred \ufb01fty-seven of the internal revenue code and regulations adopted pursuant thereto, for all state employees and shall promulgate\nrules and regulations as soon as is reasonably practicable following the appointment of all members of the board for the appropriate administration of\nsuch a plan. \ue9cb\nb.\nThe board shall enter into written agreements with one or more \ufb01nancial organizations to administer the deferred compensation plan for state\nemployees and to invest funds held pursuant to such plan. Any such written agreement and deferred compensation plan shall conform with the\nprovisions of section four hundred \ufb01fty-seven of the internal revenue code and regulations adopted pursuant thereto.\nc.\nWithin the discretion of the deferred compensation board and in accordance with and subject to its \ufb01duciary duty and obligations to the deferred\ncompensation plan for state employees and to the members and bene\ufb01ciaries of such plan and such other investment limitations as may be prescribed\nby this chapter, the deferred compensation board is authorized to establish an MWBE asset management and \ufb01nancial institution strategy including\nreasonable goals for utilization of MWBE asset managers, MWBE \ufb01nancial institutions and MWBE professional service \ufb01rms, which shall include,\nbut shall not be limited to, the following objectives:\n(i)\nconducting procurement procedures in a manner that will assure the inclusion of MWBE asset managers in any request for proposal or search process\nfor asset management services undertaken in accordance with the rules and regulations and of the board;\n(ii)\nsubject to best execution policies, developing a strategy to (1) conduct trades of public equity securities with MWBE \ufb01nancial institutions and (2)\nconduct trades of \ufb01xed-income securities through MWBE \ufb01nancial institutions;\n(iii)\nconducting procurement procedures in a manner that will assure the inclusion of MWBE \ufb01nancial institutions and other MWBE professional service\n\ufb01rms in procurements for services that include accounting, banking, \ufb01nancial advisory, insurance, legal, research, valuation and other \ufb01nancial and\nprofessional services that are undertaken in accordance with the rules and regulations of the board;\n(iv)\ncooperating with other \ufb01duciary controlled entities and state agencies and of\ufb01ces to identify MWBE asset managers, MWBE \ufb01nancial institutions and\nMWBE professional service \ufb01rms. As used in this section, the terms \u201cMWBE asset manager\u201d, \u201cMWBE \ufb01nancial institutions\u201d, \u201cMWBE\u201d, \u201c\ufb01duciary-\ncontrolled entities\u201d and \u201cbest execution\u201d shall have the meanings speci\ufb01ed in Retirement & Social Security Law",
  "metadata": {
    "site_url": "https://www.nysenate.gov/legislation/laws/STF/5",
    "code_title": "New York State Finance Law",
    "section_number": "\u00a7 5"
  }
}