{
  "text": "N.Y. State Finance Law Section 123-E\nRelief by the court\n1.\nThe court may grant equitable or declaratory relief, or both, including, but not limited to: enjoining the activity complained of; restitution to the state\nof those public funds disbursed or public property alienated; in the case of public property wrongfully alienated, compelling payment of the full\nmarket value; a declaration that a proposed disbursement or alienation of property would be illegal; and such other and further relief as to the court\nmay seem just and proper.\n2.\nThe court, at the commencement of an action pursuant to this article, or at any time subsequent thereto and prior to entry of judgment, upon\napplication by the plaintiff or the attorney general on behalf of the people of the state, may grant a preliminary injunction and impose such terms and\nconditions as may be necessary to restrain the defendant if he or she threatens to commit or is committing an act or acts which, if committed or\ncontinued during the pendency of the action, would be detrimental to the public interest. A temporary restraining order may be granted pending a\nhearing for a preliminary injunction notwithstanding the requirements of Civil Practice Law & Rules Law",
  "metadata": {
    "site_url": "https://www.nysenate.gov/legislation/laws/STF/123-E",
    "code_title": "New York State Finance Law",
    "section_number": "\u00a7 123-E"
  }
}