{
  "text": "N.Y. State Finance Law Section 168\nThe management of surplus computer equipment\n1.\nGeneral de\ufb01nitions. As used in this section:\n(a)\n\u201cComputer\u201d means a computer central processing unit (CPU) and, where attached to a CPU, such computer cases, computer memory, cards and other\nperipheral devices as may reasonably be viewed functionally as one unit.\n(b)\n\u201cComputer software\u201d means executable computer programs and related data \ufb01les on computer-related media, including but not limited to \ufb02oppy disks,\nhard disks, optical and magneto-optical computer data storage devices.\n(c)\n\u201cComputer equipment\u201d means computers, computer memory, cards, and associated peripheral devices, including but not limited to \ufb02oppy disk drives,\nhard disk drives, printers, modems, computer-related cables and networking devices, scanners, computer monitors, and computer software.\n2.\nThe commissioner is authorized to dispose of surplus computer equipment in accordance with this section whenever the potential educational\nusefulness substantially exceeds its monetary value, as provided in guidelines promulgated pursuant to subdivision two of Education Law",
  "metadata": {
    "site_url": "https://www.nysenate.gov/legislation/laws/STF/168",
    "code_title": "New York State Finance Law",
    "section_number": "\u00a7 168"
  }
}