{
  "text": "(Revenue bond tax fund), the state comptroller shall pay such amount or amounts to the authorized\nissuer from appropriations for such purpose.\n4.\nThe agreement of the state contained in this section shall be deemed executory only to the extent of appropriations available for payments under this\nsection, and no liability on account of any such payment shall be incurred by the state beyond such appropriations.\n5.\nNothing contained in this article shall be deemed to restrict the right of the state to amend, repeal, modify or otherwise alter statutes imposing or\nrelating to the taxes imposed pursuant to article twenty-two, article twenty-four, and article twenty-four-A of the tax law. The authorized issuers shall\nnot include within any resolution, contract or agreement with holders of the revenue bonds issued under this article any provision which provides that\na default occurs as a result of the state exercising its right to amend, repeal, modify or otherwise alter the taxes imposed pursuant to article twenty-two,\narticle twenty-four, and article twenty-four-A of the tax law.\n6.\nAny resolution or other agreement authorizing revenue bonds under this article shall reserve the right of the state, upon amendment of the New York\nstate constitution allowing the issuance or assumption of bonds, notes or other obligations secured by revenues, which may include the revenues\nsecuring revenue bonds of authorized issuers (a) to assume, in whole or in part, revenue bonds of the authorized issuers, (b) to extinguish the existing\nlien of such resolution, or other agreement and (c) to substitute security for the revenue bonds of the authorized issuers, in each case only so long as\nsuch assumption, extinguishment or substitution is done in accordance with such resolution or other agreement.\nSource: Section 68-C \u2014 Payments to authorized issuers, https://www. nysenate. gov/legislation/laws/STF/68-C (updated Apr. 23, 2021;\naccessed Apr. 19, 2025).\n68\u2013A\nDe\ufb01nitions 68\u2013B\nIssuance of bonds and notes 68\u2013C\nPayments to authorized issuers\nUp to date\nAccessed:\nApr. 19, 2025\nLast modified:\nApr. 23, 2021\n\u00a7 68-C\u2019s source at nysenate .gov\nLink Style\n Pragmatic\n Pedantic\nStay Connected\nJoin thousands of people who receive monthly site updates.\nSubscribe\n \n \n \nGet Legal Help\nThe New York State Bar Association runs a service for \ufb01nding an attorney in good standing. Initial consultations are usually free or discounted:\nLawyer Referral Service\nCommitted to Public Service\nWe will always provide free access to the current law. In addition, we provide special support for non-pro\ufb01t, educational, and government users.\nThrough social entre pre neurship, we\u2019re lowering the cost of legal services and increasing citizen access.\nNavigate\nFind a Lawyer\nBlog\nAbout Us\nContact Us\nReports\nSecondary Sources\nCalifornia: Codes\nColorado: C.R.S.\nNevada:\nNRS\nNew York: Laws\nOregon:\nOAR, ORS\nTexas:\nStatutes\nWorld:\nRome Statute, International Dictionary\nLocation: https://newyork.public.law/laws/n.y._state_finance_law_section_68-c\nOriginal Source: Section 68-C \u2014 Payments to authorized issuers, https://www. nysenate. gov/legislation/laws/STF/68-C (last ac cessed Aug.\n20, 2023).\nBlank Outline Levels\n\u00d7\nThe legislature occasionally skips outline levels. For example:\n(3) A person may apply [...]\n(4)(a) A person petitioning for relief [...]\nIn this example, (3), (4), and (4)(a) are all outline levels, but (4) was omitted by its authors. It's only implied. This presents an interesting challenge\nwhen laying out the text. We've decided to display a blank section with this note, in order to aide readability.\nTrust but verify. Here is the original source for section 68-C\nDo you have an opinion about this solution? Drop us a line.\nClose\n NewYork.Public.Law \nLaws of New York\nSearch\nRemove ads\nLogin\n1. \n2. Laws\n3. State Fin. Law\n4. Art. 5-D. Variable Rate Debt Instruments\n5.",
  "metadata": {
    "site_url": "https://www.nysenate.gov/legislation/laws/STF/92-Z",
    "code_title": "New York State Finance Law",
    "section_number": "\u00a7 92-Z"
  }
}