{
  "text": "N.Y. State Finance Law Section 185\nAnnual report to chief administrator of the courts by custodian of court funds\nOn or before the \ufb01rst day of February in each year the county treasurer in each county and the commissioner of \ufb01nance of the city of New York shall\n\ufb01le a report duly veri\ufb01ed with the chief administrator of the courts containing a statement of all moneys in his or her hands on the \ufb01rst day of January\npreceding that have been paid into court or received by him or her to the credit of any action or proceeding, speci\ufb01cally stating the securities in which\nthe moneys so paid into court are invested or the depositories in which such moneys are deposited.\nSource: Section 185 \u2014 Annual report to chief administrator of the courts by custodian of court funds, https://www. nysenate. \u2010\ngov/legislation/laws/STF/185 (updated Sep. 22, 2014; accessed Apr. 19, 2025).\n180\nExamination of money and securities paid into court 181\nTitle of successor of custodian of court funds 182\nDeposit and investment of money paid into court 183\nCustodian\u2019s books of account of court funds 184\nAnnual reports to comptroller of custodian of court funds 185\nAnnual report to chief administrator of the courts by custodian of court funds\nUp to date\nAccessed:\nApr. 19, 2025\nLast modified:\nSep. 22, 2014\n\u00a7 185\u2019s source at nysenate .gov\nLink Style\n Pragmatic\n Pedantic\nStay Connected\nJoin thousands of people who receive monthly site updates.\nSubscribe\n \n \n \nGet Legal Help\nThe New York State Bar Association runs a service for \ufb01nding an attorney in good standing. Initial consultations are usually free or discounted:\nLawyer Referral Service\nCommitted to Public Service\nWe will always provide free access to the current law. In addition, we provide special support for non-pro\ufb01t, educational, and government users.\nThrough social entre pre neurship, we\u2019re lowering the cost of legal services and increasing citizen access.\nNavigate\nFind a Lawyer\nBlog\nAbout Us\nContact Us\nReports\nSecondary Sources\nCalifornia: Codes\nColorado: C.R.S.\nNevada:\nNRS\nNew York: Laws\nOregon:\nOAR, ORS\nTexas:\nStatutes\nWorld:\nRome Statute, International Dictionary\nLocation: https://newyork.public.law/laws/n.y._state_finance_law_section_185\nOriginal Source: Section 185 \u2014 Annual report to chief administrator of the courts by custodian of court funds, https://www. nysenate. \u2010\ngov/legislation/laws/STF/185 (last ac cessed Aug. 20, 2023).\nBlank Outline Levels\n\u00d7\nThe legislature occasionally skips outline levels. For example:\n(3) A person may apply [...]\n(4)(a) A person petitioning for relief [...]\nIn this example, (3), (4), and (4)(a) are all outline levels, but (4) was omitted by its authors. It's only implied. This presents an interesting challenge\nwhen laying out the text. We've decided to display a blank section with this note, in order to aide readability.\nTrust but verify. Here is the original source for section 185\nDo you have an opinion about this solution? Drop us a line.\nClose\n NewYork.Public.Law \nLaws of New York\nSearch\nRemove ads\nLogin\n1. \n2. Laws\n3. State Fin. Law\n4. Art. 13. N.Y. False Claims Act\n5.",
  "metadata": {
    "site_url": "https://www.nysenate.gov/legislation/laws/STF/185",
    "code_title": "New York State Finance Law",
    "section_number": "\u00a7 185"
  }
}