{
  "text": "N.Y. State Finance Law Section 22-B\nReport of the legislature on the enacted budget\nWithin thirty days of passage of the budget the senate and the assembly shall issue, either jointly or separately, a legislative report on the budget. Such\nreport shall contain a description of appropriation changes between the budget submitted by the governor and the enacted budget and the effect of\nsuch changes on employment levels. Commencing with \ufb01scal year nineteen hundred ninety-four--nineteen hundred ninety-\ufb01ve, such report shall also\nsummarize changes in appropriations by function in a form suitable for comparison with the schedule required to be submitted with the governor\u2019s\nproposed budget. Commencing with \ufb01scal year two thousand seven--two thousand eight, such report shall also include an estimate of the impact of the\nenacted budget on local governments, the state workforce, and general fund projections for the ensuing \ufb01scal year, consistent with the requirements of\nsubdivision one-c of",
  "metadata": {
    "site_url": "https://www.nysenate.gov/legislation/laws/STF/22-B",
    "code_title": "New York State Finance Law",
    "section_number": "\u00a7 22-B"
  }
}