{
  "text": "N.Y. State Finance Law Section 109\nProofs required upon audit by the comptroller\n1.\nThe comptroller shall not draw his warrant for the payment of any sum appropriated, except for salaries and other expenditures and appropriations, the\namounts of which are duly established and \ufb01xed by law, until the person demanding the same presents to him a detailed statement thereof in items and\nmakes all reports required of him by law. If such statement is for services rendered or articles furnished, it must show when, where, to whom and\nunder what authority they were rendered or furnished; if for traveling expenses, the distance traveled, between what places, the duty or business for\nthe performance of which the expenses were incurred, and the dates and items of each expenditure; if for reimbursement of other necessary and\nincidental expenses, a bill duly receipted must be attached to the statement. Each statement of accounts must contain a certi\ufb01cate by or on behalf of\nthe party presenting the same to the effect that it is just, true and correct, that no part thereof has been paid, except as stated therein, and that the\nbalance therein stated is actually due and owing. No payment shall be made to any salaried state of\ufb01cer or commissioner having an of\ufb01ce established\nby law, for personal expenses incurred by him while in the discharge of his duties as such of\ufb01cer or commissioner at the place where such of\ufb01ce is\nlocated. No manager, trustee or other of\ufb01cer of any state charitable or other institution, receiving moneys from the state treasury for the maintenance\nor support in whole or in part of such institution, shall be interested in any purchase or sale by any of such of\ufb01cers. 1-a. Notwithstanding the\nprovisions of subdivision one of this section the comptroller may authorize payment based on any invoice used in the vendor\u2019s normal course of\nbusiness without requiring certi\ufb01cation. \ue9cb\n2.\nThe comptroller may \ufb01x for any state department, institution, agency or any part thereof a per diem allowance in lieu of the submission of an itemized\ntravel expense claim.\n3.\nThe comptroller shall not draw his warrant for the payment of the salary of any person except upon audit of a payroll, or other voucher, therefor,\napproved by the department employing such person. Such approval shall be in writing and signed by the head of such department or by a person\ndesignated in writing by the head of such department to act for him. Such designation shall be \ufb01led in the of\ufb01ce of the comptroller.\n4.\nThe comptroller shall not approve for payment any expenditure from any fund except upon audit of such vouchers or other documents as are\nnecessary to insure that such payment is lawful and proper.\n5.\nNotwithstanding the provisions of this or any other law, those of\ufb01cers and employees of the state, other than those speci\ufb01ed in subdivision six of this\nsection, who hold positions in the executive branch for which there is in force on December thirty-\ufb01rst, nineteen hundred eighty an appropriation\nwhich speci\ufb01es an amount for a payment in lieu of expenses, shall on and after January \ufb01rst, nineteen hundred eighty-one not be eligible to receive\nsuch payment and shall instead receive, and of\ufb01cers holding positions indicated in Executive Law",
  "metadata": {
    "site_url": "https://www.nysenate.gov/legislation/laws/STF/109",
    "code_title": "New York State Finance Law",
    "section_number": "\u00a7 109"
  }
}