{
  "text": "N.Y. State Finance Law Section 214\nEstablishment and purpose\nlinked deposit program authorization\nThe excelsior linked deposit program is hereby created. The purpose of the program is to encourage and assist eligible businesses within the state to\nundertake eligible projects that will materially contribute to improving their performance and competitiveness. The comptroller is hereby authorized to\nuse any moneys of the state the comptroller is authorized to invest pursuant to",
  "metadata": {
    "site_url": "https://www.nysenate.gov/legislation/laws/STF/214",
    "code_title": "New York State Finance Law",
    "section_number": "\u00a7 214"
  }
}