{
  "text": "N.Y. State Finance Law Section 66-K\nCerti\ufb01cates of participation\nreallocation requirements\n1.\nThis section shall not apply to appropriations made to units of the state university or the city university of New York.\n2.\nIn those cases where funds have been appropriated to a state department or agency for the outright purchase of equipment, and when with the approval\nof the director of the budget and the state comptroller, a contract is entered into for the lease purchase or installment purchase of equipment and the\nlease purchase or installment purchase agreement is \ufb01nanced or will be \ufb01nanced by the issuance of certi\ufb01cates of participation pursuant to this article,\nthe director of the budget shall notify the chairs of the senate \ufb01nance committee and the assembly ways and means committee of the director of the\nbudget\u2019s and the state comptroller\u2019s approval of such contract. \ue9cb\n3.\nIf the outright purchase cost of the equipment is two million dollars or more, the balance of the appropriation for the outright equipment purchase not\nnecessary to pay lease purchase or installment purchase payments in the then current \ufb01scal year for the equipment shall be unallocated by the director\nof the budget and may be reallocated by the director of the budget only in accordance with the following procedures, and subject to the following\nconditions and limitations:\n(a)\nThe chief executive of\ufb01cer of the department or agency to which the appropriation is provided, shall request allocation of the balance or portion of the\nbalance by providing a statement to the director of the budget and the chairs of the senate \ufb01nance committee and the assembly ways and means\ncommittee certifying to the following (i) the amount of the requested allocation, (ii) the purpose of the allocation, and\n(iii)\nthe necessary nature of the expenditures.\n(b)\nThe director of the budget may allocate the monies requested only after receiving noti\ufb01cation of approval for the allocation from the chairs of the\nsenate \ufb01nance committee and the assembly ways and means committee.\n4.\nIf the outright purchase cost of the equipment is less than two million dollars, the balance of the appropriation for the outright equipment purchase not\nnecessary to pay lease purchase or installment purchase payments in the then current \ufb01scal year for the equipment may be reallocated by the director\nof the budget with noti\ufb01cation as soon as practicable after such reallocation to the chairs of the senate \ufb01nance committee and the assembly ways and\nmeans committee of the purpose of the expenditures for which the allocation is made.\nSource: Section 66-K \u2014 Certificates of participation; reallocation requirements, https://www. nysenate. gov/legislation/laws/STF/66-K\n(updated Sep. 22, 2014; accessed Apr. 19, 2025).\n66\u2013A\nRestriction on issuance of certi\ufb01cates of participation 66\u2013B\nIssuance of certi\ufb01cates of participation 66\u2013C\nCerti\ufb01cates of participation not debt 66\u2013D\nAnnual ceiling on certi\ufb01cates of participation 66\u2013E\nRestrictions on the use of certi\ufb01cates of participation for real property 66\u2013F\nCertain interagency transfers authorized 66\u2013G\nIndemni\ufb01cation 66\u2013H\nRestriction on sale in the event of nonappropriation 66\u2013J\nAnnual report 66\u2013K\nCerti\ufb01cates of participation 66\u2013L\nCerti\ufb01cates of participation executed and delivered by the state of New York bond bank agency on behalf of a political subdivision\nUp to date\nAccessed:\nApr. 19, 2025\nLast modified:\nSep. 22, 2014\n\u00a7 66-K\u2019s source at nysenate .gov\nLink Style\n Pragmatic\n Pedantic\nStay Connected\nJoin thousands of people who receive monthly site updates.\nSubscribe\n \n \n \nGet Legal Help\nThe New York State Bar Association runs a service for \ufb01nding an attorney in good standing. Initial consultations are usually free or discounted:\nLawyer Referral Service\nCommitted to Public Service\nWe will always provide free access to the current law. In addition, we provide special support for non-pro\ufb01t, educational, and government users.\nThrough social entre pre neurship, we\u2019re lowering the cost of legal services and increasing citizen access.\nNavigate\nFind a Lawyer\nBlog\nAbout Us\nContact Us\nReports\nSecondary Sources\nCalifornia: Codes\nColorado: C.R.S.\nNevada:\nNRS\nNew York: Laws\nOregon:\nOAR, ORS\nTexas:\nStatutes\nWorld:\nRome Statute, International Dictionary\nLocation: https://newyork.public.law/laws/n.y._state_finance_law_section_66-k\nOriginal Source: Section 66-K \u2014 Certi\ufb01cates of participation; reallocation requirements, https://www. nysenate. gov/legislation/laws/STF/66-\nK (last ac cessed Aug. 20, 2023).\nBlank Outline Levels\n\u00d7\nThe legislature occasionally skips outline levels. For example:\n(3) A person may apply [...]\n(4)(a) A person petitioning for relief [...]\nIn this example, (3), (4), and (4)(a) are all outline levels, but (4) was omitted by its authors. It's only implied. This presents an interesting challenge\nwhen laying out the text. We've decided to display a blank section with this note, in order to aide readability.\nTrust but verify. Here is the original source for section 66-K\nDo you have an opinion about this solution? Drop us a line.\nClose\n NewYork.Public.Law \nLaws of New York\nSearch\nRemove ads\nLogin\n1. \n2. Laws\n3. State Fin. Law\n4. Art. 5-A. Certi\ufb01cates of Participation\n5.",
  "metadata": {
    "site_url": "https://www.nysenate.gov/legislation/laws/STF/66-K",
    "code_title": "New York State Finance Law",
    "section_number": "\u00a7 66-K"
  }
}