{
  "text": "N.Y. State Finance Law Section 208\nAuthorized individual retirement plans\n1.\na. The term \u201cauthorized individual retirement plan\u201d as used in this section shall mean an individual retirement plan, as de\ufb01ned in the Economic\nRecovery Tax Act of 1981 (P.L. 97-34), established and maintained by one or more \ufb01nancial organizations with which a committee established herein\nhas contracted pursuant to this section for the purposes of employee contribution by payroll deductions.\nb.\nThe term \u201c\ufb01nancial organization\u201d as used in this section shall mean an organization that is authorized to do business in the state of New York, and is\nlicensed or chartered by the state department of \ufb01nancial services, is chartered by an agency of the federal government, or is subject to the jurisdiction\nof the securities and exchange commission. \ue9cb\n2.\nThe president of the civil service commission is authorized to enter into contracts, on behalf of the state, with one or more \ufb01nancial organizations to\nprovide for authorized individual retirement plans in which employees of the state eligible to authorize payroll deductions by subdivision seven of",
  "metadata": {
    "site_url": "https://www.nysenate.gov/legislation/laws/STF/208",
    "code_title": "New York State Finance Law",
    "section_number": "\u00a7 208"
  }
}