{
  "text": "(Construction emergencies), the description shall denote the scope of\nwork of the contract and the nature of the emergency for which it was let;\n(vi)\ncontract start and end dates;\n(vii)\nthe dollar value of the contract;\n(viii)\nfor contracts subject to approval by the state comptroller, whether approved or non-approved, the date of such approval/non-approval, and if non-\napproved, the reason or reasons therefor;\n(ix)\nlife to date and \ufb01scal year expenditures against the contract and by which agencies;\n(x)\nmajor contract category, including, but not limited to, consultant, construction, equipment, grants, leases, land claim, miscellaneous services, printing,\nrepayment agreements, revenue agreements, intergovernmental agreements, and commodities;\n(xi)\nsource selection method, including \u201clowest price\u201d, \u201cbest value\u201d, sole source, single source, negotiated and/or emergency procurement;\n(xii)\nnumber of bids/proposals received by the contracting agency; and\n(xiii)\nsubtotals as deemed applicable.\nc.\nThe report required pursuant to subparagraph (iv) of paragraph a of this subdivision shall include:\n(i)\ninformation required to be reported by the contractor annually by the employment category within the contract, including the planned number of\nemployees to provide services under the contract, the planned number of hours to be worked under the contract, and the total compensation planned\nunder the contract; and\n(ii)\ninformation required to be reported by the contractor annually pursuant to paragraph g of subdivision four of this section, speci\ufb01cally, the actual\nnumber of employees, by employment category within the contract, employed to provide services under the contract, the number of hours worked and\ntotal compensation under the contract.\nd.\nFor the purposes of the report required pursuant to subparagraph (iv) of paragraph a of this subdivision, a \u201ccontract for consulting services\u201d shall mean\nany contract entered into by a state agency for analysis, evaluation, research, training, data processing, computer programming, engineering,\nenvironmental health and mental health services, accounting, auditing, paralegal, legal, or similar services. Such report shall be available for public\ninspection and copying pursuant to Public Of\ufb01cers Law",
  "metadata": {
    "site_url": "https://www.nysenate.gov/legislation/laws/STF/9",
    "code_title": "New York State Finance Law",
    "section_number": "\u00a7 9"
  }
}