{
  "text": "N.Y. State Finance Law Section 179-Q\nDe\ufb01nitions\nAs used in this article the following terms shall have the following meanings unless otherwise speci\ufb01ed:\n1.\n\u201cContract\u201d means an enforceable agreement entered into by a not-for-pro\ufb01t organization and a state agency or any agent acting for such state agency\nin the procurement process.\n2.\n\u201cContract approval process\u201d means all activities required to take place prior to the \ufb01nal execution of a contract. Such process shall include, but not be\nlimited to, the submission of program plans, the issuance of certi\ufb01cates of approval, the development and issuance of an RFP as herein de\ufb01ned or\nother bid document, review and approval of all responses to the RFP, noti\ufb01cation of a contract award, and the preparation, signing and approval of a\ncontract by all required state of\ufb01cials and the not-for-pro\ufb01t organizations. \ue9cb\n3.\n\u201cCerti\ufb01cate of approval\u201d means the document approved by the director of the budget that authorizes an agency to expend funds in accordance with",
  "metadata": {
    "site_url": "https://www.nysenate.gov/legislation/laws/STF/179-Q",
    "code_title": "New York State Finance Law",
    "section_number": "\u00a7 179-Q"
  }
}