{
  "text": "N.Y. State Finance Law Section 54-M\nLocal share requirements associated with increasing the age of juvenile jurisdiction above\n\ufb01fteen years of age\nNotwithstanding any other provision of law to the contrary, counties and the city of New York shall not be required to contribute a local share of\neligible expenditures that would not have been incurred absent the provisions of a chapter of the laws of two thousand seventeen that added this\nsection unless the most recent budget adopted by a county that is subject to the provisions of section three-c of the general municipal law exceeded the\ntax levy limit prescribed in such section or the local government is not subject to the provisions of section three-c of the general municipal law;\nprovided, however, that the state budget director shall be authorized to waive any local share of expenditures associated with a chapter of the laws of\ntwo thousand seventeen that increased the age of juvenile jurisdiction above \ufb01fteen years of age, upon a showing of \ufb01nancial hardship by a county or\nthe city of New York upon application in the form and manner prescribed by the division of the budget. In evaluating an application for a \ufb01nancial\nhardship waiver, the budget director shall consider the incremental cost to the locality related to increasing the age of juvenile jurisdiction, changes in\nstate or federal aid payments, and other extraordinary costs, including the occurrence of a disaster as de\ufb01ned in paragraph a of subdivision two of\nExecutive Law",
  "metadata": {
    "site_url": "https://www.nysenate.gov/legislation/laws/STF/54-M",
    "code_title": "New York State Finance Law",
    "section_number": "\u00a7 54-M"
  }
}