{
  "text": "(Business or professional activities by state of\ufb01cers and employees and party of\ufb01cers), any activity by a former\ngovernment employee in connection with the securing of rights, protections or bene\ufb01ts related to preparing or \ufb01ling an action under this article shall\nnot be deemed to be an appearance or practice before any agency.\n(b)\nA copy of the complaint and written disclosure of substantially all material evidence and information the person possesses shall be served on the state\npursuant to subdivision one of Civil Practice Law & Rules Law",
  "metadata": {
    "site_url": "https://www.nysenate.gov/legislation/laws/STF/73",
    "code_title": "New York State Finance Law",
    "section_number": "\u00a7 73"
  }
}