{
  "text": "(Dedicated highway and bridge trust\nfund), which shall be submitted to the comptroller at the same time as the plan is submitted to the legislature, and which shall include the following\ninformation pertaining to the dedicated highway and bridge trust fund separately stated for the last completed \ufb01scal year, the current \ufb01scal year and the\nnext \ufb01ve \ufb01scal years:\n(i)\na detailed description of all actual and projected revenues of the dedicated highway and bridge trust fund, separately stating the amount received or\nexpected to be received from bond proceeds, and the amounts, separately identi\ufb01ed, received or expected to be received from taxes, fees, transfers, or\nother sources;\n(ii)\na detailed description of actual or planned disbursements and transfers from the dedicated highway and bridge trust fund, separately stating in the\naggregate the amounts disbursed or transferred or planned to be disbursed or transferred for (A) debt service costs, (B) capital project costs, (C) state\noperations costs, (D) costs of contracts for engineering and similar or related services related to capital project costs and state operations, and (E) the\ncosts of state employees to provide similar services on projects for which service contracts are not expected to be used, and further separately stating\nthe amounts of such capital project and state operations costs disbursed or planned to be disbursed for personal service and non-personal service costs\n(f) For the preceding four \ufb01scal years and the current \ufb01scal year, the bond coverage ratio on an annual basis, including the formula used to compute\nsuch ratio and the source of that formula.\n(g)\nAn explanation of any de\ufb01cit projected for the end of any \ufb01scal year covered by the plan stating whether the projected de\ufb01cit is expected to be caused\nby an imbalance between projected revenues and projected expenditures, or by the timing of payments within a \ufb01scal year, or by other causes.\n(h)\nA detailed description of actual or proposed appropriations and reappropriations from the dedicated highway and bridge trust fund, and the actual or\nplanned disbursements pursuant to such appropriations and reappropriations.\n(i)\nAn explanation of any actions proposed to be taken to achieve increased opportunity for meaningful participation in the performance of state contracts\nby minority and women-owned business enterprises in accordance with article \ufb01fteen-A of the executive law, including a compliance report to be\nsubmitted by July \ufb01rst of each year commencing with the two thousand \ufb01ve--two thousand six \ufb01scal year and for each subsequent year thereafter that\nincludes: all the items of information required in accordance with regulations promulgated by the director of the division of minority and women\u2019s\nbusiness development in the department of economic development under article \ufb01fteen-A of the executive law; goals for participation by certi\ufb01ed\nminority or women-owned business enterprises for such \ufb01scal year; and a description of the types of expenditures, projects or contracts.\n(j)\nSuch other information as shall be necessary to present a full and accurate description of the \ufb01nancial position of the dedicated highway and bridge\ntrust fund. For the purposes of this subdivision, capital projects of less than \ufb01fty thousand dollars may be grouped into appropriate categories.\n4.\n(a) For the purposes of subdivision three of this section, the term \u201cstate agency\u201d shall mean any state department or agency, including any public\nbene\ufb01t corporation, except a public bene\ufb01t corporation whose members are appointed by the governing board or an of\ufb01cer of a county, city, town or\nvillage, or other instrumentality of the state.\n(b)\nFor the purposes of subdivision three of this section, the term \u201ccapital project\u201d as de\ufb01ned in a subdivision two-a of",
  "metadata": {
    "site_url": "https://www.nysenate.gov/legislation/laws/STF/89-B",
    "code_title": "New York State Finance Law",
    "section_number": "\u00a7 89-B"
  }
}