{
  "text": "(Purchasing services and commodities) and other competitive procurement statutes. Such exemption shall apply to commodities produced,\nmanufactured or assembled, including those repackaged to meet the form, function and utility required by state agencies, in New York state and,\nwhere so designated, services provided by those sources in accordance with this section. \ue9cb\n2.\nPreferred status. Preferred status as prescribed in this section shall be accorded to:\na.\nCommodities produced by the correctional industries program of the department of corrections and community supervision and provided to the state\npursuant to subdivision two of Correction Law",
  "metadata": {
    "site_url": "https://www.nysenate.gov/legislation/laws/STF/163",
    "code_title": "New York State Finance Law",
    "section_number": "\u00a7\n163"
  }
}